"entity_id","entity_name","entity_code","team_id","total_pitches","total_pitches","total_pitches_empty","median_seconds_empty","total_pitches_onbase","median_seconds_empty","freq_hot","freq_warm","freq_cold"
572821,"Dozier, Brian","Pit",120,9,9,4,8.376,5,8.376,1,0,0
543148,"Federowicz, Tim","Pit",140,4,4,1,8.909,3,8.909,1,0,0
467055,"Sandoval, Pablo","Pit",137,3,3,1,9.109,2,9.109,1,0,0
645801,"Ford, Mike","Pit",147,22,22,12,9.309,10,9.309,0.9545454545454546,0.045454545454545456,0
606299,"Peraza, José","Pit",113,6,6,3,9.443,3,9.443,1,0,0
608700,"Plawecki, Kevin","Pit",114,8,8,8,9.443,,9.443,1,0,0
641525,"Dixon, Brandon","Pit",116,13,13,11,9.542,2,9.542,1,0,0
593643,"Alberto, Hanser","Pit",110,10,10,4,9.676,6,9.676,1,0,0
596451,"Quinn, Roman","Pit",143,33,33,15,10.044,18,10.044,0.7878787878787878,0.21212121212121213,0
571974,"Murphy, John Ryan","Pit",144,32,32,15,10.143,17,10.143,0.9375,0.0625,0
607732,"Stallings, Jacob","Pit",134,2,2,2,10.177,,10.177,1,0,0
605361,"Martini, Nick","Pit",135,11,11,4,10.177,7,10.177,1,0,0
491696,"Sucre, Jesús","Pit",110,4,4,4,10.244,,10.244,1,0,0
502273,"Freeman, Mike","Pit",114,12,12,12,10.377,,10.377,0.9166666666666666,0.08333333333333333,0
664238,"Moore, Dylan","Pit",136,15,15,2,10.378,13,10.378,0.6,0.4,0
664034,"France, Ty","Pit",135,16,16,12,10.544,4,10.544,1,0,0
643603,"White, Tyler","Pit",119,55,55,24,10.677,31,10.677,0.9272727272727272,0.05454545454545454,0.01818181818181818
592836,"Walker, Taijuan","Pit",109,5,5,2,11.011,3,11.011,0.4,0.6,0
600858,"Arteaga, Humberto","Pit",118,11,11,9,11.144,2,11.144,1,0,0
425772,"Mathis, Jeff","Pit",140,9,9,1,11.378,8,11.378,0.8888888888888888,0.1111111111111111,0
456488,"Núñez, Eduardo","Pit",111,8,8,8,11.645,,11.645,0.75,0.25,0
541650,"Pérez, Hernán","Pit",158,24,24,14,11.645,10,11.645,0.7916666666666666,0.20833333333333334,0
608718,"Suter, Brent","Pit",158,102,102,84,11.745,18,11.745,0.696078431372549,0.29411764705882354,0.00980392156862745
435622,"Desmond, Ian","Pit",115,7,7,6,11.945,1,11.945,0.5714285714285714,0.42857142857142855,0
519222,"Romine, Austin","Pit",147,9,9,6,11.978,3,11.978,0.7777777777777778,0.2222222222222222,0
488671,"Avila, Alex","Pit",109,14,14,9,12.012,5,12.012,1,0,0
622492,"Mella, Keury","Pit",113,10,10,1,12.045,9,12.045,0.1,0.9,0
572008,"Owings, Chris","Pit",111,20,20,4,12.046,16,12.046,0.85,0.15,0
605170,"Caratini, Victor","Pit",112,16,16,14,12.112,2,12.112,1,0,0
543376,"Joseph, Caleb","Pit",109,4,4,4,12.112,,12.112,1,0,0
448602,"Reynolds, Mark","Pit",115,11,11,2,12.345,9,12.345,0.9090909090909091,0.09090909090909091,0
501303,"Adrianza, Ehire","Pit",142,11,11,5,12.346,6,12.346,0.9090909090909091,0.09090909090909091,0
642083,"Slegers, Aaron","Pit",139,14,14,7,12.346,7,12.346,0.35714285714285715,0.6428571428571429,0
621002,"Robertson, Daniel","Pit",139,2,2,1,12.412,1,12.412,1,0,0
450314,"Zobrist, Ben","Pit",112,9,9,3,12.446,6,12.446,0.8888888888888888,0.1111111111111111,0
460086,"Gordon, Alex","Pit",118,31,31,9,12.546,22,12.546,0.8709677419354839,0.12903225806451613,0
431145,"Martin, Russell","Pit",119,19,19,8,12.78,11,12.78,0.47368421052631576,0.5263157894736842,0
592859,"Wilkerson, Stevie","Pit",110,19,19,17,12.813,2,12.813,0.7894736842105263,0.21052631578947367,0
642028,"Rogers, Josh","Pit",110,129,129,87,12.88,42,12.88,0.5426356589147286,0.4573643410852713,0
571437,"Altherr, Aaron","Pit",121,9,9,5,12.947,4,12.947,0.7777777777777778,0.2222222222222222,0
489119,"Miley, Wade","Pit",117,1377,1377,928,13.08,449,13.08,0.5177923021060276,0.46695715323166304,0.015250544662309368
435079,"Kinsler, Ian","Pit",135,14,14,5,13.18,9,13.18,0.5714285714285714,0.42857142857142855,0
607455,"Banda, Anthony","Pit",139,27,27,22,13.213,5,13.213,0.6666666666666666,0.3333333333333333,0
595928,"Curtiss, John","Pit",108,24,24,8,13.28,16,13.28,0.3333333333333333,0.6666666666666666,0
658648,"Avila, Pedro","Pit",135,39,39,27,13.313,12,13.313,0.5128205128205128,0.48717948717948717,0
621052,"Reyes, Alex","Pit",138,35,35,19,13.314,16,13.314,0.45714285714285713,0.5142857142857142,0.02857142857142857
622774,"Fernández, José Manuel","Pit",116,37,37,19,13.38,18,13.38,0.5135135135135135,0.4864864864864865,0
518614,"Descalso, Daniel","Pit",112,5,5,5,13.38,,13.38,0.8,0.2,0
573009,"Mantiply, Joe","Pit",147,22,22,20,13.413,2,13.413,0.7272727272727273,0.2727272727272727,0
434778,"Morales, Kendrys","Pit",147,9,9,3,13.414,6,13.414,0.3333333333333333,0.6666666666666666,0
594951,"O'Rourke, Ryan","Pit",121,12,12,6,13.58,6,13.58,0.25,0.75,0
571927,"Matz, Steven","Pit",121,1286,1286,811,13.647,475,13.647,0.42457231726283046,0.5513219284603421,0.02410575427682737
518586,"Culberson, Charlie","Pit",144,28,28,7,13.647,21,13.647,0.5357142857142857,0.4642857142857143,0
621389,"Blach, Ty","Pit",110,237,237,139,13.68,98,13.68,0.4177215189873418,0.5738396624472574,0.008438818565400843
620446,"Urena, Richard","Pit",141,14,14,5,13.68,9,13.68,0.8571428571428571,0.07142857142857142,0.07142857142857142
656686,"Martin, Corbin","Pit",117,194,194,131,13.68,63,13.68,0.4948453608247423,0.4742268041237113,0.030927835051546393
641302,"Alexander, Tyler","Pit",116,401,401,262,13.881,139,13.881,0.4114713216957606,0.5785536159600998,0.00997506234413965
666200,"Luzardo, Jesús","Pit",133,86,86,58,13.947,28,13.947,0.4883720930232558,0.4883720930232558,0.023255813953488372
641482,"Cortes, Nestor","Pit",147,614,614,405,13.981,209,13.981,0.4153094462540717,0.5504885993485342,0.03420195439739414
517593,"Salazar, Danny","Pit",114,36,36,20,14.014,16,14.014,0.3333333333333333,0.5833333333333334,0.08333333333333333
660546,"Díaz, Yennsy","Pit",141,14,14,2,14.014,12,14.014,0.07142857142857142,0.8571428571428571,0.07142857142857142
596057,"Norris, Daniel","Pit",116,1066,1066,746,14.047,320,14.047,0.4427767354596623,0.5440900562851783,0.013133208255159476
445926,"Chavez, Jesse","Pit",140,645,645,389,14.081,256,14.081,0.3751937984496124,0.5829457364341085,0.04186046511627907
642558,"Jurado, Ariel","Pit",140,940,940,618,14.147,322,14.147,0.4106382978723404,0.5585106382978723,0.030851063829787233
641745,"Keller, Brad","Pit",118,1217,1217,803,14.148,414,14.148,0.4026294165981923,0.5653245686113394,0.03204601479046836
664045,"Eshelman, Thomas","Pit",110,289,289,190,14.181,99,14.181,0.39792387543252594,0.5743944636678201,0.02768166089965398
606131,"Perdomo, Luis","Pit",135,465,465,267,14.214,198,14.214,0.3311827956989247,0.6494623655913978,0.01935483870967742
621366,"Borucki, Ryan","Pit",141,78,78,35,14.215,43,14.215,0.2948717948717949,0.6794871794871795,0.02564102564102564
622663,"Severino, Luis","Pit",147,98,98,58,14.247,40,14.247,0.336734693877551,0.5918367346938775,0.07142857142857142
608566,"Márquez, Germán","Pit",115,1126,1126,817,14.248,309,14.248,0.43960923623445824,0.5328596802841918,0.027531083481349913
621058,"Moore, Andrew","Pit",136,38,38,30,14.314,8,14.314,0.4473684210526316,0.5526315789473685,0
622554,"Domínguez, Seranthony","Pit",143,202,202,129,14.347,73,14.347,0.3910891089108911,0.6089108910891089,0
628333,"Despaigne, Odrisamer","Pit",145,129,129,65,14.347,64,14.347,0.29457364341085274,0.6666666666666666,0.03875968992248062
650644,"Civale, Aaron","Pit",114,425,425,306,14.348,119,14.348,0.4164705882352941,0.5576470588235294,0.02588235294117647
665120,"Walsh, Jared","Pit",108,47,47,18,14.381,29,14.381,0.48936170212765956,0.5106382978723404,0
622491,"Castillo, Luis","Pit",113,1434,1434,1001,14.381,433,14.381,0.405160390516039,0.5788005578800558,0.01603905160390516
656756,"Montgomery, Jordan","Pit",147,35,35,19,14.381,16,14.381,0.37142857142857144,0.6285714285714286,0
650893,"Cabrera, Génesis","Pit",138,170,170,86,14.447,84,14.447,0.28823529411764703,0.6705882352941176,0.041176470588235294
453385,"Richard, Clayton","Pit",141,345,345,214,14.448,131,14.448,0.3739130434782609,0.6,0.02608695652173913
448801,"Davis, Chris","Pit",110,7,7,7,14.448,,14.448,0.7142857142857143,0.2857142857142857,0
519043,"Moore, Matt","Pit",116,52,52,43,14.448,9,14.448,0.4423076923076923,0.5576923076923077,0
608344,"Irvin, Cole","Pit",143,278,278,168,14.481,110,14.481,0.37410071942446044,0.6079136690647482,0.017985611510791366
474463,"Anderson, Brett","Pit",133,1232,1232,815,14.514,417,14.514,0.3814935064935065,0.6038961038961039,0.01461038961038961
642607,"Agrazal, Dario","Pit",134,530,530,358,14.515,172,14.515,0.3867924528301887,0.5754716981132075,0.03773584905660377
663465,"Allard, Kolby","Pit",140,397,397,234,14.548,163,14.548,0.3198992443324937,0.6675062972292192,0.012594458438287154
670712,"Brosseau, Mike","Pit",139,36,36,26,14.548,10,14.548,0.4166666666666667,0.5833333333333334,0
593334,"Germán, Domingo","Pit",147,990,990,708,14.548,282,14.548,0.398989898989899,0.5545454545454546,0.046464646464646465
605469,"Shepherd, Chandler","Pit",110,146,146,114,14.581,32,14.581,0.4041095890410959,0.5753424657534246,0.02054794520547945
660761,"Suarez, José","Pit",108,659,659,420,14.581,239,14.581,0.3535660091047041,0.590288315629742,0.05614567526555387
622072,"Wood, Alex","Pit",113,264,264,183,14.582,81,14.582,0.3787878787878788,0.5757575757575758,0.045454545454545456
446481,"Rodríguez, Sean","Pit",143,5,5,4,14.614,1,14.614,0.6,0.4,0
543475,"Lyles, Jordan","Pit",158,1098,1098,742,14.615,356,14.615,0.3761384335154827,0.604735883424408,0.01912568306010929
502190,"Leake, Mike","Pit",109,1342,1342,894,14.648,448,14.648,0.3710879284649776,0.5961251862891207,0.03278688524590164
676606,"Margevicius, Nick","Pit",135,432,432,306,14.681,126,14.681,0.3888888888888889,0.5902777777777778,0.020833333333333332
605498,"Suárez, Andrew","Pit",137,238,238,146,14.682,92,14.682,0.3865546218487395,0.5966386554621849,0.01680672268907563
594736,"Anderson, Cody","Pit",114,78,78,37,14.682,41,14.682,0.28205128205128205,0.717948717948718,0
607200,"Fedde, Erick","Pit",120,635,635,400,14.682,235,14.682,0.3606299212598425,0.6204724409448819,0.01889763779527559
656354,"Davis, Austin","Pit",143,182,182,100,14.715,82,14.715,0.3956043956043956,0.554945054945055,0.04945054945054945
475115,"Ross, Tyson","Pit",116,289,289,192,14.748,97,14.748,0.35986159169550175,0.6089965397923875,0.031141868512110725
650633,"King, Michael","Pit",147,22,22,12,14.749,10,14.749,0.2727272727272727,0.7272727272727273,0
591741,"Osuna, José","Pit",134,16,16,12,14.814,4,14.814,0.375,0.625,0
641154,"López, Pablo","Pit",146,798,798,521,14.814,277,14.814,0.3508771929824561,0.6165413533834586,0.03258145363408521
620982,"Pinto, Ricardo","Pit",139,19,19,13,14.815,6,14.815,0.3684210526315789,0.5789473684210527,0.05263157894736842
543548,"Milone, Tommy","Pit",136,794,794,584,14.815,210,14.815,0.3879093198992443,0.5919395465994962,0.020151133501259445
605154,"Brebbia, John","Pit",138,530,530,307,14.815,223,14.815,0.3132075471698113,0.6358490566037736,0.0509433962264151
592705,"Rumbelow, Nick","Pit",136,11,11,8,14.848,3,14.848,0.36363636363636365,0.6363636363636364,0
596001,"Junis, Jakob","Pit",118,1360,1360,864,14.848,496,14.848,0.3338235294117647,0.6316176470588235,0.03455882352941177
592767,"Smyly, Drew","Pit",143,987,987,636,14.848,351,14.848,0.3383991894630192,0.6170212765957447,0.044579533941236066
502327,"Santiago, Héctor","Pit",145,354,354,197,14.849,157,14.849,0.288135593220339,0.6440677966101694,0.06779661016949153
668676,"Plesac, Zach","Pit",114,861,861,610,14.915,251,14.915,0.3588850174216028,0.6144018583042973,0.026713124274099883
608379,"Wacha, Michael","Pit",138,999,999,653,14.915,346,14.915,0.33433433433433435,0.6296296296296297,0.036036036036036036
458924,"Venters, Jonny","Pit",120,106,106,57,14.915,49,14.915,0.27358490566037735,0.6981132075471698,0.02830188679245283
640470,"Alzolay, Adbert","Pit",112,98,98,60,14.915,38,14.915,0.3163265306122449,0.6530612244897959,0.030612244897959183
645261,"Alcantara, Sandy","Pit",146,1346,1346,879,14.915,467,14.915,0.3410104011887073,0.6181277860326895,0.04086181277860327
640455,"Manaea, Sean","Pit",133,211,211,145,14.948,66,14.948,0.36018957345971564,0.6161137440758294,0.023696682464454975
605200,"Davies, Zach","Pit",158,1328,1328,898,14.948,430,14.948,0.34262048192771083,0.634789156626506,0.022590361445783132
456387,"Feierabend, Ryan","Pit",141,36,36,21,14.948,15,14.948,0.3055555555555556,0.6666666666666666,0.027777777777777776
657141,"Yamamoto, Jordan","Pit",146,657,657,452,14.949,205,14.949,0.3531202435312024,0.6057838660578386,0.0410958904109589
613317,"Bird, Kyle","Pit",140,123,123,64,14.981,59,14.981,0.2926829268292683,0.6829268292682927,0.024390243902439025
660896,"Alcala, Jorge","Pit",142,11,11,1,14.981,10,14.981,0.09090909090909091,0.9090909090909091,0
641149,"Parsons, Wes","Pit",115,278,278,146,14.982,132,14.982,0.2697841726618705,0.7086330935251799,0.02158273381294964
519455,"Zimmermann, Jordan","Pit",116,865,865,533,14.982,332,14.982,0.3132947976878613,0.6485549132947976,0.03815028901734104
621261,"Oswalt, Corey","Pit",121,68,68,32,14.982,36,14.982,0.23529411764705882,0.75,0.014705882352941176
657024,"Swanson, Erik","Pit",136,447,447,306,14.982,141,14.982,0.348993288590604,0.6442953020134228,0.006711409395973154
467827,"Parra, Gerardo","Pit",120,15,15,4,14.982,11,14.982,0.6666666666666666,0.3333333333333333,0
571948,"Milner, Hoby","Pit",139,37,37,16,15.015,21,15.015,0.1891891891891892,0.8108108108108109,0
660813,"Graterol, Brusdar","Pit",142,61,61,46,15.015,15,15.015,0.3770491803278688,0.6229508196721312,0
605151,"Bradley, Archie","Pit",109,580,580,334,15.048,246,15.048,0.2827586206896552,0.65,0.06724137931034482
621219,"Mills, Alec","Pit",112,244,244,164,15.048,80,15.048,0.32786885245901637,0.6516393442622951,0.020491803278688523
623474,"Herget, Jimmy","Pit",113,37,37,23,15.049,14,15.049,0.2972972972972973,0.7027027027027027,0
664196,"Anderson, Tanner","Pit",133,189,189,130,15.082,59,15.082,0.3386243386243386,0.6402116402116402,0.021164021164021163
601713,"Pivetta, Nick","Pit",143,752,752,479,15.082,273,15.082,0.3390957446808511,0.6396276595744681,0.02127659574468085
605164,"Bundy, Dylan","Pit",110,1206,1206,769,15.082,437,15.082,0.31260364842454397,0.6674958540630183,0.01990049751243781
570632,"Ureña, José","Pit",146,622,622,401,15.082,221,15.082,0.32315112540192925,0.6495176848874598,0.027331189710610933
622797,"Payano, Pedro","Pit",140,202,202,123,15.082,79,15.082,0.2871287128712871,0.6584158415841584,0.054455445544554455
677976,"Dobnak, Randy","Pit",142,171,171,97,15.115,74,15.115,0.27485380116959063,0.7134502923976608,0.011695906432748537
663978,"Paddack, Chris","Pit",135,954,954,722,15.115,232,15.115,0.3689727463312369,0.6058700209643606,0.025157232704402517
669456,"Bieber, Shane","Pit",114,1430,1430,1073,15.115,357,15.115,0.36083916083916084,0.6104895104895105,0.028671328671328673
502381,"Gregerson, Luke","Pit",138,47,47,27,15.149,20,15.149,0.2765957446808511,0.6808510638297872,0.0425531914893617
642003,"Reed, Cody","Pit",113,31,31,11,15.149,20,15.149,0.22580645161290322,0.7741935483870968,0
642008,"Rhame, Jacob","Pit",121,53,53,28,15.182,25,15.182,0.3018867924528302,0.6981132075471698,0
543193,"Gagnon, Drew","Pit",121,180,180,125,15.182,55,15.182,0.3333333333333333,0.6611111111111111,0.005555555555555556
671790,"Bolaños, Ronald","Pit",135,173,173,99,15.215,74,15.215,0.2832369942196532,0.6936416184971098,0.023121387283236993
621249,"Underwood Jr., Duane","Pit",112,93,93,37,15.215,56,15.215,0.1827956989247312,0.7849462365591398,0.03225806451612903
650738,"Rosa, Adonis","Pit",147,16,16,16,15.215,,15.215,0.3125,0.6875,0
592254,"De León, José","Pit",139,35,35,17,15.215,18,15.215,0.17142857142857143,0.8,0.02857142857142857
592280,"Eades, Ryan","Pit",110,88,88,52,15.248,36,15.248,0.2840909090909091,0.7045454545454546,0.011363636363636364
670970,"Morejon, Adrian","Pit",135,63,63,25,15.282,38,15.282,0.14285714285714285,0.8571428571428571,0
519141,"Pomeranz, Drew","Pit",158,910,910,624,15.282,286,15.282,0.3142857142857143,0.6406593406593407,0.045054945054945054
673258,"Baez, Michel","Pit",135,236,236,139,15.282,97,15.282,0.2711864406779661,0.711864406779661,0.01694915254237288
593679,"Ynoa, Gabriel","Pit",110,808,808,535,15.282,273,15.282,0.3094059405940594,0.6707920792079208,0.019801980198019802
623167,"Flexen, Chris","Pit",121,127,127,64,15.315,63,15.315,0.2204724409448819,0.7559055118110236,0.023622047244094488
605463,"Scott, Tayler","Pit",110,163,163,66,15.316,97,15.316,0.19631901840490798,0.7852760736196319,0.018404907975460124
605288,"Houser, Adrian","Pit",158,862,862,575,15.316,287,15.316,0.29930394431554525,0.6879350348027842,0.012761020881670533
605156,"Brooks, Aaron","Pit",110,878,878,601,15.316,277,15.316,0.3109339407744875,0.6662870159453302,0.022779043280182234
642578,"Rodríguez, José","Pit",108,149,149,89,15.316,60,15.316,0.28187919463087246,0.6711409395973155,0.04697986577181208
571945,"Mikolas, Miles","Pit",138,1273,1273,886,15.348,387,15.348,0.32285938727415553,0.6488609583660644,0.028279654359780047
543699,"Roark, Tanner","Pit",133,1351,1351,892,15.349,459,15.349,0.2923760177646188,0.6654330125832717,0.04219096965210955
621397,"Olson, Tyler","Pit",114,270,270,135,15.349,135,15.349,0.22592592592592592,0.7555555555555555,0.018518518518518517
622608,"Senzatela, Antonio","Pit",115,1055,1055,629,15.382,426,15.382,0.2824644549763033,0.6824644549763034,0.035071090047393366
571578,"Corbin, Patrick","Pit",120,1416,1416,963,15.382,453,15.382,0.3135593220338983,0.6659604519774012,0.020480225988700564
641778,"Lauer, Eric","Pit",135,1125,1125,761,15.382,364,15.382,0.2986666666666667,0.6417777777777778,0.059555555555555556
620454,"Castillo, José","Pit",135,8,8,3,15.415,5,15.415,0.125,0.875,0
596035,"McClain, Reggie","Pit",136,171,171,102,15.416,69,15.416,0.2573099415204678,0.6842105263157895,0.05847953216374269
605182,"Clevinger, Mike","Pit",114,964,964,701,15.448,263,15.448,0.3112033195020747,0.6597510373443983,0.029045643153526972
660853,"De Los Santos, Enyel","Pit",143,80,80,59,15.449,21,15.449,0.3,0.65,0.05
630263,"Bourque, James","Pit",120,18,18,6,15.449,12,15.449,0.1111111111111111,0.8888888888888888,0
448179,"Hill, Rich","Pit",119,443,443,296,15.449,147,15.449,0.28442437923250563,0.690744920993228,0.024830699774266364
621385,"Stumpf, Daniel","Pit",116,245,245,130,15.449,115,15.449,0.22040816326530613,0.7510204081632653,0.02857142857142857
519242,"Sale, Chris","Pit",111,1140,1140,769,15.482,371,15.482,0.2912280701754386,0.6640350877192982,0.04473684210526316
626929,"Thorpe, Lewis","Pit",142,222,222,124,15.515,98,15.515,0.25225225225225223,0.7252252252252253,0.02252252252252252
592644,"Plutko, Adam","Pit",114,826,826,555,15.549,271,15.549,0.26634382566585957,0.7070217917675545,0.026634382566585957
621142,"Buttrey, Ty","Pit",108,552,552,344,15.549,208,15.549,0.27898550724637683,0.6847826086956522,0.036231884057971016
607644,"Means, John","Pit",110,1264,1264,857,15.549,407,15.549,0.29825949367088606,0.6787974683544303,0.022943037974683545
641743,"Kay, Anthony","Pit",141,105,105,71,15.582,34,15.582,0.2857142857142857,0.6952380952380952,0.01904761904761905
502239,"Cahill, Trevor","Pit",108,785,785,528,15.582,257,15.582,0.2878980891719745,0.6815286624203821,0.030573248407643312
607074,"Rodón, Carlos","Pit",145,311,311,193,15.615,118,15.615,0.2797427652733119,0.6784565916398714,0.04180064308681672
643511,"Rogers, Tyler","Pit",137,116,116,60,15.616,56,15.616,0.1810344827586207,0.8103448275862069,0.008620689655172414
607391,"Mazza, Chris","Pit",121,129,129,66,15.616,63,15.616,0.2248062015503876,0.7364341085271318,0.03875968992248062
534910,"Hahn, Jesse","Pit",118,53,53,36,15.616,17,15.616,0.20754716981132076,0.7924528301886793,0
605446,"Rodríguez, Dereck","Pit",137,792,792,537,15.649,255,15.649,0.2727272727272727,0.6931818181818182,0.03409090909090909
663567,"Lambert, Peter","Pit",115,727,727,446,15.649,281,15.649,0.2407152682255846,0.7221458046767538,0.037138927097661624
593372,"Martinez, Carlos","Pit",138,334,334,203,15.649,131,15.649,0.2694610778443114,0.6347305389221557,0.09580838323353294
598286,"Ramirez, Nick","Pit",116,600,600,353,15.649,247,15.649,0.285,0.68,0.035
446372,"Kluber, Corey","Pit",114,277,277,143,15.649,134,15.649,0.17689530685920576,0.7906137184115524,0.032490974729241874
592314,"Foltynewicz, Mike","Pit",144,866,866,583,15.649,283,15.649,0.2690531177829099,0.7043879907621247,0.026558891454965358
640464,"Stewart, Kohl","Pit",142,169,169,117,15.649,52,15.649,0.25443786982248523,0.7159763313609467,0.029585798816568046
572362,"Erlin, Robbie","Pit",135,418,418,226,15.682,192,15.682,0.23205741626794257,0.7440191387559809,0.023923444976076555
435043,"Duke, Zach","Pit",113,185,185,112,15.682,73,15.682,0.20540540540540542,0.7783783783783784,0.016216216216216217
669160,"May, Dustin","Pit",119,270,270,173,15.683,97,15.683,0.23703703703703705,0.6666666666666666,0.0962962962962963
608371,"Sims, Lucas","Pit",113,347,347,209,15.715,138,15.715,0.25936599423631124,0.7089337175792507,0.03170028818443804
621107,"Eflin, Zach","Pit",143,1169,1169,759,15.716,410,15.716,0.2446535500427716,0.7245508982035929,0.030795551753635585
663776,"Sandoval, Patrick","Pit",108,340,340,213,15.749,127,15.749,0.24411764705882352,0.7205882352941176,0.03529411764705882
571510,"Boyd, Matthew","Pit",116,1330,1330,904,15.782,426,15.782,0.2736842105263158,0.6721804511278195,0.05413533834586466
467100,"Nova, Iván","Pit",145,1322,1322,873,15.782,449,15.782,0.2579425113464448,0.6875945537065052,0.05446293494704992
448614,"Torres, Carlos","Pit",116,41,41,25,15.782,16,15.782,0.2926829268292683,0.6097560975609756,0.0975609756097561
642233,"Yardley, Eric","Pit",135,87,87,55,15.783,32,15.783,0.21839080459770116,0.7816091954022989,0
656605,"Keller, Mitch","Pit",134,303,303,181,15.783,122,15.783,0.22772277227722773,0.7392739273927392,0.033003300330033
592791,"Taillon, Jameson","Pit",134,234,234,162,15.783,72,15.783,0.2564102564102564,0.7136752136752137,0.029914529914529916
658792,"Wilkerson, Aaron","Pit",158,166,166,71,15.816,95,15.816,0.1566265060240964,0.7951807228915663,0.04819277108433735
543278,"Hardy, Blaine","Pit",116,309,309,221,15.816,88,15.816,0.34951456310679613,0.627831715210356,0.022653721682847898
656302,"Cease, Dylan","Pit",145,651,651,420,15.816,231,15.816,0.24423963133640553,0.6989247311827957,0.05683563748079877
519381,"Venditte, Pat","Pit",137,27,27,19,15.849,8,15.849,0.3333333333333333,0.6666666666666666,0
642098,"Sparkman, Glenn","Pit",118,1035,1035,675,15.849,360,15.849,0.2396135265700483,0.7227053140096619,0.03768115942028986
571735,"Hale, David","Pit",147,258,258,155,15.849,103,15.849,0.2248062015503876,0.7364341085271318,0.03875968992248062
554430,"Wheeler, Zack","Pit",121,1382,1382,870,15.849,512,15.849,0.2467438494934877,0.7192474674384949,0.03400868306801737
592468,"Kingham, Nick","Pit",141,459,459,282,15.85,177,15.85,0.2440087145969499,0.7276688453159041,0.02832244008714597
543677,"Ramsey, Matt","Pit",108,7,7,7,15.882,,15.882,0.14285714285714285,0.8571428571428571,0
668683,"Walker, Jeremy","Pit",144,83,83,49,15.883,34,15.883,0.21686746987951808,0.7469879518072289,0.03614457831325301
595191,"Eickhoff, Jerad","Pit",143,465,465,343,15.916,122,15.916,0.2903225806451613,0.6903225806451613,0.01935483870967742
606273,"Elías, Roenis","Pit",120,354,354,217,15.916,137,15.916,0.2457627118644068,0.7344632768361582,0.01977401129943503
641627,"Gott, Trevor","Pit",137,414,414,259,15.916,155,15.916,0.2318840579710145,0.7415458937198067,0.026570048309178744
571760,"Heaney, Andrew","Pit",108,760,760,520,15.949,240,15.949,0.2631578947368421,0.6907894736842105,0.046052631578947366
621244,"Berríos, José","Pit",142,1391,1391,932,15.95,459,15.95,0.2537742631200575,0.706685837526959,0.039539899352983465
570240,"Peña, Félix","Pit",108,714,714,486,15.982,228,15.982,0.24509803921568626,0.6918767507002801,0.06302521008403361
502624,"Anderson, Chase","Pit",158,1025,1025,677,15.982,348,15.982,0.2624390243902439,0.697560975609756,0.04
594987,"Sadler, Casey","Pit",119,321,321,223,15.982,98,15.982,0.27414330218068533,0.6728971962616822,0.0529595015576324
572086,"Rodgers, Brady","Pit",117,47,47,37,15.983,10,15.983,0.2765957446808511,0.723404255319149,0
621111,"Buehler, Walker","Pit",119,1242,1242,865,15.983,377,15.983,0.26811594202898553,0.7093397745571659,0.02254428341384863
592346,"González, Chi Chi","Pit",115,563,563,373,15.983,190,15.983,0.24511545293072823,0.7193605683836589,0.035523978685612786
430935,"Hamels, Cole","Pit",112,1091,1091,665,15.983,426,15.983,0.20989917506874428,0.763519706691109,0.026581118240146653
642121,"Sulser, Cole","Pit",139,62,62,50,16.016,12,16.016,0.3064516129032258,0.6935483870967742,0
593974,"Peralta, Wandy","Pit",137,287,287,183,16.016,104,16.016,0.24738675958188153,0.7247386759581882,0.027874564459930314
608648,"Duffey, Tyler","Pit",142,430,430,256,16.016,174,16.016,0.22093023255813954,0.7558139534883721,0.023255813953488372
623454,"Anderson, Drew","Pit",143,47,47,26,16.016,21,16.016,0.23404255319148937,0.7659574468085106,0
605513,"Turnbull, Spencer","Pit",116,1202,1202,741,16.016,461,16.016,0.20049916805324458,0.7687188019966722,0.030782029950083195
624133,"Suárez, Ranger","Pit",143,359,359,238,16.016,121,16.016,0.2785515320334262,0.7186629526462396,0.002785515320334262
543045,"Conley, Adam","Pit",146,437,437,250,16.016,187,16.016,0.2402745995423341,0.7208237986270023,0.038901601830663615
468504,"Chacín, Jhoulys","Pit",111,962,962,622,16.016,340,16.016,0.2286902286902287,0.7193347193347194,0.05197505197505198
643778,"Webb, Tyler","Pit",138,412,412,306,16.049,106,16.049,0.2961165048543689,0.6796116504854369,0.024271844660194174
518875,"Kelley, Shawn","Pit",140,317,317,199,16.05,118,16.05,0.24605678233438485,0.6845425867507886,0.0694006309148265
425794,"Wainwright, Adam","Pit",138,1399,1399,876,16.083,523,16.083,0.2394567548248749,0.7119370979270908,0.04860614724803431
501985,"Minor, Mike","Pit",140,1523,1523,992,16.083,531,16.083,0.21273801707156928,0.7327642810242941,0.054497701904136574
571882,"Law, Derek","Pit",141,565,565,321,16.083,244,16.083,0.21415929203539824,0.7345132743362832,0.05132743362831858
572096,"Rosenthal, Trevor","Pit",116,203,203,77,16.083,126,16.083,0.24630541871921183,0.7339901477832512,0.019704433497536946
450203,"Morton, Charlie","Pit",139,1432,1432,966,16.149,466,16.149,0.2325418994413408,0.7346368715083799,0.03282122905027933
657610,"Hildenberger, Trevor","Pit",142,147,147,62,16.149,85,16.149,0.1564625850340136,0.8027210884353742,0.04081632653061224
665001,"Kelley, Trevor","Pit",111,82,82,52,16.149,30,16.149,0.18292682926829268,0.7804878048780488,0.036585365853658534
664353,"Urquidy, José","Pit",117,341,341,237,16.15,104,16.15,0.2287390029325513,0.7419354838709677,0.02932551319648094
456501,"Cueto, Johnny","Pit",137,128,128,85,16.182,43,16.182,0.2109375,0.7578125,0.03125
592866,"Williams, Trevor","Pit",134,1036,1036,688,16.182,348,16.182,0.21814671814671815,0.722972972972973,0.05888030888030888
664139,"Gibaut, Ian","Pit",140,123,123,72,16.183,51,16.183,0.17886178861788618,0.7967479674796748,0.024390243902439025
595939,"Ellis, Chris","Pit",118,10,10,5,16.183,5,16.183,0.1,0.9,0
670950,"Richards, Trevor","Pit",139,1007,1007,695,16.183,312,16.183,0.24329692154915591,0.7070506454816285,0.04965243296921549
607231,"Gant, John","Pit",138,475,475,296,16.216,179,16.216,0.1957894736842105,0.7010526315789474,0.1031578947368421
594965,"Ponce de Leon, Daniel","Pit",138,377,377,264,16.216,113,16.216,0.19363395225464192,0.76657824933687,0.03978779840848806
608652,"Farrell, Luke","Pit",140,108,108,82,16.216,26,16.216,0.19444444444444445,0.7870370370370371,0.018518518518518517
606162,"Ramírez, Yefry","Pit",134,213,213,115,16.216,98,16.216,0.17370892018779344,0.7887323943661971,0.03755868544600939
665093,"Grotz, Zac","Pit",136,135,135,89,16.216,46,16.216,0.24444444444444444,0.725925925925926,0.02962962962962963
572143,"Smith, Burch","Pit",137,185,185,100,16.216,85,16.216,0.15135135135135136,0.8108108108108109,0.03783783783783784
656546,"Hoffman, Jeff","Pit",115,569,569,397,16.216,172,16.216,0.20913884007029876,0.7240773286467487,0.06678383128295255
605276,"Hess, David","Pit",110,621,621,423,16.217,198,16.217,0.24476650563607086,0.7214170692431562,0.033816425120772944
543101,"DeSclafani, Anthony","Pit",113,1153,1153,832,16.249,321,16.249,0.2523850823937554,0.7025151777970512,0.045099739809193407
656713,"McKay, Brendan","Pit",139,397,397,255,16.249,142,16.249,0.21914357682619648,0.7229219143576826,0.05793450881612091
594798,"deGrom, Jacob","Pit",121,1330,1330,897,16.249,433,16.249,0.22255639097744362,0.7172932330827068,0.06015037593984962
450306,"Vargas, Jason","Pit",143,1208,1208,765,16.25,443,16.25,0.16473509933774835,0.7822847682119205,0.052980132450331126
543294,"Hendricks, Kyle","Pit",112,1215,1215,871,16.25,344,16.25,0.1991769547325103,0.7728395061728395,0.027983539094650206
664180,"Hall, Matt","Pit",116,264,264,136,16.25,128,16.25,0.17803030303030304,0.8068181818181818,0.015151515151515152
608032,"Estévez, Carlos","Pit",115,551,551,319,16.25,232,16.25,0.24682395644283123,0.7041742286751361,0.04900181488203267
622446,"Rodriguez, Jefry","Pit",114,353,353,226,16.282,127,16.282,0.19830028328611898,0.7337110481586402,0.0679886685552408
461829,"González, Gio","Pit",158,694,694,481,16.282,213,16.282,0.25936599423631124,0.723342939481268,0.01729106628242075
477132,"Kershaw, Clayton","Pit",119,1084,1084,819,16.282,265,16.282,0.2785977859778598,0.6992619926199262,0.02214022140221402
541640,"Ramírez, Erasmo","Pit",111,19,19,14,16.283,5,16.283,0.15789473684210525,0.7894736842105263,0.05263157894736842
596133,"Weaver, Luke","Pit",109,490,490,331,16.283,159,16.283,0.22244897959183674,0.736734693877551,0.04081632653061224
656794,"Newcomb, Sean","Pit",144,554,554,343,16.283,211,16.283,0.2148014440433213,0.776173285198556,0.009025270758122744
670426,"Diehl, Phillip","Pit",115,58,58,38,16.283,20,16.283,0.25862068965517243,0.6551724137931034,0.08620689655172414
543521,"McHugh, Collin","Pit",117,635,635,432,16.316,203,16.316,0.2204724409448819,0.7559055118110236,0.023622047244094488
519144,"Porcello, Rick","Pit",111,1316,1316,817,16.316,499,16.316,0.2066869300911854,0.7332826747720365,0.06003039513677812
641793,"Littell, Zack","Pit",142,232,232,157,16.316,75,16.316,0.22413793103448276,0.75,0.02586206896551724
488984,"Hunter, Tommy","Pit",143,38,38,27,16.317,11,16.317,0.2894736842105263,0.7105263157894737,0
621086,"Marvel, James","Pit",134,143,143,80,16.349,63,16.349,0.16783216783216784,0.7622377622377622,0.06993006993006994
543532,"Melville, Tim","Pit",115,248,248,153,16.35,95,16.35,0.22580645161290322,0.717741935483871,0.056451612903225805
527048,"Pérez, Martín","Pit",142,1210,1210,762,16.35,448,16.35,0.23553719008264462,0.6975206611570248,0.06694214876033058
643230,"Brault, Steven","Pit",134,933,933,561,16.35,372,16.35,0.16291532690246516,0.7802786709539121,0.05680600214362272
458708,"Tomlin, Josh","Pit",144,487,487,315,16.35,172,16.35,0.20739219712525667,0.7659137577002053,0.026694045174537988
607215,"Skoglund, Eric","Pit",118,176,176,98,16.35,78,16.35,0.1590909090909091,0.8011363636363636,0.03977272727272727
450212,"Neshek, Pat","Pit",143,137,137,88,16.383,49,16.383,0.1678832116788321,0.8102189781021898,0.021897810218978103
643290,"Dunn, Justin","Pit",136,75,75,38,16.383,37,16.383,0.12,0.88,0
592804,"Thornburg, Tyler","Pit",111,183,183,111,16.416,72,16.416,0.16393442622950818,0.7814207650273224,0.0546448087431694
572140,"Skaggs, Tyler","Pit",108,645,645,450,16.416,195,16.416,0.19844961240310077,0.765891472868217,0.03565891472868217
424144,"Pérez, Oliver","Pit",114,282,282,140,16.417,142,16.417,0.1595744680851064,0.8085106382978723,0.031914893617021274
621141,"Lockett, Walker","Pit",121,173,173,123,16.417,50,16.417,0.17341040462427745,0.8034682080924855,0.023121387283236993
656954,"Sheffield, Justus","Pit",136,301,301,200,16.449,101,16.449,0.19933554817275748,0.7774086378737541,0.023255813953488372
623381,"Pannone, Thomas","Pit",141,557,557,315,16.449,242,16.449,0.15080789946140036,0.8150807899461401,0.03411131059245961
501925,"Smith, Joe","Pit",117,165,165,105,16.449,60,16.449,0.17575757575757575,0.7757575757575758,0.048484848484848485
643615,"Zeuch, T.J.","Pit",141,197,197,113,16.449,84,16.449,0.22842639593908629,0.7614213197969543,0.01015228426395939
573668,"Minaya, Juan","Pit",145,201,201,106,16.45,95,16.45,0.16417910447761194,0.8109452736318408,0.024875621890547265
592716,"Sampson, Adrian","Pit",140,880,880,576,16.45,304,16.45,0.2056818181818182,0.7397727272727272,0.05454545454545454
622694,"Hernández, Elieser","Pit",146,656,656,448,16.45,208,16.45,0.21189024390243902,0.7408536585365854,0.04725609756097561
518553,"Cishek, Steve","Pit",112,552,552,311,16.45,241,16.45,0.17572463768115942,0.7753623188405797,0.04891304347826087
605482,"Sneed, Cy","Pit",117,144,144,89,16.45,55,16.45,0.18055555555555555,0.7916666666666666,0.027777777777777776
657766,"St. John, Locke","Pit",140,66,66,37,16.45,29,16.45,0.16666666666666666,0.8333333333333334,0
572020,"Paxton, James","Pit",147,1153,1153,760,16.483,393,16.483,0.19601040763226366,0.769297484822203,0.03469210754553339
621294,"Heller, Ben","Pit",147,53,53,44,16.483,9,16.483,0.22641509433962265,0.7735849056603774,0
594902,"Lively, Ben","Pit",118,14,14,7,16.483,7,16.483,0.21428571428571427,0.7857142857142857,0
657228,"Jewell, Jake","Pit",108,183,183,119,16.484,64,16.484,0.19672131147540983,0.7923497267759563,0.01092896174863388
433587,"Hernández, Félix","Pit",136,590,590,398,16.517,192,16.517,0.21694915254237288,0.752542372881356,0.030508474576271188
453281,"LeBlanc, Wade","Pit",136,913,913,621,16.517,292,16.517,0.2212486308871851,0.7272727272727273,0.05147864184008762
647336,"Soroka, Michael","Pit",144,1151,1151,784,16.517,367,16.517,0.19200695047784536,0.7862728062554301,0.021720243266724587
502085,"Robertson, David","Pit",143,74,74,46,16.549,28,16.549,0.1891891891891892,0.7972972972972973,0.013513513513513514
476594,"Stock, Robert","Pit",135,117,117,52,16.55,65,16.55,0.1623931623931624,0.8290598290598291,0.008547008547008548
533167,"Shoemaker, Matt","Pit",141,182,182,146,16.55,36,16.55,0.1813186813186813,0.7692307692307693,0.04945054945054945
621242,"Díaz, Edwin","Pit",121,443,443,276,16.55,167,16.55,0.18961625282167044,0.7832957110609481,0.02708803611738149
625643,"López, Reynaldo","Pit",145,1421,1421,901,16.583,520,16.583,0.1864883884588318,0.7396199859254047,0.07389162561576355
664129,"Hartlieb, Geoff","Pit",134,272,272,157,16.583,115,16.583,0.16544117647058823,0.7757352941176471,0.058823529411764705
595918,"Cole, A.J.","Pit",114,196,196,123,16.583,73,16.583,0.1836734693877551,0.7755102040816326,0.04081632653061224
502171,"Cobb, Alex","Pit",110,113,113,79,16.583,34,16.583,0.17699115044247787,0.7787610619469026,0.04424778761061947
642545,"Barria, Jaime","Pit",108,749,749,521,16.583,228,16.583,0.21762349799732977,0.732977303070761,0.049399198931909215
456051,"Noesí, Hector","Pit",146,210,210,142,16.583,68,16.583,0.2,0.7380952380952381,0.06190476190476191
518693,"Freeman, Sam","Pit",108,14,14,4,16.583,10,16.583,0,1,0
592717,"Sanchez, Aaron","Pit",117,1072,1072,669,16.584,403,16.584,0.18470149253731344,0.7611940298507462,0.054104477611940295
544928,"Lyons, Tyler","Pit",147,88,88,50,16.584,38,16.584,0.19318181818181818,0.7613636363636364,0.045454545454545456
542866,"Adams, Austin","Pit",116,143,143,88,16.616,55,16.616,0.11888111888111888,0.8321678321678322,0.04895104895104895
664092,"Poppen, Sean","Pit",142,73,73,48,16.617,25,16.617,0.136986301369863,0.8493150684931506,0.0136986301369863
623354,"Zamora, Daniel","Pit",121,80,80,53,16.65,27,16.65,0.175,0.775,0.05
543901,"Weber, Ryan","Pit",111,326,326,214,16.65,112,16.65,0.18711656441717792,0.7944785276073619,0.018404907975460124
467008,"Strop, Pedro","Pit",112,316,316,215,16.683,101,16.683,0.22468354430379747,0.740506329113924,0.03481012658227848
615698,"Quantrill, Cal","Pit",135,787,787,523,16.683,264,16.683,0.20076238881829733,0.7573062261753494,0.04193138500635324
621056,"Wood, Hunter","Pit",114,330,330,187,16.683,143,16.683,0.17272727272727273,0.7818181818181819,0.045454545454545456
657277,"Webb, Logan","Pit",137,340,340,209,16.683,131,16.683,0.18529411764705883,0.7794117647058824,0.03529411764705882
457918,"Happ, J.A.","Pit",147,1253,1253,865,16.684,388,16.684,0.20510774142059057,0.74780526735834,0.047086991221069435
453192,"Miller, Andrew","Pit",138,471,471,265,16.684,206,16.684,0.16348195329087048,0.7898089171974523,0.04670912951167728
641835,"Mayza, Tim","Pit",141,405,405,237,16.716,168,16.716,0.145679012345679,0.8222222222222222,0.03209876543209877
543776,"Shuck, JB","Pit",134,7,7,4,16.716,3,16.716,0,1,0
663531,"Allen, Logan","Pit",114,194,194,121,16.717,73,16.717,0.18556701030927836,0.7938144329896907,0.020618556701030927
543037,"Cole, Gerrit","Pit",117,1474,1474,1074,16.717,400,16.717,0.1960651289009498,0.7734056987788331,0.030529172320217096
571863,"Koch, Matt","Pit",109,167,167,84,16.717,83,16.717,0.11976047904191617,0.8203592814371258,0.059880239520958084
429722,"Santana, Ervin","Pit",145,112,112,83,16.717,29,16.717,0.23214285714285715,0.7410714285714286,0.026785714285714284
453562,"Arrieta, Jake","Pit",143,1025,1025,649,16.75,376,16.75,0.19219512195121952,0.7658536585365854,0.041951219512195125
545333,"Bauer, Trevor","Pit",113,1708,1708,1176,16.75,532,16.75,0.20433255269320844,0.7459016393442623,0.049765807962529274
543022,"Chatwood, Tyler","Pit",112,613,613,398,16.783,215,16.783,0.200652528548124,0.7716150081566069,0.02773246329526917
669060,"Wilson, Bryse","Pit",144,162,162,102,16.783,60,16.783,0.22839506172839505,0.7407407407407407,0.030864197530864196
670036,"Festa, Matt","Pit",136,181,181,106,16.784,75,16.784,0.13812154696132597,0.8453038674033149,0.016574585635359115
518774,"Harvey, Matt","Pit",108,443,443,292,16.816,151,16.816,0.15575620767494355,0.801354401805869,0.04288939051918736
519096,"Otero, Dan","Pit",114,194,194,113,16.817,81,16.817,0.11855670103092783,0.865979381443299,0.015463917525773196
594835,"Gonzales, Marco","Pit",136,1485,1485,933,16.817,552,16.817,0.12727272727272726,0.8397306397306398,0.032996632996632996
594840,"Grace, Matt","Pit",120,321,321,178,16.817,143,16.817,0.16199376947040497,0.8161993769470405,0.021806853582554516
622786,"Tinoco, Jesus","Pit",115,284,284,183,16.85,101,16.85,0.1936619718309859,0.7429577464788732,0.06338028169014084
630023,"Chirinos, Yonny","Pit",139,862,862,640,16.85,222,16.85,0.20069605568445475,0.6937354988399071,0.10556844547563805
628452,"Iglesias, Raisel","Pit",113,504,504,359,16.85,145,16.85,0.16468253968253968,0.7896825396825397,0.04563492063492063
592351,"Gray, Jon","Pit",115,1048,1048,734,16.85,314,16.85,0.1650763358778626,0.7824427480916031,0.05248091603053435
621368,"Hearn, Taylor","Pit",140,20,20,3,16.883,17,16.883,0,1,0
593423,"Montas, Frankie","Pit",133,653,653,434,16.884,219,16.884,0.14854517611026033,0.7932618683001531,0.05819295558958652
592145,"Biddle, Jesse","Pit",140,312,312,146,16.917,166,16.917,0.11858974358974358,0.8365384615384616,0.04487179487179487
605347,"López, Jorge","Pit",118,963,963,604,16.917,359,16.917,0.1786085150571132,0.7663551401869159,0.055036344755970926
598271,"Johnson, Brian","Pit",111,378,378,245,16.917,133,16.917,0.16666666666666666,0.8095238095238095,0.023809523809523808
642397,"Soto, Gregory","Pit",116,514,514,277,16.917,237,16.917,0.13424124513618677,0.8346303501945526,0.0311284046692607
605541,"Wright Jr., Mike","Pit",136,255,255,119,16.917,136,16.917,0.10980392156862745,0.8117647058823529,0.0784313725490196
670167,"Schreiber, John","Pit",116,123,123,58,16.95,65,16.95,0.10569105691056911,0.8617886178861789,0.032520325203252036
493200,"Oh, Seunghwan","Pit",115,151,151,105,16.95,46,16.95,0.17218543046357615,0.8145695364238411,0.013245033112582781
543359,"Jennings, Dan","Pit",120,68,68,23,16.95,45,16.95,0.10294117647058823,0.8823529411764706,0.014705882352941176
668665,"Nogosek, Stephen","Pit",121,68,68,39,16.95,29,16.95,0.16176470588235295,0.7941176470588235,0.04411764705882353
543883,"Vincent, Nick","Pit",143,327,327,160,16.95,167,16.95,0.12538226299694188,0.8501529051987767,0.024464831804281346
607536,"Freeland, Kyle","Pit",115,816,816,503,16.951,313,16.951,0.16789215686274508,0.7806372549019608,0.051470588235294115
434671,"Sánchez, Aníbal","Pit",120,1180,1180,844,16.951,336,16.951,0.15254237288135594,0.8220338983050848,0.025423728813559324
641571,"Fillmyer, Heath","Pit",118,221,221,124,16.983,97,16.983,0.167420814479638,0.7375565610859729,0.09502262443438914
657117,"Williams, Austen","Pit",120,11,11,8,16.984,3,16.984,0.18181818181818182,0.7272727272727273,0.09090909090909091
573185,"Straily, Dan","Pit",110,444,444,256,16.984,188,16.984,0.17342342342342343,0.7612612612612613,0.06531531531531531
594577,"Mayers, Mike","Pit",138,165,165,91,16.984,74,16.984,0.19393939393939394,0.7636363636363637,0.04242424242424243
452657,"Lester, Jon","Pit",112,1431,1431,854,17.017,577,17.017,0.16911250873515024,0.7889587700908456,0.041928721174004195
573186,"Stroman, Marcus","Pit",121,1442,1442,975,17.05,467,17.05,0.14771151178918168,0.7961165048543689,0.05617198335644938
657140,"Wright, Kyle","Pit",144,172,172,102,17.05,70,17.05,0.1569767441860465,0.7906976744186046,0.05232558139534884
457754,"Edwards, Jon","Pit",114,66,66,31,17.05,35,17.05,0.09090909090909091,0.8787878787878788,0.030303030303030304
571946,"Miller, Shelby","Pit",140,376,376,207,17.051,169,17.051,0.15691489361702127,0.800531914893617,0.0425531914893617
641851,"McGowin, Kyle","Pit",120,143,143,83,17.051,60,17.051,0.16083916083916083,0.8041958041958042,0.03496503496503497
656814,"Ortiz, Luis F.","Pit",110,40,40,30,17.083,10,17.083,0.05,0.875,0.075
502748,"Peacock, Brad","Pit",117,746,746,510,17.084,236,17.084,0.1769436997319035,0.7855227882037533,0.03753351206434316
613534,"Adams, Austin","Pit",136,252,252,147,17.084,105,17.084,0.15873015873015872,0.7619047619047619,0.07936507936507936
571912,"Maile, Luke","Pit",141,19,19,15,17.084,4,17.084,0.05263157894736842,0.9473684210526315,0
672335,"Pérez, Cionel","Pit",117,80,80,67,17.117,13,17.117,0.2,0.8,0
595798,"Alaniz, R.J.","Pit",113,120,120,73,17.117,47,17.117,0.15833333333333333,0.8166666666666667,0.025
664871,"Dowdy, Kyle","Pit",140,205,205,98,17.117,107,17.117,0.08292682926829269,0.8829268292682927,0.03414634146341464
621097,"Waguespack, Jacob","Pit",141,589,589,398,17.117,191,17.117,0.16129032258064516,0.767402376910017,0.07130730050933787
641541,"Duplantier, Jon","Pit",109,318,318,170,17.117,148,17.117,0.12578616352201258,0.8207547169811321,0.05345911949685535
518452,"Bettis, Chad","Pit",115,464,464,294,17.118,170,17.118,0.19181034482758622,0.7758620689655172,0.032327586206896554
607625,"Lugo, Seth","Pit",121,614,614,408,17.15,206,17.15,0.13843648208469056,0.8029315960912052,0.05863192182410423
658791,"Huang, Wei-Chieh","Pit",140,44,44,12,17.15,32,17.15,0.022727272727272728,0.9545454545454546,0.022727272727272728
542881,"Anderson, Tyler","Pit",115,183,183,128,17.15,55,17.15,0.16393442622950818,0.7868852459016393,0.04918032786885246
656222,"Beeks, Jalen","Pit",139,820,820,473,17.151,347,17.151,0.12682926829268293,0.8426829268292683,0.03048780487804878
643493,"Pruitt, Austin","Pit",139,330,330,230,17.184,100,17.184,0.12424242424242424,0.8606060606060606,0.015151515151515152
656427,"Flaherty, Jack","Pit",138,1432,1432,1041,17.184,391,17.184,0.16759776536312848,0.7723463687150838,0.06005586592178771
607374,"Tropeano, Nick","Pit",108,133,133,77,17.184,56,17.184,0.09022556390977443,0.849624060150376,0.06015037593984962
462136,"Estrada, Marco","Pit",133,162,162,106,17.184,56,17.184,0.16666666666666666,0.8209876543209876,0.012345679012345678
656970,"Smeltzer, Devin","Pit",142,332,332,222,17.217,110,17.217,0.12951807228915663,0.8162650602409639,0.05421686746987952
606965,"Devenski, Chris","Pit",117,502,502,316,17.218,186,17.218,0.11952191235059761,0.8466135458167331,0.03386454183266932
571858,"Kline, Branden","Pit",110,332,332,210,17.218,122,17.218,0.13855421686746988,0.8403614457831325,0.02108433734939759
605240,"Fry, Jace","Pit",145,510,510,301,17.25,209,17.25,0.17647058823529413,0.8058823529411765,0.01764705882352941
489295,"Schlitter, Brian","Pit",133,60,60,33,17.25,27,17.25,0.06666666666666667,0.9333333333333333,0
476454,"Betances, Dellin","Pit",147,5,5,5,17.251,,17.251,0.2,0.8,0
641816,"Mahle, Tyler","Pit",113,1033,1033,727,17.284,306,17.284,0.16263310745401743,0.7996127783155856,0.0377541142303969
650556,"Abreu, Bryan","Pit",117,72,72,55,17.284,17,17.284,0.1111111111111111,0.8888888888888888,0
608596,"Murphy, Tom","Pit",136,15,15,12,17.284,3,17.284,0.2,0.8,0
502202,"Boxberger, Brad","Pit",118,220,220,122,17.284,98,17.284,0.08181818181818182,0.9045454545454545,0.013636363636363636
570666,"Cessa, Luis","Pit",147,592,592,367,17.284,225,17.284,0.18412162162162163,0.7804054054054054,0.03547297297297297
664285,"Valdez, Framber","Pit",117,546,546,331,17.317,215,17.317,0.11904761904761904,0.8406593406593407,0.040293040293040296
641312,"Anderson, Shaun","Pit",137,711,711,478,17.317,233,17.317,0.15049226441631505,0.8002812939521801,0.04922644163150492
605155,"Brewer, Colten","Pit",111,475,475,235,17.318,240,17.318,0.05894736842105263,0.88,0.061052631578947365
572998,"Lucas, Josh","Pit",110,135,135,82,17.35,53,17.35,0.14074074074074075,0.8,0.05925925925925926
612672,"Chen, Wei-Yin","Pit",146,505,505,327,17.351,178,17.351,0.15445544554455445,0.805940594059406,0.039603960396039604
592879,"Wojciechowski, Asher","Pit",110,667,667,436,17.351,231,17.351,0.10194902548725637,0.8395802098950524,0.05847076461769116
643478,"Palumbo, Joe","Pit",140,156,156,98,17.384,58,17.384,0.15384615384615385,0.7884615384615384,0.057692307692307696
605488,"Springs, Jeffrey","Pit",140,316,316,153,17.384,163,17.384,0.09177215189873418,0.870253164556962,0.0379746835443038
664856,"Adams, Chance","Pit",147,236,236,153,17.384,83,17.384,0.13559322033898305,0.8220338983050848,0.0423728813559322
542960,"Brach, Brad","Pit",121,444,444,280,17.384,164,17.384,0.1373873873873874,0.831081081081081,0.03153153153153153
664199,"Clarke, Taylor","Pit",109,645,645,483,17.417,162,17.417,0.12403100775193798,0.834108527131783,0.04186046511627907
668678,"Gallen, Zac","Pit",109,599,599,418,17.418,181,17.418,0.15358931552587646,0.7679465776293823,0.07846410684474124
643466,"Musgrave, Harrison","Pit",115,91,91,40,17.45,51,17.45,0.06593406593406594,0.9010989010989011,0.03296703296703297
502706,"Holland, Derek","Pit",112,668,668,407,17.451,261,17.451,0.12724550898203593,0.844311377245509,0.02844311377245509
502304,"Carpenter, David","Pit",140,31,31,6,17.451,25,17.451,0.03225806451612903,0.9032258064516129,0.06451612903225806
607192,"Glasnow, Tyler","Pit",139,434,434,326,17.517,108,17.517,0.16820276497695852,0.7995391705069125,0.03225806451612903
542947,"Bleier, Richard","Pit",110,325,325,209,17.517,116,17.517,0.07384615384615385,0.8830769230769231,0.043076923076923075
543169,"Flynn, Brian","Pit",118,224,224,124,17.517,100,17.517,0.09821428571428571,0.8883928571428571,0.013392857142857142
643327,"Godley, Zack","Pit",141,722,722,480,17.517,242,17.517,0.12326869806094183,0.8227146814404432,0.054016620498614956
605447,"Romano, Jordan","Pit",141,140,140,77,17.517,63,17.517,0.07857142857142857,0.9,0.02142857142857143
543343,"Hultzen, Danny","Pit",112,32,32,17,17.517,15,17.517,0.03125,0.9375,0.03125
607223,"Reed, AJ","Pit",145,6,6,6,17.55,,17.55,0,1,0
547888,"Tanaka, Masahiro","Pit",147,1209,1209,812,17.55,397,17.55,0.11083540115798181,0.7866004962779156,0.10256410256410256
663992,"Lovelady, Richard","Pit",118,179,179,108,17.551,71,17.551,0.10614525139664804,0.8715083798882681,0.0223463687150838
656887,"Reid-Foley, Sean","Pit",141,265,265,148,17.584,117,17.584,0.07924528301886792,0.8867924528301887,0.033962264150943396
606478,"Araújo, Pedro","Pit",110,8,8,4,17.584,4,17.584,0,1,0
572125,"Selman, Sam","Pit",137,95,95,63,17.585,32,17.585,0.09473684210526316,0.8736842105263158,0.031578947368421054
643256,"Cimber, Adam","Pit",114,352,352,194,17.585,158,17.585,0.028409090909090908,0.9545454545454546,0.017045454545454544
672773,"Luciano, Elvis","Pit",141,263,263,133,17.617,130,17.617,0.10646387832699619,0.8060836501901141,0.08745247148288973
471911,"Carrasco, Carlos","Pit",114,532,532,366,17.617,166,17.617,0.10338345864661654,0.868421052631579,0.02819548872180451
596720,"Neverauskas, Dovydas","Pit",134,93,93,38,17.618,55,17.618,0.11827956989247312,0.8602150537634409,0.021505376344086023
595465,"Winkler, Dan","Pit",144,146,146,79,17.618,67,17.618,0.0958904109589041,0.8082191780821918,0.0958904109589041
519008,"McFarland, T.J.","Pit",109,389,389,192,17.651,197,17.651,0.08226221079691516,0.8534704370179949,0.06426735218508997
656803,"Norwood, James","Pit",112,96,96,52,17.651,44,17.651,0.041666666666666664,0.9270833333333334,0.03125
472551,"Abad, Fernando","Pit",137,85,85,48,17.651,37,17.651,0.09411764705882353,0.8588235294117647,0.047058823529411764
543557,"Montgomery, Mike","Pit",118,731,731,499,17.684,232,17.684,0.12175102599179206,0.8522571819425444,0.025991792065663474
623430,"Dull, Ryan","Pit",141,120,120,54,17.685,66,17.685,0.06666666666666667,0.9083333333333333,0.025
621289,"Schultz, Jaime","Pit",119,43,43,29,17.718,14,17.718,0.06976744186046512,0.9069767441860465,0.023255813953488372
282332,"Sabathia, CC","Pit",147,806,806,532,17.718,274,17.718,0.04838709677419355,0.9205955334987593,0.031017369727047148
608716,"Steckenrider, Drew","Pit",146,112,112,105,17.718,7,17.718,0.16964285714285715,0.8214285714285714,0.008928571428571428
659275,"Lamet, Dinelson","Pit",135,551,551,357,17.718,194,17.718,0.12885662431941924,0.7912885662431942,0.07985480943738657
675916,"Karinchak, James","Pit",114,38,38,13,17.751,25,17.751,0,1,0
656271,"Burke, Brock","Pit",140,235,235,131,17.751,104,17.751,0.06808510638297872,0.8765957446808511,0.05531914893617021
657571,"Ferguson, Caleb","Pit",119,357,357,223,17.751,134,17.751,0.14285714285714285,0.7983193277310925,0.058823529411764705
592761,"Smith, Caleb","Pit",146,1143,1143,783,17.784,360,17.784,0.08398950131233596,0.8958880139982502,0.020122484689413824
605521,"Warren, Art","Pit",136,33,33,19,17.784,14,17.784,0.06060606060606061,0.9393939393939394,0
657612,"Hill, Tim","Pit",118,300,300,135,17.785,165,17.785,0.03,0.95,0.02
664157,"Bergen, Travis","Pit",137,188,188,112,17.785,76,17.785,0.14361702127659576,0.8404255319148937,0.015957446808510637
501789,"Harris, Will","Pit",117,446,446,317,17.817,129,17.817,0.04932735426008968,0.9282511210762332,0.02242152466367713
543135,"Eovaldi, Nathan","Pit",111,595,595,355,17.818,240,17.818,0.08907563025210084,0.838655462184874,0.07226890756302522
501381,"Pineda, Michael","Pit",142,907,907,640,17.818,267,17.818,0.13891951488423374,0.7772877618522602,0.08379272326350606
547179,"Lorenzen, Michael","Pit",113,577,577,382,17.851,195,17.851,0.09185441941074524,0.8804159445407279,0.02772963604852686
657053,"Toussaint, Touki","Pit",144,377,377,220,17.851,157,17.851,0.10875331564986737,0.8806366047745358,0.010610079575596816
642547,"Peralta, Freddy","Pit",158,711,711,429,17.851,282,17.851,0.1308016877637131,0.7454289732770746,0.12376933895921238
453286,"Scherzer, Max","Pit",120,1159,1159,802,17.884,357,17.884,0.12079378774805867,0.8248490077653149,0.054357204486626405
622864,"Romero, Fernando","Pit",142,126,126,77,17.884,49,17.884,0.09523809523809523,0.8809523809523809,0.023809523809523808
641712,"Hudson, Dakota","Pit",138,1359,1359,903,17.885,456,17.885,0.09786607799852833,0.833701250919794,0.0684326710816777
605479,"Smith, Josh D.","Pit",146,148,148,61,17.918,87,17.918,0.11486486486486487,0.8716216216216216,0.013513513513513514
572070,"Richards, Garrett","Pit",135,76,76,56,17.918,20,17.918,0.07894736842105263,0.8947368421052632,0.02631578947368421
622772,"Cordero, Jimmy","Pit",145,226,226,140,17.918,86,17.918,0.09292035398230089,0.8362831858407079,0.07079646017699115
669203,"Burnes, Corbin","Pit",158,373,373,255,17.918,118,17.918,0.08310991957104558,0.839142091152815,0.0777479892761394
663423,"Thornton, Trent","Pit",141,1347,1347,847,17.918,500,17.918,0.050482553823311065,0.9190794357832219,0.030438010393466965
608717,"Stratton, Chris","Pit",134,557,557,357,17.951,200,17.951,0.12028725314183124,0.8312387791741472,0.04847396768402154
571710,"Givens, Mychal","Pit",110,473,473,276,17.952,197,17.952,0.0824524312896406,0.8456659619450317,0.07188160676532769
545064,"Díaz, Jairo","Pit",115,351,351,216,17.952,135,17.952,0.09116809116809117,0.8518518518518519,0.05698005698005698
456696,"Hernandez, David","Pit",113,322,322,194,17.984,128,17.984,0.046583850931677016,0.9037267080745341,0.049689440993788817
572971,"Keuchel, Dallas","Pit",144,892,892,566,17.984,326,17.984,0.06838565022421525,0.9114349775784754,0.020179372197309416
488768,"Cashner, Andrew","Pit",111,1197,1197,763,17.985,434,17.985,0.08521303258145363,0.873015873015873,0.04177109440267335
643338,"Green, Chad","Pit",147,552,552,343,18.018,209,18.018,0.07427536231884058,0.8858695652173914,0.03985507246376811
670280,"Bednar, David","Pit",135,90,90,68,18.018,22,18.018,0.05555555555555555,0.9111111111111111,0.03333333333333333
572403,"VerHagen, Drew","Pit",116,443,443,272,18.018,171,18.018,0.10835214446952596,0.8510158013544018,0.040632054176072234
600968,"Rosario, Randy","Pit",118,90,90,54,18.018,36,18.018,0.07777777777777778,0.8888888888888888,0.03333333333333333
664062,"Gonsolin, Tony","Pit",119,315,315,216,18.018,99,18.018,0.0380952380952381,0.9142857142857143,0.047619047619047616
669270,"Kuhnel, Joel","Pit",113,71,71,45,18.018,26,18.018,0.11267605633802817,0.8591549295774648,0.028169014084507043
622065,"Young, Alex","Pit",109,612,612,445,18.018,167,18.018,0.11437908496732026,0.8382352941176471,0.04738562091503268
641755,"Kinley, Tyler","Pit",146,383,383,230,18.051,153,18.051,0.06266318537859007,0.8798955613577023,0.057441253263707574
573127,"Rosscup, Zac","Pit",119,171,171,85,18.051,86,18.051,0.07017543859649122,0.9064327485380117,0.023391812865497075
544365,"Bañuelos, Manny","Pit",145,472,472,309,18.051,163,18.051,0.0847457627118644,0.8495762711864406,0.06567796610169492
543001,"Carpenter, Ryan","Pit",116,310,310,200,18.052,110,18.052,0.0935483870967742,0.867741935483871,0.03870967741935484
434538,"Liriano, Francisco","Pit",134,497,497,290,18.084,207,18.084,0.060362173038229376,0.9014084507042254,0.03822937625754527
622075,"Almonte, Yency","Pit",115,270,270,159,18.084,111,18.084,0.04814814814814815,0.9111111111111111,0.040740740740740744
570488,"Valdez, Phillips","Pit",140,145,145,78,18.085,67,18.085,0.0896551724137931,0.8482758620689655,0.06206896551724138
456701,"Bailey, Homer","Pit",133,1240,1240,861,18.085,379,18.085,0.10887096774193548,0.8524193548387097,0.03870967741935484
605135,"Bassitt, Chris","Pit",133,1104,1104,728,18.118,376,18.118,0.10869565217391304,0.8152173913043478,0.07608695652173914
458681,"Lynn, Lance","Pit",140,1542,1542,989,18.118,553,18.118,0.08430609597924774,0.867704280155642,0.04798962386511025
614179,"Ruiz, José","Pit",145,321,321,175,18.118,146,18.118,0.0778816199376947,0.8940809968847352,0.028037383177570093
608331,"Fried, Max","Pit",144,1241,1241,858,18.118,383,18.118,0.09750201450443191,0.8186946011281225,0.08380338436744561
592789,"Syndergaard, Noah","Pit",121,1297,1297,892,18.151,405,18.151,0.029298380878951428,0.9267540478026214,0.04394757131842714
543243,"Gray, Sonny","Pit",113,1384,1384,971,18.152,413,18.152,0.08092485549132948,0.869942196531792,0.049132947976878616
605540,"Woodruff, Brandon","Pit",158,836,836,563,18.184,273,18.184,0.05980861244019139,0.9066985645933014,0.03349282296650718
592858,"Wick, Rowan","Pit",112,235,235,143,18.185,92,18.185,0.11063829787234042,0.8170212765957446,0.07234042553191489
543208,"Gaviglio, Sam","Pit",141,689,689,479,18.185,210,18.185,0.08127721335268505,0.8461538461538461,0.07256894049346879
593576,"Neris, Héctor","Pit",143,488,488,329,18.185,159,18.185,0.12090163934426229,0.8114754098360656,0.06762295081967214
670329,"Garcia, Rico","Pit",115,53,53,35,18.185,18,18.185,0.03773584905660377,0.9056603773584906,0.05660377358490566
579328,"Kikuchi, Yusei","Pit",136,1199,1199,778,18.185,421,18.185,0.09591326105087573,0.8323603002502085,0.07172643869891576
605301,"Jerez, Williams","Pit",134,85,85,46,18.185,39,18.185,0.08235294117647059,0.8470588235294118,0.07058823529411765
547943,"Ryu, Hyun Jin","Pit",119,1267,1267,901,18.185,366,18.185,0.037884767166535126,0.9100236779794791,0.05209155485398579
640462,"Puk, A.J.","Pit",133,96,96,64,18.185,32,18.185,0.03125,0.9270833333333334,0.041666666666666664
656288,"Canning, Griffin","Pit",108,725,725,504,18.218,221,18.218,0.08827586206896551,0.8496551724137931,0.06206896551724138
476451,"Hellickson, Jeremy","Pit",120,338,338,195,18.251,143,18.251,0.05621301775147929,0.893491124260355,0.05029585798816568
453172,"Hughes, Jared","Pit",143,497,497,359,18.251,138,18.251,0.14285714285714285,0.8309859154929577,0.026156941649899398
572044,"Pounders, Brooks","Pit",121,62,62,20,18.252,42,18.252,0.04838709677419355,0.9354838709677419,0.016129032258064516
407845,"Rodney, Fernando","Pit",120,393,393,249,18.285,144,18.285,0.03307888040712468,0.9414758269720102,0.02544529262086514
622253,"Tate, Dillon","Pit",110,173,173,107,18.318,66,18.318,0.046242774566473986,0.9421965317919075,0.011560693641618497
605483,"Snell, Blake","Pit",139,778,778,545,18.318,233,18.318,0.08997429305912596,0.7969151670951157,0.11311053984575835
525768,"Collins, Tim","Pit",112,76,76,47,18.318,29,18.318,0.06578947368421052,0.881578947368421,0.05263157894736842
606303,"Payamps, Joel","Pit",109,37,37,23,18.318,14,18.318,0.10810810810810811,0.8378378378378378,0.05405405405405406
596101,"Shafer, Justin","Pit",141,322,322,160,18.318,162,18.318,0.052795031055900624,0.9130434782608695,0.034161490683229816
477569,"Salas, Fernando","Pit",143,25,25,11,18.318,14,18.318,0.08,0.92,0
605260,"Guerrieri, Taylor","Pit",140,228,228,123,18.319,105,18.319,0.05701754385964912,0.8640350877192983,0.07894736842105263
606160,"Montero, Rafael","Pit",140,219,219,157,18.351,62,18.351,0.1095890410958904,0.863013698630137,0.0273972602739726
657624,"James, Josh","Pit",117,515,515,316,18.352,199,18.352,0.10679611650485436,0.8330097087378641,0.06019417475728155
664208,"Maton, Phil","Pit",114,257,257,162,18.352,95,18.352,0.03501945525291829,0.9377431906614786,0.027237354085603113
446321,"Detwiler, Ross","Pit",145,545,545,362,18.385,183,18.385,0.08623853211009175,0.8623853211009175,0.05137614678899083
519166,"Ramírez, Neil","Pit",141,188,188,115,18.385,73,18.385,0.05851063829787234,0.8936170212765957,0.047872340425531915
592102,"Allen, Cody","Pit",108,243,243,159,18.385,84,18.385,0.053497942386831275,0.8765432098765432,0.06995884773662552
643316,"Fry, Paul","Pit",110,540,540,318,18.385,222,18.385,0.04259259259259259,0.9203703703703704,0.037037037037037035
664054,"Stashak, Cody","Pit",142,141,141,85,18.418,56,18.418,0.014184397163120567,0.9361702127659575,0.04964539007092199
543734,"Rusin, Chris","Pit",115,8,8,1,18.419,7,18.419,0,0.875,0.125
429719,"Jackson, Edwin","Pit",116,599,599,389,18.419,210,18.419,0.10350584307178631,0.8230383973288815,0.07345575959933222
595881,"Beede, Tyler","Pit",137,937,937,646,18.451,291,18.451,0.06616862326574173,0.8932764140875133,0.04055496264674493
621112,"Blackburn, Paul","Pit",133,104,104,53,18.452,51,18.452,0.019230769230769232,0.8942307692307693,0.08653846153846154
518876,"Kelly, Merrill","Pit",109,1378,1378,903,18.452,475,18.452,0.04281567489114659,0.8904208998548622,0.06676342525399129
545332,"Barrett, Jake","Pit",147,37,37,19,18.485,18,18.485,0,1,0
592662,"Ray, Robbie","Pit",109,1356,1356,964,18.485,392,18.485,0.0943952802359882,0.8362831858407079,0.06932153392330384
457915,"Guerra, Javy","Pit",120,437,437,270,18.485,167,18.485,0.07093821510297482,0.9107551487414187,0.018306636155606407
542914,"Bass, Anthony","Pit",136,341,341,243,18.486,98,18.486,0.04985337243401759,0.9354838709677419,0.01466275659824047
593140,"Feliz, Michael","Pit",134,465,465,269,18.518,196,18.518,0.01935483870967742,0.9376344086021505,0.043010752688172046
606959,"Davis, Rookie","Pit",134,80,80,45,18.518,35,18.518,0.05,0.9,0.05
593958,"Rodriguez, Eduardo","Pit",111,1609,1609,988,18.518,621,18.518,0.06650093225605966,0.8346799254195152,0.09881914232442511
656945,"Scott, Tanner","Pit",110,186,186,90,18.519,96,18.519,0.03225806451612903,0.9408602150537635,0.026881720430107527
642232,"Yarbrough, Ryan","Pit",139,932,932,677,18.519,255,18.519,0.09763948497854077,0.8379828326180258,0.06437768240343347
445213,"Kintzler, Brandon","Pit",112,408,408,231,18.551,177,18.551,0.0392156862745098,0.8848039215686274,0.07598039215686274
605397,"Musgrove, Joe","Pit",134,1120,1120,768,18.552,352,18.552,0.01875,0.8919642857142858,0.08928571428571429
623470,"Newberry, Jake","Pit",118,239,239,149,18.552,90,18.552,0.02510460251046025,0.9246861924686193,0.0502092050209205
658305,"García, Edgar","Pit",143,322,322,185,18.552,137,18.552,0.12111801242236025,0.8571428571428571,0.021739130434782608
623149,"Sewald, Paul","Pit",121,160,160,101,18.585,59,18.585,0.06875,0.9125,0.01875
642226,"Wotherspoon, Matt","Pit",110,48,48,24,18.585,24,18.585,0.0625,0.9375,0
656685,"Martin, Brett","Pit",140,421,421,226,18.585,195,18.585,0.04513064133016627,0.8836104513064132,0.07125890736342043
501593,"Avilán, Luis","Pit",121,280,280,153,18.618,127,18.618,0.075,0.8785714285714286,0.04642857142857143
502593,"Petricka, Jake","Pit",158,56,56,27,18.619,29,18.619,0.017857142857142856,0.9464285714285714,0.03571428571428571
518633,"Duffy, Danny","Pit",118,971,971,615,18.619,356,18.619,0.053553038105046344,0.9165808444902163,0.029866117404737384
622795,"Méndez, Yohander","Pit",140,56,56,36,18.619,20,18.619,0.017857142857142856,0.9642857142857143,0.017857142857142856
543483,"Magill, Matt","Pit",136,386,386,252,18.651,134,18.651,0.054404145077720206,0.8937823834196891,0.05181347150259067
519076,"Nelson, Jimmy","Pit",158,220,220,121,18.652,99,18.652,0.07727272727272727,0.8954545454545455,0.02727272727272727
592826,"Velasquez, Vince","Pit",143,914,914,642,18.652,272,18.652,0.10065645514223195,0.824945295404814,0.07439824945295405
571666,"Fiers, Mike","Pit",133,1292,1292,957,18.652,335,18.652,0.06811145510835913,0.8258513931888545,0.10603715170278638
664854,"Helsley, Ryan","Pit",138,228,228,134,18.652,94,18.652,0.06140350877192982,0.8640350877192983,0.07456140350877193
656186,"Altavilla, Dan","Pit",136,106,106,58,18.652,48,18.652,0.018867924528301886,0.9433962264150944,0.03773584905660377
448281,"Doolittle, Sean","Pit",120,398,398,252,18.685,146,18.685,0.007537688442211055,0.9798994974874372,0.01256281407035176
592473,"Kolarek, Adam","Pit",119,369,369,222,18.685,147,18.685,0.037940379403794036,0.9214092140921409,0.04065040650406504
521655,"Font, Wilmer","Pit",141,686,686,435,18.685,251,18.685,0.05102040816326531,0.9169096209912536,0.03206997084548105
476589,"Warren, Adam","Pit",135,290,290,209,18.686,81,18.686,0.08275862068965517,0.8862068965517241,0.03103448275862069
605538,"Wisler, Matt","Pit",136,391,391,224,18.718,167,18.718,0.06905370843989769,0.8797953964194374,0.05115089514066496
607229,"Gsellman, Robert","Pit",121,483,483,301,18.718,182,18.718,0.09730848861283643,0.8488612836438924,0.053830227743271224
532077,"Osuna, Roberto","Pit",117,381,381,276,18.718,105,18.718,0.08661417322834646,0.8582677165354331,0.05511811023622047
641853,"McKay, David","Pit",116,237,237,142,18.718,95,18.718,0.016877637130801686,0.9282700421940928,0.05485232067510549
642770,"Guerra, Javy","Pit",135,61,61,48,18.719,13,18.719,0.11475409836065574,0.8852459016393442,0
608337,"Giolito, Lucas","Pit",145,1241,1241,850,18.719,391,18.719,0.0346494762288477,0.9202256244963739,0.045124899274778404
592426,"Jackson, Luke","Pit",144,526,526,315,18.719,211,18.719,0.06844106463878327,0.8669201520912547,0.06463878326996197
518516,"Bumgarner, Madison","Pit",137,1440,1440,966,18.719,474,18.719,0.04513888888888889,0.8916666666666667,0.06319444444444444
639373,"Bautista, Gerson","Pit",136,88,88,42,18.719,46,18.719,0.045454545454545456,0.9318181818181818,0.022727272727272728
621350,"Frare, Caleb","Pit",145,26,26,7,18.719,19,18.719,0,0.8846153846153846,0.11538461538461539
621078,"Lail, Brady","Pit",147,20,20,18,18.752,2,18.752,0.1,0.9,0
623184,"Oberg, Scott","Pit",115,397,397,254,18.752,143,18.752,0.07304785894206549,0.8614609571788413,0.0654911838790932
543606,"Odorizzi, Jake","Pit",142,1224,1224,796,18.752,428,18.752,0.06699346405228758,0.8390522875816994,0.09395424836601307
543766,"Shaw, Bryan","Pit",115,548,548,352,18.753,196,18.753,0.058394160583941604,0.8886861313868614,0.05291970802919708
444468,"Rondón, Héctor","Pit",117,432,432,284,18.785,148,18.785,0.0763888888888889,0.8680555555555556,0.05555555555555555
622766,"Díaz, Miguel","Pit",135,53,53,19,18.785,34,18.785,0,0.9245283018867925,0.07547169811320754
621295,"Wittgren, Nick","Pit",114,467,467,307,18.818,160,18.818,0.055674518201284794,0.8501070663811563,0.09421841541755889
642207,"Williams, Devin","Pit",158,109,109,57,18.852,52,18.852,0.06422018348623854,0.8348623853211009,0.10091743119266056
596071,"Peters, Dillon","Pit",108,578,578,372,18.852,206,18.852,0.02422145328719723,0.9290657439446367,0.04671280276816609
641838,"McCarthy, Kevin","Pit",118,365,365,189,18.852,176,18.852,0.0273972602739726,0.936986301369863,0.03561643835616438
501625,"Alvarez, Jose","Pit",143,415,415,226,18.852,189,18.852,0.033734939759036145,0.9325301204819277,0.033734939759036145
656725,"McRae, Alex","Pit",134,228,228,144,18.885,84,18.885,0.043859649122807015,0.9166666666666666,0.039473684210526314
621199,"Bowman, Matt","Pit",113,267,267,155,18.886,112,18.886,0.0449438202247191,0.898876404494382,0.056179775280898875
642073,"Sherfy, Jimmie","Pit",109,153,153,88,18.886,65,18.886,0.0392156862745098,0.9477124183006536,0.013071895424836602
500724,"Ramírez, JC","Pit",108,47,47,28,18.886,19,18.886,0.02127659574468085,0.9361702127659575,0.0425531914893617
548389,"Stripling, Ross","Pit",119,678,678,482,18.919,196,18.919,0.0943952802359882,0.8687315634218289,0.03687315634218289
453265,"Watson, Tony","Pit",137,348,348,215,18.919,133,18.919,0.017241379310344827,0.9367816091954023,0.04597701149425287
605452,"Ross, Joe","Pit",120,527,527,339,18.919,188,18.919,0.05313092979127135,0.8652751423149905,0.08159392789373814
592332,"Gausman, Kevin","Pit",113,649,649,420,18.919,229,18.919,0.009244992295839754,0.9614791987673343,0.029275808936825885
572193,"Tepera, Ryan","Pit",141,142,142,86,18.952,56,18.952,0,0.9436619718309859,0.056338028169014086
596043,"Mengden, Daniel","Pit",133,511,511,321,18.952,190,18.952,0.04500978473581213,0.8962818003913894,0.05870841487279843
605501,"Tarpley, Stephen","Pit",147,249,249,151,18.952,98,18.952,0.08433734939759036,0.8594377510040161,0.05622489959839357
656322,"Coonrod, Sam","Pit",137,199,199,127,18.952,72,18.952,0.04020100502512563,0.9296482412060302,0.03015075376884422
669214,"Menez, Conner","Pit",137,153,153,110,18.952,43,18.952,0.0196078431372549,0.9803921568627451,0
642528,"Loáisiga, Jonathan","Pit",147,275,275,164,18.953,111,18.953,0.03636363636363636,0.9309090909090909,0.03272727272727273
502188,"Samardzija, Jeff","Pit",137,1390,1390,966,18.953,424,18.953,0.04316546762589928,0.9215827338129496,0.03525179856115108
593833,"Suero, Wander","Pit",120,517,517,341,18.953,176,18.953,0.017408123791102514,0.9574468085106383,0.025145067698259187
600887,"Del Pozo, Miguel","Pit",108,77,77,56,18.953,21,18.953,0.06493506493506493,0.8571428571428571,0.07792207792207792
628711,"Urías, Julio","Pit",119,565,565,392,18.985,173,18.985,0.061946902654867256,0.8601769911504424,0.07787610619469026
656977,"Sobotka, Chad","Pit",144,237,237,127,18.985,110,18.985,0.012658227848101266,0.9113924050632911,0.0759493670886076
597113,"Johnson, DJ","Pit",115,212,212,130,18.986,82,18.986,0.014150943396226415,0.9292452830188679,0.05660377358490566
662253,"Muñoz, Andrés","Pit",135,181,181,113,19.019,68,19.019,0.0718232044198895,0.9171270718232044,0.011049723756906077
501817,"Barnette, Tony","Pit",112,17,17,7,19.053,10,19.053,0,1,0
488748,"Buchter, Ryan","Pit",133,359,359,206,19.053,153,19.053,0.03064066852367688,0.7966573816155988,0.17270194986072424
612434,"Castro, Miguel","Pit",110,571,571,296,19.085,275,19.085,0.02626970227670753,0.9246935201401051,0.04903677758318739
595897,"Burdi, Nick","Pit",134,66,66,35,19.086,31,19.086,0.015151515151515152,0.9545454545454546,0.030303030303030304
453214,"Wright, Steven","Pit",111,48,48,26,19.086,22,19.086,0,0.7708333333333334,0.22916666666666666
500779,"Quintana, Jose","Pit",112,1293,1293,836,19.086,457,19.086,0.07424593967517401,0.8592420726991493,0.06651198762567673
594311,"Gustave, Jandel","Pit",137,151,151,91,19.119,60,19.119,0.0728476821192053,0.8675496688741722,0.059602649006622516
593144,"Rodríguez, Richard","Pit",134,522,522,298,19.119,224,19.119,0.08620689655172414,0.8295019157088123,0.0842911877394636
628317,"Maeda, Kenta","Pit",119,1084,1084,751,19.119,333,19.119,0.04059040590405904,0.8634686346863468,0.0959409594095941
673633,"Hirano, Yoshihisa","Pit",109,393,393,223,19.119,170,19.119,0.03307888040712468,0.8524173027989822,0.11450381679389313
518397,"Alexander, Scott","Pit",119,129,129,94,19.119,35,19.119,0.031007751937984496,0.9612403100775194,0.007751937984496124
592094,"Adam, Jason","Pit",141,185,185,102,19.185,83,19.185,0.02702702702702703,0.9135135135135135,0.05945945945945946
642701,"Santana, Dennis","Pit",119,43,43,23,19.186,20,19.186,0.046511627906976744,0.9302325581395349,0.023255813953488372
607352,"Biagini, Joe","Pit",117,504,504,355,19.219,149,19.219,0.021825396825396824,0.9146825396825397,0.06349206349206349
606625,"Moronta, Reyes","Pit",137,486,486,248,19.22,238,19.22,0.043209876543209874,0.897119341563786,0.059670781893004114
607237,"Garrett, Amir","Pit",113,419,419,279,19.252,140,19.252,0.00954653937947494,0.9498806682577565,0.0405727923627685
643354,"Hart, Donnie","Pit",121,52,52,34,19.286,18,19.286,0,0.9807692307692307,0.019230769230769232
642100,"Speier, Gabe","Pit",118,71,71,57,19.286,14,19.286,0,0.9436619718309859,0.056338028169014086
592779,"Stewart, Brock","Pit",141,219,219,128,19.319,91,19.319,0.0502283105022831,0.8584474885844748,0.091324200913242
623913,"Wang, Wei-Chung","Pit",134,244,244,135,19.319,109,19.319,0.012295081967213115,0.9016393442622951,0.0860655737704918
605195,"Crick, Kyle","Pit",134,435,435,273,19.319,162,19.319,0.02528735632183908,0.9011494252873563,0.0735632183908046
502578,"Barrett, Aaron","Pit",120,38,38,11,19.319,27,19.319,0,0.9473684210526315,0.05263157894736842
592169,"Brice, Austin","Pit",146,375,375,222,19.352,153,19.352,0.008,0.9413333333333334,0.050666666666666665
664126,"Fairbanks, Pete","Pit",139,164,164,91,19.353,73,19.353,0.012195121951219513,0.9573170731707317,0.03048780487804878
667498,"Dugger, Robert","Pit",146,259,259,164,19.353,95,19.353,0.05019305019305019,0.8571428571428571,0.09266409266409266
605525,"Wendelken, J.B.","Pit",133,210,210,132,19.353,78,19.353,0.004761904761904762,0.9142857142857143,0.08095238095238096
519151,"Pressly, Ryan","Pit",117,334,334,229,19.386,105,19.386,0,0.9670658682634731,0.03293413173652695
584171,"Velázquez, Hector","Pit",111,435,435,289,19.386,146,19.386,0.01839080459770115,0.9379310344827586,0.04367816091954023
425844,"Greinke, Zack","Pit",117,1482,1482,1047,19.386,435,19.386,0.037786774628879895,0.918353576248313,0.043859649122807015
670456,"Hammer, JD","Pit",143,165,165,106,19.386,59,19.386,0.04242424242424243,0.9151515151515152,0.04242424242424243
663432,"Rainey, Tanner","Pit",120,389,389,247,19.386,142,19.386,0,0.9897172236503856,0.010282776349614395
641341,"Bashlor, Tyler","Pit",121,180,180,109,19.419,71,19.419,0.027777777777777776,0.9111111111111111,0.06111111111111111
657566,"DuRapau, Montana","Pit",134,148,148,68,19.419,80,19.419,0.006756756756756757,0.8581081081081081,0.13513513513513514
504379,"Nicasio, Juan","Pit",143,362,362,233,19.419,129,19.419,0.10220994475138122,0.7458563535911602,0.15193370165745856
591693,"Ramos, Edubray","Pit",143,131,131,77,19.419,54,19.419,0.061068702290076333,0.8702290076335878,0.06870229007633588
607219,"Romano, Sal","Pit",113,126,126,73,19.419,53,19.419,0.16666666666666666,0.8095238095238095,0.023809523809523808
543903,"Webster, Allen","Pit",112,59,59,24,19.42,35,19.42,0.05084745762711865,0.9152542372881356,0.03389830508474576
664042,"Lakins Sr., Travis","Pit",111,191,191,116,19.452,75,19.452,0.07329842931937172,0.8638743455497382,0.06282722513089005
575070,"Franco, Enderson","Pit",137,36,36,31,19.452,5,19.452,0.05555555555555555,0.8888888888888888,0.05555555555555555
518858,"Jones, Nate","Pit",145,95,95,57,19.453,38,19.453,0.05263157894736842,0.8315789473684211,0.11578947368421053
475479,"Phelps, David","Pit",112,308,308,164,19.486,144,19.486,0.06818181818181818,0.7727272727272727,0.1590909090909091
607481,"Bummer, Aaron","Pit",145,478,478,271,19.519,207,19.519,0.03556485355648536,0.9184100418410042,0.04602510460251046
657585,"Garrett, Reed","Pit",116,151,151,72,19.52,79,19.52,0.026490066225165563,0.9668874172185431,0.006622516556291391
571539,"Carasiti, Matt","Pit",136,90,90,43,19.553,47,19.553,0.022222222222222223,0.6888888888888889,0.28888888888888886
643617,"Reininger, Zac","Pit",116,256,256,147,19.553,109,19.553,0.00390625,0.9453125,0.05078125
608723,"Voth, Austin","Pit",120,304,304,226,19.586,78,19.586,0.013157894736842105,0.9572368421052632,0.029605263157894735
605143,"Black, Ray","Pit",158,118,118,89,19.587,29,19.587,0.00847457627118644,0.9491525423728814,0.0423728813559322
592865,"Williams, Taylor","Pit",158,111,111,65,19.619,46,19.619,0.036036036036036036,0.9369369369369369,0.02702702702702703
434378,"Verlander, Justin","Pit",117,1362,1362,1042,19.62,320,19.62,0.024963289280469897,0.919970631424376,0.05506607929515418
453343,"Melancon, Mark","Pit",144,509,509,303,19.62,206,19.62,0.019646365422396856,0.8388998035363457,0.14145383104125736
594986,"Ryan, Kyle","Pit",112,502,502,312,19.62,190,19.62,0.00597609561752988,0.9462151394422311,0.04780876494023904
605400,"Nola, Aaron","Pit",143,1557,1557,1068,19.653,489,19.653,0.024405908798972382,0.8709055876685935,0.10468850353243417
592233,"Crichton, Stefan","Pit",109,226,226,155,19.653,71,19.653,0,0.9778761061946902,0.022123893805309734
622092,"Zimmer, Kyle","Pit",118,182,182,95,19.653,87,19.653,0.01098901098901099,0.9010989010989011,0.08791208791208792
571917,"Markel, Parker","Pit",134,227,227,122,19.686,105,19.686,0.00881057268722467,0.9559471365638766,0.03524229074889868
458677,"Wilson, Justin","Pit",121,282,282,179,19.687,103,19.687,0.01773049645390071,0.9326241134751773,0.04964539007092199
607473,"Bradford, Chasen","Pit",136,112,112,72,19.687,40,19.687,0.008928571428571428,0.9464285714285714,0.044642857142857144
592222,"Claudio, Alex","Pit",158,450,450,265,19.687,185,19.687,0.008888888888888889,0.9466666666666667,0.044444444444444446
595001,"Smith, Josh A.","Pit",111,283,283,188,19.719,95,19.719,0.02120141342756184,0.8904593639575972,0.08833922261484099
521230,"Hendriks, Liam","Pit",133,540,540,337,19.719,203,19.719,0.024074074074074074,0.8444444444444444,0.13148148148148148
622103,"Reyes, Gerardo","Pit",135,189,189,123,19.72,66,19.72,0.015873015873015872,0.9629629629629629,0.021164021164021163
502154,"Britton, Zack","Pit",147,435,435,279,19.72,156,19.72,0.009195402298850575,0.9218390804597701,0.06896551724137931
451584,"Davis, Wade","Pit",115,361,361,222,19.753,139,19.753,0.036011080332409975,0.8781163434903048,0.08587257617728532
660494,"Armenteros, Rogelio","Pit",117,163,163,94,19.753,69,19.753,0.049079754601226995,0.9079754601226994,0.04294478527607362
572703,"Bard, Luke","Pit",108,364,364,256,19.753,108,19.753,0.03571428571428571,0.8763736263736264,0.08791208791208792
623364,"Wieck, Brad","Pit",112,280,280,180,19.819,100,19.819,0.007142857142857143,0.9678571428571429,0.025
433589,"Petit, Yusmeiro","Pit",133,521,521,352,19.82,169,19.82,0.005758157389635317,0.9500959692898272,0.044145873320537425
552640,"Kittredge, Andrew","Pit",139,336,336,217,19.853,119,19.853,0.017857142857142856,0.9226190476190477,0.05952380952380952
596112,"Stephenson, Robert","Pit",113,417,417,285,19.853,132,19.853,0.014388489208633094,0.935251798561151,0.050359712230215826
644364,"Arano, Víctor","Pit",143,26,26,22,19.853,4,19.853,0,0.9615384615384616,0.038461538461538464
605130,"Barlow, Scott","Pit",118,571,571,351,19.92,220,19.92,0.017513134851138354,0.9229422066549913,0.0595446584938704
600917,"Leclerc, José","Pit",140,599,599,347,19.92,252,19.92,0.05342237061769616,0.8363939899833055,0.11018363939899833
592454,"Kahnle, Tommy","Pit",147,422,422,268,19.953,154,19.953,0.009478672985781991,0.8696682464454977,0.12085308056872038
502042,"Archer, Chris","Pit",134,967,967,639,19.954,328,19.954,0.033092037228541885,0.8986556359875905,0.06825232678386763
543219,"Gilmartin, Sean","Pit",110,33,33,17,19.986,16,19.986,0,0.9696969696969697,0.030303030303030304
527055,"Vizcaíno, Arodys","Pit",144,28,28,15,19.987,13,19.987,0,0.9285714285714286,0.07142857142857142
594056,"Guduan, Reymin","Pit",117,55,55,42,19.987,13,19.987,0,0.9636363636363636,0.03636363636363636
592612,"Osich, Josh","Pit",145,476,476,328,19.987,148,19.987,0.031512605042016806,0.9180672268907563,0.05042016806722689
621381,"Strahm, Matt","Pit",135,778,778,502,19.987,276,19.987,0,0.9267352185089974,0.07326478149100257
459429,"McGee, Jake","Pit",115,293,293,183,19.987,110,19.987,0,0.8873720136518771,0.11262798634812286
518566,"Cole, Taylor","Pit",108,399,399,219,20.02,180,20.02,0.047619047619047616,0.8370927318295739,0.11528822055137844
572383,"Moran, Brian","Pit",146,49,49,30,20.02,19,20.02,0.04081632653061224,0.9591836734693877,0
621363,"Poche, Colin","Pit",139,338,338,210,20.02,128,20.02,0.01775147928994083,0.9289940828402367,0.05325443786982249
606167,"Mejía, Adalberto","Pit",108,285,285,161,20.02,124,20.02,0.056140350877192984,0.8421052631578947,0.10175438596491228
657097,"Webb, Jacob","Pit",144,231,231,134,20.053,97,20.053,0,0.9826839826839827,0.017316017316017316
592229,"Covey, Dylan","Pit",145,466,466,280,20.053,186,20.053,0.015021459227467811,0.8969957081545065,0.08798283261802575
554340,"García, Yimi","Pit",119,464,464,347,20.054,117,20.054,0.021551724137931036,0.9224137931034483,0.05603448275862069
453329,"Buchholz, Clay","Pit",141,442,442,282,20.087,160,20.087,0.0022624434389140274,0.9343891402714932,0.06334841628959276
656547,"Holder, Jonathan","Pit",147,304,304,212,20.087,92,20.087,0.01644736842105263,0.9243421052631579,0.05921052631578947
607572,"Howard, Sam","Pit",115,154,154,78,20.12,76,20.12,0.012987012987012988,0.935064935064935,0.05194805194805195
596027,"Maples, Dillon","Pit",112,124,124,82,20.154,42,20.154,0.016129032258064516,0.9112903225806451,0.07258064516129033
571670,"Floro, Dylan","Pit",119,304,304,186,20.154,118,20.154,0.023026315789473683,0.8782894736842105,0.09868421052631579
650813,"Escobar, Luis","Pit",134,44,44,15,20.154,29,20.154,0.045454545454545456,0.8636363636363636,0.09090909090909091
542585,"Cisnero, José","Pit",116,275,275,130,20.186,145,20.186,0.01090909090909091,0.9454545454545454,0.04363636363636364
518468,"Blazek, Michael","Pit",120,47,47,18,20.187,29,20.187,0,0.8297872340425532,0.1702127659574468
544931,"Strasburg, Stephen","Pit",120,1548,1548,1131,20.187,417,20.187,0.010981912144702842,0.9315245478036176,0.05749354005167959
596074,"Poyner, Bobby","Pit",111,105,105,77,20.187,28,20.187,0.02857142857142857,0.9142857142857143,0.05714285714285714
656257,"Brigham, Jeff","Pit",146,304,304,201,20.22,103,20.22,0.046052631578947366,0.9078947368421053,0.046052631578947366
571656,"Farmer, Buck","Pit",116,520,520,299,20.221,221,20.221,0.0057692307692307696,0.9442307692307692,0.05
519443,"Workman, Brandon","Pit",111,625,625,395,20.253,230,20.253,0.0272,0.8688,0.104
501992,"Karns, Nate","Pit",110,42,42,24,20.254,18,20.254,0,0.9285714285714286,0.07142857142857142
622259,"Wingenter, Trey","Pit",135,406,406,276,20.287,130,20.287,0.0024630541871921183,0.9236453201970444,0.07389162561576355
458584,"Cedeño, Xavier","Pit",112,20,20,17,20.287,3,20.287,0,1,0
571901,"Loup, Aaron","Pit",135,22,22,8,20.32,14,20.32,0,1,0
660623,"Ynoa, Huascar","Pit",144,31,31,12,20.32,19,20.32,0.03225806451612903,0.967741935483871,0
640451,"Harvey, Hunter","Pit",110,62,62,44,20.321,18,20.321,0,0.9354838709677419,0.06451612903225806
607555,"Guilbeau, Taylor","Pit",136,96,96,57,20.321,39,20.321,0.010416666666666666,0.9479166666666666,0.041666666666666664
605388,"Morgan, Adam","Pit",143,194,194,134,20.321,60,20.321,0.020618556701030927,0.9690721649484536,0.010309278350515464
642231,"Yacabonis, Jimmy","Pit",110,385,385,233,20.387,152,20.387,0.015584415584415584,0.9038961038961039,0.08051948051948052
542888,"Armstrong, Shawn","Pit",110,488,488,247,20.387,241,20.387,0,0.9344262295081968,0.06557377049180328
607188,"Faria, Jake","Pit",158,190,190,104,20.387,86,20.387,0.031578947368421054,0.8894736842105263,0.07894736842105263
642840,"Harvey, Joe","Pit",115,165,165,80,20.42,85,20.42,0.012121212121212121,0.9393939393939394,0.048484848484848485
503449,"Peralta, Wily","Pit",118,310,310,154,20.42,156,20.42,0.025806451612903226,0.8419354838709677,0.13225806451612904
641729,"Jiménez, Joe","Pit",116,464,464,328,20.42,136,20.42,0.0021551724137931034,0.9655172413793104,0.032327586206896554
542882,"Andriese, Matt","Pit",109,531,531,321,20.454,210,20.454,0.022598870056497175,0.7457627118644068,0.23163841807909605
450172,"Volquez, Edinson","Pit",140,148,148,85,20.454,63,20.454,0.02702702702702703,0.831081081081081,0.14189189189189189
456034,"Price, David","Pit",111,847,847,507,20.487,340,20.487,0.02243211334120425,0.79456906729634,0.18299881936245574
594795,"Dayton, Grant","Pit",144,89,89,55,20.487,34,20.487,0,0.9662921348314607,0.033707865168539325
608328,"De Jong, Chase","Pit",142,22,22,5,20.487,17,20.487,0,0.9545454545454546,0.045454545454545456
606149,"Gallegos, Giovanny","Pit",138,484,484,333,20.487,151,20.487,0.008264462809917356,0.9338842975206612,0.05785123966942149
445197,"Dunn, Mike","Pit",115,135,135,73,20.521,62,20.521,0,0.9407407407407408,0.05925925925925926
661255,"López, Yoan","Pit",109,399,399,274,20.521,125,20.521,0.010025062656641603,0.9072681704260651,0.08270676691729323
518617,"Diekman, Jake","Pit",133,532,532,274,20.521,258,20.521,0.0037593984962406013,0.8759398496240601,0.12030075187969924
642546,"Hernández, Jonathan","Pit",140,172,172,91,20.554,81,20.554,0.06395348837209303,0.877906976744186,0.05813953488372093
606424,"García, Jarlín","Pit",146,349,349,225,20.587,124,20.587,0.03151862464183381,0.8997134670487106,0.06876790830945559
592741,"Shreve, Chasen","Pit",138,18,18,15,20.587,3,20.587,0,0.9444444444444444,0.05555555555555555
642152,"Trivino, Lou","Pit",133,390,390,214,20.587,176,20.587,0,0.9,0.1
542953,"Boshers, Buddy","Pit",141,183,183,93,20.588,90,20.588,0,0.912568306010929,0.08743169398907104
623439,"Garton, Ryan","Pit",136,31,31,24,20.588,7,20.588,0,0.9354838709677419,0.06451612903225806
592712,"Sadzeck, Connor","Pit",136,199,199,108,20.654,91,20.654,0,0.9045226130653267,0.09547738693467336
650895,"Castillo, Diego","Pit",139,524,524,330,20.654,194,20.654,0.0019083969465648854,0.9370229007633588,0.061068702290076333
598287,"Ramirez, Noé","Pit",108,532,532,349,20.654,183,20.654,0.0018796992481203006,0.9210526315789473,0.07706766917293233
641438,"Carle, Shane","Pit",144,73,73,44,20.721,29,20.721,0,0.9452054794520548,0.0547945205479452
502026,"Jeffress, Jeremy","Pit",158,387,387,246,20.754,141,20.754,0.002583979328165375,0.9328165374677002,0.06459948320413436
527054,"Teheran, Julio","Pit",144,1425,1425,935,20.787,490,20.787,0.01263157894736842,0.8750877192982456,0.11228070175438597
502043,"Gibson, Kyle","Pit",142,1211,1211,782,20.788,429,20.788,0.02477291494632535,0.8637489677952106,0.11147811725846409
656464,"Ginkel, Kevin","Pit",109,174,174,111,20.788,63,20.788,0.011494252873563218,0.8908045977011494,0.09770114942528736
664918,"Keller, Kyle","Pit",146,86,86,53,20.821,33,20.821,0,0.9534883720930233,0.046511627906976744
489334,"Stammen, Craig","Pit",135,581,581,370,20.854,211,20.854,0.0051635111876075735,0.8502581755593803,0.14457831325301204
608638,"Chargois, JT","Pit",119,126,126,88,20.855,38,20.855,0,0.9603174603174603,0.03968253968253968
461325,"Clippard, Tyler","Pit",114,410,410,294,20.887,116,20.887,0,0.875609756097561,0.12439024390243902
622250,"Sborz, Josh","Pit",119,80,80,60,20.887,20,20.887,0,1,0
491646,"Gómez, Jeanmar","Pit",140,130,130,68,20.92,62,20.92,0.015384615384615385,0.9,0.08461538461538462
461872,"Swarzak, Anthony","Pit",144,450,450,298,20.921,152,20.921,0.02666666666666667,0.8844444444444445,0.08888888888888889
623402,"Peterson, Tim","Pit",121,60,60,29,20.955,31,20.955,0,0.9166666666666666,0.08333333333333333
493603,"Ottavino, Adam","Pit",147,583,583,325,20.955,258,20.955,0.02058319039451115,0.823327615780446,0.15608919382504288
605177,"Chafin, Andrew","Pit",109,353,353,235,20.955,118,20.955,0.0113314447592068,0.8951841359773371,0.09348441926345609
543935,"Wilson, Alex","Pit",158,86,86,46,20.987,40,20.987,0.023255813953488372,0.8953488372093024,0.08139534883720931
650671,"Quijada, José","Pit",146,307,307,151,20.988,156,20.988,0.003257328990228013,0.9055374592833876,0.09120521172638436
592773,"Stanek, Ryne","Pit",146,562,562,400,20.988,162,20.988,0.0017793594306049821,0.9626334519572953,0.03558718861209965
623465,"Phillips, Evan","Pit",110,249,249,107,21.021,142,21.021,0,0.9116465863453815,0.08835341365461848
641871,"Middleton, Keynan","Pit",108,58,58,33,21.021,25,21.021,0.017241379310344827,0.9655172413793104,0.017241379310344827
570663,"Robles, Hansel","Pit",108,487,487,334,21.054,153,21.054,0.057494866529774126,0.7638603696098563,0.17864476386036962
573124,"Rogers, Taylor","Pit",142,504,504,327,21.055,177,21.055,0.007936507936507936,0.9246031746031746,0.06746031746031746
475054,"Roe, Chaz","Pit",139,489,489,264,21.088,225,21.088,0,0.918200408997955,0.081799591002045
448609,"Sipp, Tony","Pit",120,160,160,99,21.088,61,21.088,0.0125,0.94375,0.04375
605359,"Marshall, Evan","Pit",145,385,385,242,21.088,143,21.088,0,0.9272727272727272,0.07272727272727272
607560,"Harper, Ryne","Pit",142,374,374,213,21.121,161,21.121,0.0053475935828877,0.9197860962566845,0.0748663101604278
607457,"Barraclough, Kyle","Pit",137,331,331,195,21.155,136,21.155,0.00906344410876133,0.8821752265861027,0.10876132930513595
592815,"Tuivailala, Sam","Pit",136,196,196,128,21.188,68,21.188,0,0.9132653061224489,0.08673469387755102
519293,"Smith, Will","Pit",137,482,482,341,21.221,141,21.221,0,0.9522821576763485,0.04771784232365145
605441,"Ríos, Yacksel","Pit",134,89,89,40,21.221,49,21.221,0,0.9550561797752809,0.0449438202247191
605280,"Holmes, Clay","Pit",134,442,442,220,21.287,222,21.287,0.004524886877828055,0.8755656108597285,0.11990950226244344
573046,"Morin, Mike","Pit",143,287,287,187,21.388,100,21.388,0.013937282229965157,0.8780487804878049,0.10801393728222997
621114,"Burr, Ryan","Pit",145,168,168,105,21.388,63,21.388,0.005952380952380952,0.8690476190476191,0.125
594027,"Guerrero, Tayron","Pit",146,364,364,220,21.421,144,21.421,0.0027472527472527475,0.9313186813186813,0.06593406593406594
605309,"Kela, Keone","Pit",134,242,242,158,21.454,84,21.454,0.01652892561983471,0.8801652892561983,0.10330578512396695
605218,"Edwards Jr., Carl","Pit",135,144,144,87,21.454,57,21.454,0.006944444444444444,0.9444444444444444,0.04861111111111111
642067,"Shawaryn, Mike","Pit",111,200,200,117,21.455,83,21.455,0.01,0.8,0.19
489265,"Romo, Sergio","Pit",142,438,438,301,21.455,137,21.455,0.02054794520547945,0.8858447488584474,0.09360730593607305
663855,"Hicks, Jordan","Pit",138,224,224,158,21.488,66,21.488,0.004464285714285714,0.9375,0.05803571428571429
516969,"Herrera, Kelvin","Pit",145,383,383,228,21.521,155,21.521,0,0.8929503916449086,0.10704960835509138
544727,"Familia, Jeurys","Pit",121,493,493,292,21.555,201,21.555,0.016227180527383367,0.7971602434077079,0.18661257606490872
623433,"Anderson, Nick","Pit",139,423,423,276,21.588,147,21.588,0,0.8747044917257684,0.12529550827423167
543507,"May, Trevor","Pit",142,530,530,337,21.588,193,21.588,0.0018867924528301887,0.9037735849056604,0.09433962264150944
595014,"Treinen, Blake","Pit",133,419,419,230,21.589,189,21.589,0.002386634844868735,0.8711217183770883,0.12649164677804295
580792,"Goody, Nick","Pit",114,297,297,182,21.622,115,21.622,0.003367003367003367,0.9259259259259259,0.0707070707070707
465657,"Soria, Joakim","Pit",133,507,507,371,21.655,136,21.655,0.0039447731755424065,0.9250493096646942,0.07100591715976332
543118,"Drake, Oliver","Pit",139,418,418,280,21.655,138,21.655,0.0023923444976076554,0.8827751196172249,0.11483253588516747
622251,"Staumont, Josh","Pit",118,165,165,105,21.688,60,21.688,0,0.9030303030303031,0.09696969696969697
453178,"Kennedy, Ian","Pit",118,509,509,294,21.689,215,21.689,0,0.8899803536345776,0.1100196463654224
572888,"Greene, Shane","Pit",144,462,462,306,21.722,156,21.722,0.0021645021645021645,0.8679653679653679,0.12987012987012986
600986,"Vieira, Thyago","Pit",145,78,78,42,21.722,36,21.722,0.02564102564102564,0.9102564102564102,0.0641025641025641
592135,"Bedrosian, Cam","Pit",108,472,472,286,21.822,186,21.822,0,0.8728813559322034,0.1271186440677966
650382,"Hernández, Darwinzon","Pit",111,338,338,191,21.888,147,21.888,0.020710059171597635,0.9112426035502958,0.06804733727810651
572021,"Pazos, James","Pit",115,66,66,50,21.889,16,21.889,0,0.9393939393939394,0.06060606060606061
519393,"Walden, Marcus","Pit",111,538,538,342,21.922,196,21.922,0,0.912639405204461,0.08736059479553904
657031,"Taylor, Josh","Pit",111,345,345,229,21.955,116,21.955,0,0.8898550724637682,0.11014492753623188
650530,"Garcia, Bryan","Pit",116,54,54,36,21.988,18,21.988,0,0.9074074074074074,0.09259259259259259
502522,"Miller, Justin","Pit",120,140,140,106,22.022,34,22.022,0,0.9428571428571428,0.05714285714285714
608678,"Leone, Dominic","Pit",138,278,278,194,22.022,84,22.022,0,0.9424460431654677,0.05755395683453238
458006,"Albers, Matt","Pit",158,483,483,290,22.055,193,22.055,0,0.9109730848861284,0.08902691511387163
592390,"Hembree, Heath","Pit",111,327,327,197,22.056,130,22.056,0.0030581039755351682,0.8501529051987767,0.14678899082568808
592165,"Brennan, Brandon","Pit",136,318,318,189,22.089,129,22.089,0,0.8459119496855346,0.1540880503144654
624586,"Hoyt, James","Pit",114,58,58,43,22.122,15,22.122,0,0.9827586206896551,0.017241379310344827
664192,"Lucchesi, Joey","Pit",135,1185,1185,840,22.155,345,22.155,0,0.8987341772151899,0.10126582278481013
621345,"Minter, A.J.","Pit",144,245,245,145,22.155,100,22.155,0,0.8979591836734694,0.10204081632653061
500610,"Guerra, Deolis","Pit",158,3,3,1,22.222,2,22.222,0,1,0
553878,"Vázquez, Felipe","Pit",134,424,424,240,22.289,184,22.289,0.04009433962264151,0.8089622641509434,0.1509433962264151
460283,"Blevins, Jerry","Pit",144,256,256,161,22.289,95,22.289,0,0.83984375,0.16015625
543272,"Hand, Brad","Pit",114,422,422,258,22.389,164,22.389,0,0.8009478672985783,0.1990521327014218
598264,"Barnes, Matt","Pit",111,579,579,346,22.423,233,22.423,0.0017271157167530224,0.7910189982728842,0.20725388601036268
582494,"Scott, Robby","Pit",109,73,73,39,22.423,34,22.423,0,0.8493150684931506,0.1506849315068493
606930,"Barnes, Jacob","Pit",118,319,319,190,22.455,129,22.455,0,0.8463949843260188,0.1536050156739812
621592,"Jiménez, Eduardo","Pit",116,85,85,40,22.489,45,22.489,0,0.9529411764705882,0.047058823529411764
661403,"Clase, Emmanuel","Pit",140,163,163,99,22.522,64,22.522,0,0.9447852760736196,0.05521472392638037
448855,"Guerra, Junior","Pit",158,597,597,382,22.59,215,22.59,0,0.8693467336683417,0.1306532663316583
658551,"Fernández, Junior","Pit",138,95,95,46,22.59,49,22.59,0,0.8842105263157894,0.11578947368421053
621237,"Alvarado, José","Pit",139,266,266,133,22.723,133,22.723,0.015037593984962405,0.7180451127819549,0.2669172932330827
506433,"Darvish, Yu","Pit",112,1237,1237,890,22.823,347,22.823,0.018593371059013743,0.799514955537591,0.18189167340339532
472610,"García, Luis","Pit",108,459,459,254,22.889,205,22.889,0,0.7886710239651417,0.2113289760348584
518489,"Brasier, Ryan","Pit",111,377,377,258,22.89,119,22.89,0.002652519893899204,0.8779840848806366,0.11936339522546419
547973,"Chapman, Aroldis","Pit",147,436,436,234,22.922,202,22.922,0,0.8188073394495413,0.1811926605504587
608334,"Fulmer, Carson","Pit",145,233,233,118,22.923,115,22.923,0,0.8669527896995708,0.13304721030042918
455119,"Martin, Chris","Pit",144,345,345,257,22.956,88,22.956,0,0.9014492753623189,0.09855072463768116
518886,"Kimbrel, Craig","Pit",112,167,167,103,22.99,64,22.99,0,0.874251497005988,0.12574850299401197
517008,"Colomé, Alex","Pit",145,415,415,285,23.089,130,23.089,0,0.8289156626506025,0.1710843373493976
503285,"O'Day, Darren","Pit",144,36,36,23,23.09,13,23.09,0,0.8888888888888888,0.1111111111111111
520980,"Báez, Pedro","Pit",119,457,457,291,23.157,166,23.157,0,0.7986870897155361,0.2013129102844639
489446,"Yates, Kirby","Pit",135,414,414,283,23.189,131,23.189,0,0.8454106280193237,0.15458937198067632
622505,"Alcántara, Victor","Pit",116,293,293,175,23.223,118,23.223,0,0.8737201365187713,0.12627986348122866
623352,"Hader, Josh","Pit",158,420,420,273,23.424,147,23.424,0,0.8214285714285714,0.17857142857142858
453284,"Parker, Blake","Pit",143,486,486,321,23.523,165,23.523,0,0.8806584362139918,0.11934156378600823
523260,"Kelly, Joe","Pit",119,438,438,238,23.59,200,23.59,0,0.8036529680365296,0.1963470319634703
543339,"Hudson, Daniel","Pit",120,527,527,314,23.591,213,23.591,0,0.9278937381404174,0.07210626185958255
473879,"Dyson, Sam","Pit",142,372,372,263,23.724,109,23.724,0,0.8387096774193549,0.16129032258064516
571704,"Giles, Ken","Pit",141,338,338,219,23.824,119,23.824,0,0.8727810650887574,0.12721893491124261
445276,"Jansen, Kenley","Pit",119,412,412,269,23.824,143,23.824,0,0.7281553398058253,0.27184466019417475
518813,"Holland, Greg","Pit",109,276,276,201,23.824,75,23.824,0,0.8188405797101449,0.18115942028985507
519326,"Strickland, Hunter","Pit",120,157,157,99,24.357,58,24.357,0,0.7898089171974523,0.21019108280254778
518715,"Gearrin, Cory","Pit",147,416,416,243,24.424,173,24.424,0,0.8076923076923077,0.19230769230769232
543351,"Jackson, Jay","Pit",158,240,240,153,24.525,87,24.525,0,0.7291666666666666,0.2708333333333333
605121,"Anderson, Justin","Pit",108,407,407,222,24.558,185,24.558,0,0.7862407862407862,0.21375921375921375
641941,"Pagán, Emilio","Pit",139,431,431,319,24.958,112,24.958,0,0.7958236658932715,0.20417633410672853
602922,"Rondón, José","Pit",110,1,1,,,1,,0,1,0
543089,"Davis, Taylor","Pit",112,1,1,,,1,,1,0,0
607755,"Vasquez, Andrew","Pit",142,6,6,,,6,,0,0.8333333333333334,0.16666666666666666
622783,"Báez, Sandy","Pit",116,4,4,,,4,,0,1,0
545358,"Stassi, Max","Pit",108,3,3,,,3,,1,0,0
576397,"Gyorko, Jedd","Pit",119,1,1,,,1,,1,0,0