pitcher_id,avg_speed_faced_2022_opp,avg_poptime_behind_2022_opp,n_opportunities_2022
405395,26.60909090909091,2.03175,11
424144,26.741176470588236,1.9025443922857146,21
425794,27.122043010752687,2.0340048361048386,759
425844,27.033808553971486,1.901689480364185,497
425877,26.9375,2.03175,16
434378,26.85615671641791,1.907076822374539,542
434671,26.964750957854406,2.002023321119403,268
444876,27.833333333333332,1.9984791670000002,9
445276,26.935526315789474,1.9743396225419356,155
445926,27.2072,1.9699659790241937,250
446321,27.11208791208791,1.9792807373626375,91
446372,27.248622047244094,1.887795275476378,508
448179,27.707709750566895,1.9575431974130926,443
448281,25.43846153846154,1.9697935801428572,14
450203,27.357052297939777,1.9661854108193346,631
453178,27.251923076923074,1.9353212481877935,213
453268,27.143124999999998,1.8822034627812498,160
453284,,,5
453286,26.99076923076923,1.9547948512538462,390
453343,27.4609375,1.9179828666509804,256
455119,27.255121951219515,1.9201936394243901,207
456034,26.910112359550563,1.9500755876629214,89
456501,27.37987152034261,2.0001913175717347,467
456713,27.33823529411765,1.9722832355411763,170
458676,,,5
458677,26.657142857142855,1.9344130435714286,7
458681,27.36111111111111,1.968631313350711,422
459429,27.43450704225352,1.9797404475633804,142
461325,27.55,1.998479167,16
468504,27.44705882352941,1.8789680047058823,204
471911,27.190465631929047,1.9661683022809735,452
472610,27.271428571428572,1.897233190110204,245
475479,27.20326530612245,1.9420050349303277,247
476595,27.080898876404497,1.9570579075037877,267
477132,27.119596541786745,1.9705261763428572,350
488984,28.10632911392405,1.9600605350379745,79
489119,27.072277227722775,1.9189461763783784,111
489265,27.984810126582282,1.9452166021265822,79
489334,27.147945205479452,1.889262389013245,151
489446,27.425714285714285,1.9799433038571428,35
491624,26.833333333333332,1.99368504925,12
493603,27.025454545454544,1.9667087585406977,173
500779,27.20016891891892,1.9928427297344264,610
501303,28.7,1.998479167,8
501381,27.451748251748253,1.9405015152447551,143
501625,27.75625,1.974274456046875,64
501697,26.0,1.924315789,2
501789,25.857142857142858,1.953857143,7
501925,26.950819672131146,1.9158667372540983,122
501985,27.14373401534527,1.9401231791867009,391
502042,27.24876033057851,1.9034924288099173,363
502043,27.21934032983508,1.836795577177914,667
502083,26.2,1.98,4
502085,27.44035087719298,1.86386180097807,228
502154,26.866666666666664,1.9353913040000001,6
502171,27.22642201834862,1.980757261719266,545
502179,27.39450261780105,1.99067101854047,384
502202,27.399141630901287,1.959627652310811,236
502578,26.57,1.891588235,10
502624,27.32222222222222,1.8854580585824177,123
502748,28.425,1.9778870814545455,22
503285,27.376315789473683,1.9685769206712331,76
503449,27.053043478260868,1.9392766667999999,230
506433,27.185833333333335,1.9613828382227725,606
517008,27.218235294117648,1.866311201300578,176
518397,27.507894736842104,1.968557934105263,38
518464,,1.8911666666666667,6
518489,27.38375,1.96293967504375,160
518516,26.982887700534757,1.8960021650459367,566
518553,26.99421221864952,1.9866386831022362,324
518566,27.0,,9
518585,28.244444444444444,1.9313703702222225,18
518586,28.600000000000005,1.956875,3
518617,27.365399239543727,1.9634549738265683,279
518748,27.506593406593407,1.8784904135652172,92
518813,27.04,2.02125807692,26
518876,27.048294434470375,1.9239813520537636,561
518886,26.905164319248826,1.9284575387129632,216
519008,27.305479452054794,2.0338564377062935,149
519043,27.352469135802473,1.9243886291009176,327
519151,27.385714285714283,1.9073597365357142,112
519242,28.294117647058822,1.903057143,17
519293,27.07287234042553,1.958802102425532,188
519326,26.97380952380952,1.9102080128615384,260
519443,,,2
520980,26.625806451612902,1.9049933334,35
521230,27.280526315789476,1.9906846466063828,191
523260,27.495967741935484,1.9672776347983871,124
527048,27.46392914653784,1.961657618067524,622
527055,27.596610169491527,1.9080391913389831,59
528748,27.744915254237288,1.9489767694150943,236
541640,27.571900826446278,1.9905444340454543,242
542194,28.154545454545453,1.8996491477272728,22
542585,27.321487603305787,1.9445129477768595,121
542881,27.26347992351816,1.9189460122068966,528
542888,27.646192893401015,1.88358329142132,197
542914,27.201421800947866,1.953716093208531,211
542947,27.063398692810456,1.9194734080833336,156
542960,,1.913,4
543037,26.971212121212123,1.9575779059878786,660
543056,27.124324324324323,1.9308777589473685,81
543101,27.136458333333334,1.9880280264,100
543135,27.082865168539325,2.0257365240957745,356
543208,27.950000000000003,1.9080000000000001,9
543238,26.60891089108911,1.9334682104395604,102
543243,27.277830188679243,1.923186767209906,424
543272,27.150000000000002,1.8184389643827161,165
543281,26.266666666666666,1.9841770428666665,30
543294,27.32406779661017,1.9055138922200001,300
543339,27.701408450704225,1.9058267182816904,72
543351,28.1,1.989486486,2
543475,27.25258741258741,1.937447366053597,715
543507,26.700943396226418,1.971392771898148,108
543521,26.872348484848487,1.9651807126119405,268
543548,27.91395348837209,1.9463676811395347,43
543606,27.196,1.9211151340533335,375
543766,27.01865671641791,1.9477326796231342,268
543829,26.3,1.998479167,5
543859,,1.913,15
543883,,,1
543901,27.341176470588238,1.9419284278,30
544365,27.205161290322582,1.9788856794935896,156
544727,27.210775862068964,1.882174097473913,243
544931,27.372727272727275,1.9538571430000002,22
545343,27.023232323232325,1.9500051640186917,121
545346,28.089999999999996,,20
547001,27.093421052631577,1.9469865854933335,83
547176,,,3
547179,27.034375,2.0021702360618554,388
547184,26.496774193548386,1.886026510106383,59
547185,28.8,,1
547943,27.288732394366196,1.9602824382535209,71
547973,27.211570247933885,1.9533559190229008,131
548384,27.36280487804878,1.8880351752901234,168
548389,27.10180412371134,1.9400405684719386,392
552640,27.825000000000003,1.90117633928125,36
553902,26.566666666666666,1.853666667,12
554340,27.360227272727272,1.9466464951460674,178
554430,27.245405405405407,1.8187413302072073,555
554431,27.654228855721392,1.9583370699303484,201
570240,27.2,1.9645967743103447,32
570257,27.10340425531915,1.9519431763205128,237
570488,27.03787878787879,1.9152370672121213,79
570560,27.15,2.105892857,4
570632,27.512433862433863,1.8549367270899473,382
570663,27.351282051282052,1.97858107906383,94
570666,27.2679180887372,1.9432968260067567,296
571439,27.60666666666667,1.9461,15
571446,27.26078431372549,1.8420416269607842,51
571466,26.599999999999998,1.933166667,6
571473,,,1
571479,26.633333333333333,1.8182539981674208,228
571510,27.866666666666667,1.959161087037037,27
571539,,,6
571578,27.06520874751491,1.9803429425646124,503
571616,28.724999999999998,1.99575,15
571656,27.401666666666667,1.954213359032258,186
571670,27.144262295081965,1.9350333646612021,183
571704,26.553333333333335,1.9436877472666665,15
571710,27.03696682464455,1.9446224976886792,212
571760,27.07079646017699,1.957591243136564,227
571800,27.525753424657534,1.9433360089842107,385
571863,27.39032258064516,1.8167829912258064,31
571871,28.166666666666668,1.89883436525,8
571882,27.73205128205128,1.9348619657307693,78
571901,27.554771784232365,2.012611245410359,251
571917,27.18421052631579,1.87465625,19
571927,27.056216216216214,2.033709437637363,187
571945,27.059076923076926,2.0339884615569233,650
571946,26.95,2.005692308,22
571948,27.440174672489082,1.965758386608108,234
571976,28.7,1.6775,6
572070,27.221387283236997,1.941139839901734,173
572125,27.253846153846155,1.9021914556835444,79
572191,28.775,2.0088,8
572193,27.558823529411764,2.005196027817073,164
572362,26.671428571428574,1.889575758,14
572371,27.8,1.979205882,4
572383,27.11176470588235,1.9970710784999999,18
572403,26.963541666666668,2.02814077821875,96
572703,27.732608695652175,1.8920217390434784,48
572816,27.2,2.03175,6
572888,27.126315789473683,1.9070204613333332,22
572955,26.74285714285714,1.8434299660483873,62
572971,26.966304347826085,1.9959783572596896,277
573009,27.357512953367877,1.906680155781609,211
573062,27.3,1.827631579,1
573109,25.8,2.0468125,3
573124,27.198333333333334,1.911019341625,240
573127,28.387500000000003,1.8703888890000002,30
573131,27.9,1.9461,5
573185,28.1375,1.9054004886666667,20
573186,27.096711798839458,1.927098085398844,519
573204,27.613138686131386,1.9158954557481753,274
573668,28.038095238095234,1.9123530466904761,44
579328,27.15814977973568,1.947563058660793,454
592094,27.018396226415092,1.8944765832970296,213
592135,26.85,1.8044545449999998,12
592155,,,9
592165,,,8
592169,26.5225,1.959304370516129,55
592222,27.075,2.0008864764615386,16
592332,27.13802559414991,1.9528757870181819,550
592346,27.96344086021505,1.9533766651182798,93
592351,26.995477386934674,1.9672929748696741,399
592390,27.00754716981132,1.9600155857009347,113
592411,27.2,1.99575,23
592454,27.275555555555556,1.977892705111111,45
592473,27.249333333333333,1.8451551848933332,75
592662,27.175441696113072,1.9313012168657242,566
592712,27.8,1.9857351777272727,11
592716,27.466477272727275,1.9209912256011081,361
592717,27.070813397129186,1.954273335772093,215
592741,26.27647058823529,1.9699869545588236,102
592743,26.600000000000005,1.99575,3
592761,26.71698113207547,1.9159400013242323,328
592767,26.864187327823693,1.914111922584022,363
592773,27.278515625,1.9023314081992189,256
592789,27.042626728110598,1.9251869348202764,434
592791,27.27970479704797,1.9528841630574072,542
592804,27.251578947368422,1.9677184047157894,101
592826,27.40355871886121,1.9540559408754579,281
592833,25.433333333333337,2.017777778,4
592836,27.492561983471074,1.9553669858091287,484
592848,26.519565217391307,1.9904903027173915,46
592858,27.026599326599325,1.909515084516129,312
592865,28.912499999999998,1.970913043,9
592866,27.238245614035087,1.9581650934982455,298
592879,28.399999999999995,,4
593140,26.184615384615384,1.9027642858235296,17
593160,24.5,1.935148148,6
593334,26.694999999999997,1.9545569624136363,220
593423,27.171100917431193,1.9040309734151377,436
593576,27.61743119266055,1.900114329463303,222
593604,,1.972,16
593619,26.9632183908046,1.8806222937916666,96
593643,28.53,1.9408565660000001,20
593958,27.163345195729537,1.949482407454248,306
593974,27.162248995983933,1.955702120744856,249
594311,27.180733944954127,1.9761004362110093,115
594577,26.95049019607843,2.007973572857843,204
594580,27.39004975124378,1.8917073461372549,204
594795,25.4,1.81525,2
594798,27.245299145299143,1.9513817895042735,117
594835,27.29281150159744,1.9366960408280758,634
594943,26.804761904761904,1.815055743125,24
594965,26.6,1.986058824,4
594986,24.7,,5
595014,27.3,2.017777778,3
595191,27.453125,1.9461000000000002,52
595345,27.301063829787232,1.939716757533101,291
595411,24.5,1.804454545,5
595465,29.100000000000005,1.8114375,6
595798,,,1
595881,27.41946564885496,1.9620593382899627,270
595893,29.1,,3
595939,27.17142857142857,2.008217391,37
595988,27.8,,24
596001,27.039285714285715,1.9789234714360657,308
596027,,1.891588235,9
596035,27.65,,16
596043,27.62162162162162,1.9261548060810814,37
596057,27.01132075471698,1.925288616099099,222
596071,27.240287769784175,1.9769633628835617,146
596082,27.26779661016949,1.9573573148135592,59
596112,27.585148514851483,1.8983989898706468,202
596117,27.63333333333333,1.8044545449999998,6
596133,27.090867579908675,1.9127202282648403,219
596271,27.941379310344825,1.915832822413793,63
596295,27.4466819221968,1.8696041209346848,444
598264,27.319658119658122,2.0080972332396696,126
598265,25.100000000000005,1.903057143,6
598287,27.326595744680848,1.9281536632,194
600887,26.8125,1.952520833625,8
600917,27.205681818181816,1.9437113198977272,176
600921,27.718695652173913,1.9796727060666666,240
601713,27.263770250368186,1.9411877822047128,679
602929,26.7,,3
605121,25.412499999999998,1.9042102270909091,23
605130,27.47546468401487,1.9053534717692306,274
605135,27.223323170731707,1.9673095137878787,660
605138,27.692307692307693,1.9918369453529412,17
605151,27.724489795918366,2.023697633781818,55
605154,27.374358974358973,1.9823757209670327,273
605155,27.46,1.88224342125,8
605156,27.674999999999997,2.0357916667000002,39
605164,27.319461697722566,1.9302179925113874,483
605170,27.7,1.943869565,1
605177,27.57287234042553,1.9362681897411167,200
605182,27.332390745501282,1.9348201031053986,389
605194,27.30516129032258,1.9499124466987179,156
605195,27.11866666666667,1.989950422611111,79
605200,27.29855072463768,1.9277717279341087,552
605218,27.72076124567474,1.9844954641,291
605232,,2.028666667,6
605240,28.6,,9
605242,27.489302325581395,1.935037263109091,220
605254,29.4,,4
605280,27.34326923076923,1.9539341070865386,216
605288,27.208133971291865,1.9600936913149039,420
605335,28.6,1.99575,4
605347,27.577524429967426,1.9330257204397394,311
605388,26.2,1.8776333333333335,9
605397,26.73355263157895,1.9210431093799343,608
605400,27.170529801324502,1.8184478693874173,604
605441,26.4,2.028666667,3
605446,27.986666666666668,1.9181912547333333,15
605447,27.365656565656565,1.9527451706161616,198
605463,27.092105263157894,1.8585584415844154,77
605483,26.6720802919708,1.8836929824644808,549
605488,27.33030973451327,1.868828937520879,465
605507,27.1517316017316,1.9722092601859957,464
605521,27.535838150289017,1.9322638756153847,182
605525,27.31496062992126,1.887060106139535,133
605538,27.24471544715447,1.89902860975,129
605540,26.817362637362635,1.971839757176344,465
605541,28.4,,7
605612,27.8,1.9350181820909091,11
606115,,1.9894864859999999,6
606131,27.091139240506326,1.9597317964819276,83
606149,27.333000000000002,2.0255762499900003,203
606160,27.40918918918919,1.9052303604432435,185
606162,28.3,2.017777778,2
606273,27.64814814814815,1.9428269655185186,27
606303,27.348768472906404,1.9007635827067308,208
606424,27.551121076233184,1.9805425128810572,230
606625,26.917730496453903,1.9431065251631208,142
606930,26.675342465753424,1.952498692882353,78
606939,,,4
606965,27.721739130434784,1.9406979616521738,23
606993,27.633333333333336,1.9735833333333332,12
607074,27.18367670364501,1.9909395818843107,631
607179,27.307534246575344,1.9939992105510205,152
607188,27.64242424242424,1.9422876344444444,36
607192,27.673333333333336,1.830444444,15
607200,26.66283185840708,1.9859984964577464,568
607216,27.07162162162162,1.9381738656394558,149
607229,27.174999999999997,1.9348046087777777,36
607237,27.437192982456143,1.9185779098421052,285
607259,26.98465227817746,1.8985402068345325,417
607352,27.8,1.961391304,12
607359,27.488000000000003,1.997877218923077,26
607374,24.6,1.8879583333333334,3
607391,27.451428571428572,1.9015714285714287,35
607455,26.641666666666666,1.9550741831751823,137
607457,27.321818181818184,1.9987082314375,55
607481,26.81782945736434,1.9888075027596899,130
607536,27.039800995024876,1.8360372068129138,604
607572,25.279999999999998,1.9762575755454548,25
607609,27.46666666666667,1.991682927,3
607625,27.638976377952755,1.9544720727677165,259
607644,27.374193548387098,2.00261304325,63
607755,27.474418604651166,1.9472881668095239,48
608032,27.24263959390863,1.8579419906829269,205
608167,,,1
608328,27.12558139534884,1.9669455991237115,221
608331,27.527868852459015,1.989519450118033,610
608334,27.100000000000005,1.889575758,4
608337,27.16537216828479,1.9858794293181818,618
608344,27.310137457044675,1.900672000204467,582
608348,25.95625,1.9777500000000001,16
608349,27.685945945945942,1.8270804203038673,185
608371,27.74705882352941,1.9289739985294119,17
608379,27.163231850117096,2.0013291999627043,429
608566,26.757014388489207,1.875561880152878,556
608638,27.06984126984127,1.8657060603454547,63
608648,26.91878787878788,1.9035659825151514,165
608652,26.477966101694918,1.944800317661017,59
608665,27.156457564575643,1.9846474059851853,272
608678,27.575862068965517,1.9855062537052022,174
608686,26.8,1.986058824,4
608700,29.2,1.903057143,11
608703,27.6,1.941347826,2
608716,27.66153846153846,1.9230840900219779,91
608717,27.648458149779735,1.983379117431718,227
608718,27.33582089552239,1.9571923162751323,205
608723,27.058837209302325,1.9202605323100232,432
611093,27.6,1.989486486,4
612434,26.683193277310927,1.950152116068376,119
613317,27.7,,3
613534,26.116666666666667,1.8996864917368423,19
614177,22.7,1.99575,1
614179,27.29630996309963,1.9648580547537313,271
615698,27.23473154362416,1.9503320120939596,596
617228,27.327040816326534,1.968840617625616,213
620396,28.447619047619046,1.9409572215238096,25
620443,28.600000000000005,1.951434783,3
620454,28.981818181818184,1.827631579,11
620982,27.5,1.933166667,9
621011,28.542857142857144,2.039826087,9
621016,27.59154228855721,1.9172158649359607,203
621051,27.456589147286824,1.8672238835757575,132
621053,27.8,1.9568888888888891,16
621057,27.387500000000003,1.9924462254285713,9
621074,27.3885,1.917382217121212,204
621076,27.406432748538013,1.8797872603235866,513
621079,27.801960784313724,1.8684495727230768,65
621082,27.398717948717948,1.867918954152941,85
621086,27.7,,6
621098,,,1
621107,27.01687898089172,1.81482093255627,315
621111,26.981057268722466,1.9257208209074892,227
621112,27.170915032679737,1.8835175871465797,307
621114,27.04074074074074,1.9966141051851851,27
621121,27.333333333333332,1.8978897759215687,153
621219,27.175324675324674,1.928163702831169,77
621237,27.384357541899444,1.818187572228261,184
621242,27.55,1.9653000757083332,192
621244,27.141184767277853,1.9442852945892115,723
621248,27.400961538461537,1.8980872251826924,104
621249,27.14206008583691,1.9754935753166667,246
621261,,,2
621295,26.53846153846154,2.0285103178548387,140
621345,27.55981308411215,1.9607677509532713,221
621348,26.473469387755102,1.9720416262727272,49
621363,27.54891304347826,1.8818744932819151,190
621366,27.697391304347825,1.9435616746173912,116
621368,27.43203661327231,1.9391865952054794,438
621381,27.1561320754717,1.9854707696602871,215
621383,27.54478260869565,1.9845997038008851,232
621389,27.406944444444445,1.880270686,149
621433,27.481818181818184,1.9079935064545455,11
621593,26.570731707317076,1.9555696852183908,104
622065,27.56978417266187,1.9894803376640624,141
622072,27.456363636363637,1.9807083450177165,508
622075,26.912142857142857,1.9306219646808511,143
622092,27.099999999999998,1.9359541063333332,3
622098,26.254950495049506,1.9457114871756098,214
622103,25.085714285714285,2.006089285714286,7
622250,27.123853211009173,1.9490988824504505,111
622251,27.4944099378882,1.9165576442102272,176
622253,27.219691119691117,1.9384896488259258,270
622259,27.140000000000004,1.8842695651999999,5
622268,27.7,1.9709130430000001,6
622338,28.54615384615385,1.8147142859999998,16
622379,28.906896551724138,1.937359804117647,34
622491,27.14007633587786,1.9614631465324428,524
622503,27.13768115942029,1.8844662391142857,212
622554,27.377536231884058,1.8138574611870504,139
622608,26.99291338582677,1.8452692061154856,381
622663,26.594370860927153,1.9447643859191175,302
622694,27.16093023255814,1.877418406260465,215
622766,27.889999999999997,1.9682066668,10
622786,27.171111111111113,1.8641917582333334,92
623149,27.11455696202532,1.9474420632439022,164
623167,27.471836007130126,1.9410251730388695,566
623211,27.52228571428571,1.9435744020857142,186
623352,28.305617977528087,1.904026144719101,178
623381,26.899999999999995,,3
623437,26.919999999999998,1.9739054344500002,20
623451,27.214351851851852,1.9579612289178745,216
623465,26.72808988764045,1.949562365550562,178
623470,,1.804454545,5
623474,27.308875739644968,2.001288321451977,179
623485,27.205737704918032,1.8524089498360656,122
624133,27.288329979879276,1.8130279402008032,498
624418,27.615,1.9066954361904762,28
624427,28.333333333333332,1.9328541666666668,10
624503,28.89032258064516,1.9589769337741936,31
624519,28.240000000000002,,5
624522,27.163279445727483,1.9152711440412842,436
624647,26.8,1.9857272730000002,4
625643,27.039834024896265,1.996556629185654,246
626929,26.600000000000005,1.9865000000000002,9
628345,,,1
628452,27.080434782608698,1.9886578400815218,184
628708,27.358222222222224,1.9859629280666666,225
628711,27.40728241563055,1.9319322557738514,566
630023,25.656521739130437,1.9070000000000003,23
640444,27.2427397260274,1.9669933270796705,368
640448,27.411351351351353,1.9834463555221675,208
640451,27.85411764705882,1.9914547795588236,170
640454,,,5
640455,27.137890625,1.827768478883721,516
640461,26.5,1.830444444,9
640462,27.365234375,1.8777142518295455,264
640463,,,1
640470,27.452380952380953,1.9598095238095237,21
641154,26.89081632653061,1.984539228242236,496
641302,27.335616438356166,1.9426702740986301,365
641312,27.30909090909091,1.9409799604444444,23
641329,27.258015267175573,1.9411164286679392,262
641360,26.906164383561645,1.920309118958904,146
641386,27.38888888888889,2.047,10
641394,27.465999999999998,1.9118810457843136,52
641401,27.719,1.8285070740104166,206
641409,28.1,,1
641425,28.9,,4
641447,27.117391304347827,1.8620800418369565,92
641482,27.67225,1.9571292096481927,415
641499,,1.830444444,2
641501,27.177304964539008,1.9500671665673759,142
641506,26.639999999999997,1.8595,10
641531,27.676923076923078,1.813,13
641538,26.76,2.047,5
641540,27.12062937062937,1.9540918402787455,574
641582,26.816315789473688,1.9820375676615383,195
641585,27.2,1.87200833345,21
641620,27.083333333333332,1.799135135,10
641625,,1.9865,5
641627,26.681142857142856,1.96346254996,175
641632,,,5
641656,28.80909090909091,2.0027916665625,16
641672,27.386363636363637,1.9364313863333333,24
641682,27.787096774193547,1.963018002828125,64
641703,28.733333333333334,1.9285249999999998,10
641709,26.4,2.144,2
641712,27.383652173913045,2.029521204825784,575
641726,27.504819277108435,1.8787964789122806,171
641729,27.63875,1.946725333488,253
641733,,1.913,1
641743,25.7,2.028666667,5
641745,26.973002159827214,1.9183985998404254,470
641755,27.82,1.8197463221518988,79
641771,27.182307692307692,1.838133601769231,520
641778,27.284432234432234,1.9711238170038023,551
641793,27.331736526946106,1.9856340693473054,170
641816,27.313333333333333,1.943543233400474,422
641835,27.60621761658031,1.9462020116799998,200
641838,29.4,,9
641853,27.294285714285714,1.9523988246,42
641871,27.455405405405408,1.9110257031081084,83
641886,24.5,,3
641907,27.093023255813954,1.9953191140666666,52
641914,26.6,1.872666667,4
641927,27.52741116751269,1.9124100759898477,197
641941,27.287007874015746,1.926941517196911,264
642016,27.01,1.945271493,17
642028,27.206451612903223,1.9927827384042553,98
642048,27.813043478260873,1.9542185854285716,28
642060,26.71388888888889,2.008217391,37
642068,26.74090909090909,1.8877367802173912,29
642092,29.7,,7
642100,27.215714285714284,1.904020974623377,79
642121,27.075438596491228,1.919503362373832,120
642130,27.03098591549296,1.9101992958873242,71
642140,28.15,2.03175,10
642152,27.251598173515983,1.91572182070852,223
642165,27.308695652173913,1.9435996653913044,23
642203,27.330588235294115,1.9315982980000002,85
642207,27.453478260869566,1.9636886297521738,234
642216,,1.922684211,1
642225,26.95,1.952126316,3
642231,27.55972222222222,1.8522098766805553,82
642232,27.005167173252282,1.8868799662030304,330
642233,29.78333333333333,1.99575,14
642236,27.599999999999998,,7
642239,28.0,2.01625,6
642271,26.8,1.9658365384,5
642371,,,4
642397,27.478,1.9388286001480002,250
642496,,2.028666667,9
642528,27.414948453608247,1.9515418451529412,194
642545,27.256837606837607,2.0184841116367713,234
642546,27.414166666666667,1.91708968055,120
642547,27.06749116607774,1.9563623466849815,288
642578,28.100000000000005,,3
642585,27.15550458715596,1.923312401009009,222
642657,27.683870967741935,1.8703250516956522,35
642659,26.214285714285715,1.9804666664000004,8
642701,26.95536332179931,1.9325958921122448,294
642758,27.32051282051282,1.895909049015306,196
642759,,,2
642770,27.758904109589043,1.8598455622560977,82
642834,28.2,2.039826087,5
642851,27.959999999999997,,5
643230,27.735714285714288,1.9003631293571428,28
643256,27.248301886792454,1.9514888542272726,269
643290,27.520430107526884,2.01422709183871,93
643316,28.18448275862069,1.9905192301568626,59
643327,27.138461538461538,1.9274782611428571,14
643338,26.613513513513514,1.940060678142857,84
643340,26.6,1.9251666669999998,5
643361,24.2,1.907,2
643377,27.46456140350877,1.9184206896188813,288
643400,26.870175438596494,1.9028308270350878,57
643410,27.411945392491468,1.9180337467070707,297
643478,26.166666666666668,,3
643493,27.375,1.9126009224817517,137
643511,27.465416666666666,1.9852344972459017,246
643524,28.284615384615385,1.930435096153846,13
643615,26.863793103448273,1.984193403327586,58
644364,27.033128834355825,1.9840904910613497,165
644374,27.02,1.830444444,10
644396,27.75,2.008083333,10
644429,27.557894736842105,1.996939687,40
645261,27.224285714285713,1.9916829270000003,560
645801,27.0,1.922684211,3
646241,26.6,,11
646242,27.164912280701756,2.0055683107241378,58
647315,27.500826446280993,1.940706434678899,121
649144,26.276666666666664,2.0022394200666667,30
650204,27.538260869565217,1.8740507247391305,115
650378,,,1
650382,27.83703703703704,2.0605684230925925,54
650496,26.511999999999997,1.9969890024,35
650530,27.76,1.959169607882353,55
650556,26.898333333333333,1.9011070436916668,243
650633,27.17378640776699,1.958120958591954,206
650644,27.312631578947368,1.9589572611789472,285
650671,27.31779661016949,1.9973308111916666,120
650841,28.2,1.6979999999999997,3
650893,27.00986842105263,2.032561525903846,157
650895,27.633132530120484,1.937663171797688,173
650911,27.104374999999997,1.8161432107317073,164
650959,26.568421052631578,1.9157452631578948,19
650960,27.69777777777778,1.9394057086585368,48
655889,27.504347826086956,1.9439721407741934,32
656001,29.3,2.0095,6
656008,27.4875,1.919769901875,24
656061,27.767857142857142,1.9563240414390244,216
656077,,,3
656080,,,4
656206,26.9,1.95074359,6
656222,27.126141078838174,1.8955536783983402,245
656232,26.563235294117646,1.901203718640625,69
656234,27.56011904761905,1.8824696749702383,169
656257,26.635526315789473,1.937202824368421,76
656259,,1.960868421,4
656271,26.933779264214046,1.9441189943023256,301
656290,28.633333333333333,1.9389372223666668,44
656302,27.314589665653497,1.9682894286018238,658
656322,26.99814814814815,1.81534625625,56
656342,,,3
656349,,1.946866667,6
656353,26.918285714285712,1.9899023210502793,179
656354,27.579530201342283,1.9900332384735102,311
656412,27.59773755656109,1.9365764708099549,221
656420,26.464912280701753,1.9085977442982458,58
656427,27.258385093167703,2.0320684143540375,161
656450,28.252941176470586,2.056,17
656457,27.658333333333335,1.9435376595658915,132
656458,27.20515463917526,1.842595016796875,199
656464,26.942857142857143,1.9305263756435642,114
656492,28.19,1.9190987986285712,35
656529,27.357627118644068,1.927400577547486,179
656546,27.13949044585987,1.9481631819745224,157
656548,26.78,1.9399268295,8
656550,25.4,1.830444444,5
656557,26.86405529953917,1.9703574720691244,217
656578,27.425806451612903,1.9208445433658536,41
656594,26.399999999999995,1.941307692,10
656605,27.192613636363635,1.9772066498863636,704
656629,26.713613861386136,1.9681466851138614,404
656638,26.996059113300493,1.9422245348680203,207
656641,30.3,1.968076923,4
656657,27.410762331838566,1.8695531373794643,224
656678,28.866666666666664,1.9538571429999998,6
656685,27.40776699029126,1.9352140535416666,216
656686,27.45566037735849,1.8944579621132076,110
656701,26.9,2.028666667,18
656730,27.271493212669682,1.9307796765495495,222
656731,26.711377245508984,1.9708034094131734,167
656755,27.54516129032258,1.964707856516129,31
656756,27.19472693032015,1.9804395862870903,531
656786,26.433333333333334,1.9460705735217392,27
656793,27.425912408759125,1.8264672666842103,285
656794,26.653225806451612,1.9391992808166667,124
656803,27.854400000000002,1.80732799956,125
656804,28.600000000000005,1.923789474,6
656814,26.988000000000003,1.9709130429999997,26
656818,27.484810126582282,1.93148168025,80
656820,26.333333333333332,1.99575,9
656849,27.349999999999998,1.9618637572352942,434
656876,26.983076923076922,1.8859741146417583,455
656887,27.625925925925927,1.9552226703888889,36
656919,,1.89745,4
656927,28.2,1.698,2
656945,27.080124223602482,1.9266788833993809,336
656954,27.85909090909091,1.8881264824230768,26
656970,27.526171875,1.8946514554097744,266
656981,26.72307692307692,1.9148576924615386,13
656986,27.03578947368421,1.996275782011628,95
657006,27.343346007604563,1.900604842543071,534
657024,27.484117647058824,1.9261619071823528,170
657044,27.353472222222223,1.8874371691944445,157
657047,,1.9265,5
657050,,,1
657053,27.341441441441443,2.0152267426846846,111
657092,27.4,1.804454545,7
657093,27.364560439560442,1.966184600178082,366
657116,,,2
657140,27.141373239436618,1.9562295093433097,568
657228,28.35,,2
657240,27.80962962962963,1.9580541767407407,135
657248,27.315294117647056,1.9060897060584796,513
657265,27.085915492957746,1.9659459580633802,142
657272,27.12314814814815,1.9297396623888887,117
657277,27.312893081761008,1.9841318963616352,636
657376,26.99201680672269,1.951661478791111,248
657424,27.11818181818182,1.9325991657142858,35
657508,27.477514792899406,1.9394090763076923,174
657514,27.394117647058827,1.9369090909999997,17
657571,27.10275229357798,1.9315548824833333,123
657581,,1.9265,7
657585,27.9625,1.9867186062419355,64
657612,27.43533834586466,1.8891631625149254,138
657624,27.3,1.8974499999999999,11
657649,27.119014084507043,1.87465625,148
657697,26.87142857142857,1.8044545449999998,14
657745,24.2,1.891588235,4
657746,26.84428044280443,1.9297835933413285,542
657756,27.38021978021978,1.917964608631579,95
657766,25.74,1.948578125,6
657770,26.11637931034483,1.992808594637931,117
658431,27.330952380952382,1.9522117314269665,89
658551,27.857333333333337,2.004745614,80
658648,26.916666666666668,1.8498377193333333,12
658667,,,2
658791,26.3,,8
659262,26.983018867924528,1.9251366246326531,107
659275,27.416541353383458,1.8553626241428571,133
660271,26.97132075471698,1.9871851621294558,533
660435,26.4,,4
660440,,1.913,1
660508,,,9
660593,26.685714285714283,1.8854438095238097,21
660600,28.22,1.900581020076923,26
660623,26.55135135135135,1.9847794008648647,74
660636,27.83809523809524,1.9322047619047618,21
660730,26.98024691358025,1.9434218392413791,87
660749,27.5,,6
660761,26.75161290322581,2.0075933293726544,373
660787,27.275,1.9729649155142857,105
660813,27.282638888888886,1.9089179914825174,147
660825,28.061764705882354,1.9615550542941178,34
660853,27.329251700680274,1.9355573011806453,157
660896,26.957692307692305,1.9197024472413793,29
660906,26.223863636363635,1.9847883187272728,89
661255,26.759183673469387,1.9215269356600002,50
661269,27.03913043478261,1.9284544347101449,138
661309,26.823076923076922,1.8743821063031674,221
661332,26.6,1.827631579,2
661383,27.58121546961326,2.0012873106243094,185
661395,27.391304347826086,1.9238750767101451,207
661403,27.139285714285716,1.9311645399857145,140
661440,27.375510204081635,1.9890954881020406,55
661527,27.344827586206897,1.894813394945578,147
661531,28.3,1.799135135,1
661563,27.430612244897958,1.935391304,55
662144,,,7
662165,28.8,2.134333333,9
662253,27.375675675675673,1.9276742409782608,230
663158,27.329891304347825,1.921766304326087,184
663325,,1.9858,5
663359,27.3,1.992,3
663372,26.95108108108108,1.8985156071267606,370
663378,27.6175,1.980783110075,40
663383,27.6,,8
663385,27.60169491525424,1.8405179200000001,60
663390,27.8,1.9865,1
663423,26.719631901840494,1.944289383685714,175
663432,27.5703125,1.9755846716976744,129
663436,27.426966292134832,1.9955507799304812,187
663455,26.721153846153847,1.9167781429,260
663460,26.982394366197184,1.9130822329771127,568
663465,26.776744186046514,1.9400502011860465,43
663467,25.9,1.951666667,5
663474,27.108566433566434,1.9347037367395103,572
663485,27.386776859504135,1.9114129215508475,121
663489,27.055,1.839260416875,24
663510,27.6,1.9766272728,5
663531,27.129268292682926,1.9611416375178572,83
663534,27.25,1.943869565,3
663546,26.746153846153845,1.9923927979514564,111
663554,27.04871794871795,2.0012841881410255,78
663556,27.217115384615383,1.8928232294634615,520
663558,27.173636363636362,1.9518825847009345,117
663559,27.3044,1.8354055082432432,260
663562,28.2,2.047,1
663574,26.928676470588236,1.9027041743521127,142
663603,27.9,1.987461538,4
663613,25.8,1.8981612900000002,5
663629,26.31,1.9460572461666668,30
663630,25.599999999999998,1.87488,6
663671,,1.973390244,6
663704,27.392857142857142,1.820792111875,18
663719,,,1
663734,26.25,1.853666667,12
663738,27.196505823627287,1.9169886996089107,606
663752,27.195555555555554,1.9391192760666667,90
663753,27.35076923076923,1.8384596332461538,65
663765,27.530722891566267,2.034975459,166
663770,27.8,1.929307692,5
663773,27.298148148148147,1.876669377,54
663776,27.171212121212122,2.0257262726599325,594
663804,27.804615384615385,1.9195288820298506,67
663855,27.053696498054475,2.0316287399521915,257
663856,24.3,1.814714286,1
663878,27.366666666666664,1.9351481480000001,9
663892,28.8,2.02,1
663893,27.5,1.99575,1
663903,27.3912109375,1.9154048563781678,513
663943,,,2
663947,26.83157894736842,1.9511667842051281,42
663959,26.8,2.039826087,4
663975,27.775000000000002,1.9806446077083333,27
663977,26.399999999999995,1.992,6
663978,27.410389610389608,1.8761620109651163,86
663986,27.361081081081082,1.9495083663846153,189
663989,27.779824561403508,1.9128016433119268,114
664006,,,2
664042,26.685714285714287,1.9970086955,74
664054,27.287037037037038,1.9088419902542373,59
664062,26.97918918918919,1.9177259369947093,378
664076,26.703174603174602,1.8890053872333332,128
664092,27.319387755102042,1.914184046863158,109
664101,,,5
664116,25.94,1.8943333333333332,20
664123,26.75,1.9330103912944443,181
664126,27.787323943661974,1.8719053206760563,71
664129,,,3
664139,27.688461538461535,1.9772853096602563,156
664141,27.29282945736434,1.9716210106308594,521
664144,26.8,,6
664155,26.849999999999998,1.9052725225,13
664157,27.40833333333333,1.9203872180000001,15
664158,25.9375,1.9461,24
664161,26.56346153846154,1.9171000329615384,104
664199,27.049999999999997,1.912664625773481,187
664202,26.328888888888887,1.9215042692459017,61
664208,27.16033898305085,1.899671783766102,295
664284,,,9
664285,27.269179894179896,1.8989054314704337,761
664294,27.094244604316547,1.897993870410959,146
664299,27.169230769230772,1.9004195208568377,468
664337,27.200714285714284,1.9872032071014492,140
664353,26.95320623916811,1.9006362425216639,577
664584,27.092857142857145,1.9445985023214285,32
664670,29.5,2.039826087,3
664682,,,2
664691,27.899999999999995,2.044612903,3
664747,27.104464285714283,1.9575336124805196,231
664776,27.027272727272727,1.9773922540571427,36
664849,27.160526315789472,1.9568078040294117,38
664854,27.752036199095024,2.0299157037857145,235
664871,27.123684210526317,1.9024319546341464,41
664875,27.17953216374269,1.85023355716763,174
664910,27.818181818181817,1.9265,13
664942,27.623076923076923,2.0319754902307694,39
664944,26.591176470588238,1.9545049396744185,43
664948,26.94406779661017,1.8925636249833333,60
665001,26.786614173228347,1.958059739543307,127
665019,26.326666666666664,1.9358822224666667,15
665048,,,3
665152,27.351991614255766,1.913039493304348,478
665155,27.96666666666667,1.8915882349999997,6
665178,,1.946866667,4
665600,28.3,,2
665620,27.3,,3
665621,27.151298701298703,1.948246168775862,174
665625,26.54915254237288,2.0015046738305085,59
665645,26.912857142857145,1.9455465947428572,72
665665,27.248034934497817,1.953629026650655,229
665734,30.0,1.784736842142857,7
665795,27.487398373983737,1.8605104484876034,246
665871,27.56554054054054,1.9336803220933332,150
665896,27.177049180327867,2.0101890073999997,61
665996,26.9,1.903057143,8
666120,26.86314606741573,1.95938336326652,454
666129,26.912727272727274,1.8722361274363637,275
666142,27.212290502793294,1.9258867348655915,186
666157,27.48540372670807,1.9773114027546583,322
666159,26.939583333333335,1.943351545410596,302
666168,27.07763157894737,1.977209923561644,77
666199,28.82,,5
666200,27.19409594095941,1.8911070562619925,271
666201,27.072461538461535,1.9364186184871406,661
666204,27.628244274809163,1.9019698258732396,142
666205,27.624657534246573,1.9285020960133332,75
666214,27.496202531645572,1.9378563598289473,79
666301,,1.913,6
666374,26.85,1.9260442433007812,256
666563,27.5,1.891588235,22
666619,27.94285714285714,1.997879120857143,21
666673,,2.134333333,5
666711,28.48,1.8595,5
666721,27.242735042735042,1.913284511664,125
666745,27.566666666666666,,13
666808,27.489473684210523,1.9893489254756098,247
666818,27.3875,1.9123826708764047,91
666974,27.227848101265824,1.8977905921518987,79
667280,,,6
667297,27.31231884057971,1.9772894870362319,138
667373,26.56666666666667,2.03175,27
667376,27.225,1.9772820271818183,44
667421,,,1
667427,27.804368932038834,1.8854723368113209,212
667434,28.6,1.696266447375,8
667435,27.4,1.935391304,3
667463,26.98323353293413,1.9323037949467456,169
667465,27.06756756756757,1.9811242422045454,57
667498,27.37313432835821,1.9676550941492537,67
667722,27.0,,3
667725,27.28333333333333,1.827631579,12
668338,26.220588235294116,1.8413805147058824,34
668470,,1.941307692,15
668665,27.981944444444444,1.93665448045679,85
668674,27.5,1.943869565,8
668676,27.2916179337232,1.9408823871381324,514
668678,27.418850987432673,1.898201358106572,563
668684,26.355263157894736,1.9281160408095237,42
668754,27.8,,12
668757,25.7,1.9247837837500001,4
668761,,,1
668766,29.5,2.0095,7
668800,28.5,2.038882353,3
668820,27.336363636363636,1.909625,11
668868,27.682644628099172,2.026764462818182,121
668871,27.0,1.924315789,4
668873,27.73857142857143,1.9225895699142856,70
668881,27.289082969432314,1.968102681799136,463
668933,27.009158415841586,1.9385542941039604,404
668941,27.54153846153846,1.9855372685384614,65
668948,27.56923076923077,1.9397398292645163,156
668964,26.950000000000003,,9
668970,27.41111111111111,1.7991351349999998,18
669018,27.9,,2
669020,27.724999999999998,2.047,12
669022,27.03419540229885,1.8751647256121884,361
669060,27.130303030303033,1.9779521923771552,464
669062,,,5
669084,27.796842105263156,1.9282149564000002,95
669093,26.822727272727274,1.948578125,22
669105,28.4,1.924315789,1
669114,,1.8955,8
669145,27.243776824034335,1.9707859948458148,233
669160,27.48681318681319,1.9247960931648351,91
669169,27.389293849658312,1.903607001790909,440
669180,27.224999999999998,2.045219780285714,18
669194,27.113793103448273,1.9401064016825398,63
669203,27.026209048361935,1.9672061744121305,643
669205,27.45,,2
669211,27.393103448275863,1.9486454438309861,291
669212,27.206103286384973,1.9450413036990741,219
669214,27.813333333333333,1.900136364,15
669270,27.155434782608697,1.9434644693709677,190
669276,27.423125,1.9615817382151899,160
669302,27.227552674230147,1.9255825678476501,617
669330,27.196992481203008,1.9559900910762942,399
669345,26.95555555555556,,9
669358,26.876744186046512,1.870546511627907,86
669373,27.325219298245614,1.942166410857456,456
669387,,,2
669391,28.2,2.041,1
669395,27.158255451713394,1.9007062333705884,340
669424,27.526923076923076,1.9792545067371794,156
669431,,1.951666667,5
669432,27.334304932735428,1.9510166523858092,451
669435,29.65,1.9265,15
669437,26.4,1.89816129,1
669456,27.094538606403013,1.9685602097721278,531
669459,27.006944444444443,1.9319874404027777,154
669461,27.24473684210526,2.0241606963269234,180
669467,27.172235872235873,2.027831610987715,409
669618,27.433333333333334,1.9389926432214764,149
669622,26.79080459770115,1.9655447155925927,100
669674,27.383435582822084,1.9837077910864196,165
669684,27.0,,1
669697,28.3,,13
669711,27.403125,1.9563305286718748,73
669713,26.642592592592592,1.92404875,54
669721,27.9,2.009601851666667,9
669742,26.549999999999997,1.8915882349999997,6
669804,28.166666666666668,1.9723395239428572,35
669854,27.075000000000003,1.871440625,36
669912,27.515841584158416,1.8794191539086538,208
669920,27.362770562770564,1.9560068217086954,231
669923,27.315697674418605,1.9483823239166667,516
669935,27.2078431372549,1.956875,51
669942,,,3
669947,,,1
669952,27.373697270471464,1.9531407013876543,405
670032,28.5,1.923789474,3
670036,27.265432098765434,1.9352132062592593,173
670046,25.45151515151515,1.9860588240000001,33
670048,25.2,2.041,11
670056,28.6,1.814714286,1
670059,26.76640625,1.9899494167822582,132
670078,,,4
670087,25.0,,1
670090,27.599999999999998,1.9139114522956522,119
670102,27.742857142857144,1.941307692,7
670109,25.8,,5
670124,27.164684014869888,1.9223194058,270
670125,27.24705882352941,1.9968136570588237,17
670151,27.442857142857143,1.90140625,19
670154,26.78,2.023711111111111,9
670167,27.031884057971016,1.969230911432039,212
670174,27.685714285714287,2.0108491160956175,252
670219,26.775,2.0090151512727275,11
670280,27.52677595628415,1.9712017485959596,198
670288,26.790909090909093,1.945677507,33
670329,27.139473684210525,2.0011996335789477,38
670377,25.4,1.827631579,4
670426,26.742857142857144,1.7803781055714285,14
670437,,1.968076923,1
670456,27.595,,28
670550,,1.933166667,2
670712,28.2,1.943869565,4
670721,26.6,1.900136364,1
670768,27.38333333333333,1.9913303892083334,24
670810,27.04126984126984,1.893051762818182,64
670871,28.086666666666666,1.9519111112,15
670912,27.572277227722775,2.001892080267327,202
670950,27.033812949640286,1.9506244368986012,286
670955,25.996296296296297,1.8902861215555558,54
670970,26.762500000000003,1.943979166625,72
670986,26.1,,4
670990,27.370992366412214,1.9760033878846155,137
671111,,,2
671162,28.8,,1
671305,,1.916387097,4
671345,27.80727272727273,1.9459712799508928,225
671790,26.68586956521739,1.9000549239479165,96
671922,25.8,,3
672282,27.2532,2.006342779663405,511
672335,27.56502463054187,1.9340768221151832,213
672391,27.24942528735632,1.976879445337143,178
672529,,1.923789474,7
672550,,,4
672578,27.34183266932271,1.9093583539799999,255
672582,27.42641509433962,1.8764869911698114,53
672629,,,9
672710,27.374918566775246,1.9727116517589576,310
672715,27.087500000000002,1.8573657404583335,96
672755,27.1,1.889575758,5
672774,,1.935166667,1
672795,,,2
672839,27.0,1.8519820122727273,18
672851,27.290332326283988,1.9795208246746268,335
672870,27.0,,1
672911,27.836585365853658,1.9601586579512196,41
673111,28.95,,5
673231,25.0,1.9461,7
673257,26.6,,1
673258,28.4,1.960868421,1
673316,27.744444444444444,1.9747193802222225,9
673603,28.4,1.8388888886,5
673822,29.7,1.95074359,1
673862,,,6
673904,26.233333333333334,2.0341274510000003,14
673912,28.8,1.943869565,3
673965,,2.044612903,13
674003,27.7,1.968076923,1
674047,29.4,1.936909091,4
674072,26.845323741007196,1.9473975678129496,148
674444,,,7
674944,,,10
675540,26.815384615384616,1.89816129,65
675627,26.94473684210526,1.9351212124736845,76
675640,26.4,,2
675653,27.933333333333334,1.9644818840000002,3
675911,26.906313645621182,1.963315467262525,499
675912,26.28648648648649,1.8926583188,37
675916,27.21909090909091,1.937345218890909,110
675921,26.8108843537415,1.958010105299363,157
675971,28.2,1.891588235,2
675976,28.2,1.889575758,4
675977,,2.134333333,8
675983,,1.9265,3
676050,27.561206896551724,2.0244317951379314,116
676083,27.361702127659573,2.0357997184680854,47
676089,,1.9353913040000001,3
676092,27.028491620111733,1.9105181622111114,180
676103,27.29318181818182,1.816229367972973,46
676111,28.3,,3
676130,27.273076923076925,1.9557384615384614,52
676194,27.893877551020406,1.97206016172449,98
676206,26.566666666666666,1.922684211,6
676254,29.4,1.970913043,1
676265,27.368456375838928,1.9883115505100672,149
676272,26.75,1.889575758,20
676298,28.4,1.9709130430000001,3
676334,25.8,1.9822463766666667,3
676344,29.399999999999995,1.916387097,3
676361,27.7,,2
676391,27.599999999999998,1.8981612899999998,7
676477,27.634545454545457,1.9499889950045455,220
676520,25.6,,6
676534,26.974107142857143,1.881934169357143,112
676546,27.366666666666667,,18
676596,26.633846153846154,1.8983493283615385,130
676606,,,4
676614,,1.9430000000000003,3
676617,27.637500000000003,1.9426787443333333,9
676620,26.1,2.014333333,17
676637,26.713043478260868,1.88080952375,48
676641,27.771874999999998,1.944631967888889,64
676660,27.120588235294118,1.9374600413714287,35
676664,27.276981132075473,1.9024219179590163,265
676680,,1.6775,4
676684,27.53175965665236,1.9416263442379031,251
676699,26.1,1.968076923,2
676709,29.3,1.95074359,5
676710,27.059859154929576,2.0027284867420496,290
676714,27.03953488372093,1.9075783019631336,218
676720,26.784000000000002,1.9104971427200002,25
676726,27.2625,1.8595,10
676760,27.269950738916258,1.9536381301407766,220
676766,26.333333333333332,2.003769230666667,9
676785,,,1
676831,27.46326530612245,2.0361508135531916,49
676840,27.448837209302326,1.9174816414468085,47
676879,27.403537735849056,1.967524519079602,426
676886,27.324444444444442,1.9419556672580645,93
676898,27.8,1.9715,1
676917,27.51794871794872,1.9824610045384616,39
676946,27.2,1.827631579,11
676949,,,10
676974,27.78,1.991682927,10
676979,27.35,2.028666667,5
676987,26.1,1.9858,4
677020,27.799999999999997,1.916387097,10
677053,27.803030303030305,1.885033998818182,66
677161,26.98181818181818,1.94250911235,44
677362,28.2,2.088,9
677643,,,4
677651,27.198731501057082,1.9045609685771672,473
677742,27.450000000000003,1.8595,2
677865,27.088607594936708,1.9003879765542169,83
677960,27.3,1.886305164590909,22
678061,30.3,1.8831469298333332,26
678258,,,5
678371,,2.008083333,7
678394,27.506,1.918814183628,250
678692,28.06190476190476,2.086772350047619,21
678725,,1.935166667,7
679033,,1.9715,12
679346,,1.951666667,3
679358,27.90833333333333,1.9533322582000001,14
679777,27.62857142857143,1.946866667,13
679863,28.6,,7
680430,26.87878787878788,1.9479304810909093,33
680570,,2.008217391,1
680573,26.5,,11
680653,27.8,2.014333333,5
680686,27.168545454545455,1.9861240510972973,555
680694,26.97321063394683,1.9346389755930473,489
680704,27.2375,1.9491038502625,160
680739,27.291625615763547,1.9292147148423644,203
680802,26.7,,1
680863,24.5,,1
680940,27.875,1.984657575818182,11
680961,27.9,,6
680970,27.1,,10
681145,27.6,1.99575,7
681168,,1.775,1
681185,28.266666666666666,1.9399448621428572,7
681217,27.340776699029124,2.0088047546407766,103
681259,28.2,1.9591833335,4
681464,27.58,1.9253431371999998,15
681485,,,3
681493,26.7,1.698,5
681603,28.4,,10
681643,28.4,1.98,8
681753,27.18888888888889,1.9471817384444445,9
681792,27.4125,1.9425735612352941,17
681799,27.20689655172414,1.90611221625,39
681803,26.6,,8
681806,27.41673469387755,2.0042202203855424,249
681810,27.71875,2.0006567268666666,56
681856,26.6,,5
681867,28.3,1.907,1
681885,26.841176470588238,1.9682936801764706,34
681891,,,3
681892,,2.134333333,1
681911,27.188442211055275,1.9347120184795918,201
681958,,2.039826087,2
681982,29.3,2.041,4
682002,,,1
682016,27.18,1.9761260310000002,15
682023,26.600000000000005,1.8899523809999998,3
682027,,1.9461,1
682044,26.2,,4
682051,27.76340579710145,1.9401400363369563,283
682120,25.814285714285713,1.9506557494285717,11
682143,,,2
682171,27.213461538461537,1.9505301575625,208
682201,25.633333333333336,1.8044545449999998,6
682227,25.5,1.919338541875,8
682240,28.080000000000002,1.9265,5
682489,,,5
682528,,1.936909091,1
682615,27.85,,2
682726,,1.936909091,5
682842,26.8,1.943869565,1
682847,27.28356164383562,2.014322581,73
682967,28.4,1.9431343875714284,7
682990,26.32,,5
683004,27.380000000000003,1.929307692,5
683065,,,1
683565,,1.936909091,4
683627,27.3,,8
683769,26.541176470588233,1.9424136158823528,17
684544,25.91764705882353,2.039826087,17
684871,28.5,,15
685124,27.8,,4
685503,27.48292682926829,1.9436014304878049,82
686608,25.9,1.903057143,1
686610,26.6247311827957,1.8781906948924731,93
686613,27.214285714285715,1.89829107145,64
686651,28.7,1.951434783,11
686752,26.636529680365296,1.8971859235707764,219
686753,26.793846153846154,1.9626717131914895,65
686762,,,4
686768,27.4,,5
686826,27.400000000000002,,3
686831,26.45,1.8674166666666665,6
686842,26.46666666666667,1.9243157890000002,3
686933,26.944444444444443,1.95074359,9
686972,27.993333333333332,1.9801875136666667,15
686973,28.27076923076923,1.9222877422000002,65
686993,27.8,1.907,5
687014,26.866666666666664,1.97505016675,13
687330,,2.02,1
687423,28.6,2.041,1
687437,,1.8114375,1
687498,28.2,1.8915882349999997,7
687607,,,4
687765,,,4
687798,27.95,1.903748251846154,13
687849,28.7,2.041,3
687953,27.3,,5
688010,27.272222222222222,1.9461000000000002,18
688953,28.26666666666667,1.9004142856000001,5
689225,27.243493150684934,1.9512498860239724,300
689520,26.919999999999998,,6
689701,28.2,2.039826087,1
690344,,2.028666667,1
690345,,1.9173958335,2
691068,26.35,1.9398142294,5
693388,27.6,1.830444444,1
693821,26.875925925925923,1.9415351933518519,162
694297,27.6,1.96025,4
694536,26.2,1.98,4
694642,28.8,,1
695365,28.0,1.8595,7
695445,26.8,1.9603230768,5
695935,,1.698,7
696136,25.8,,4
698785,,,3
699479,,2.0260236558,5
699499,,2.005692308,4
700363,,,7
700412,,,5
701151,28.3,1.992,5
701487,26.2,,4
701539,28.6,1.986058824,4
701619,,,9
702464,,1.929307692,3
702477,,,3
703106,,,4
801389,27.160000000000004,1.9106428569999998,5
