pitcher_id,pitcher_name,season,level_name,opp_1b_2b,opp_2b_3b,games,total_opps,sb,cs,attempts,attempt_rate,success_rate,sb_rate
425794,Adam Wainwright,2023,AAA,3,2,1,5,0,0,0,0.0,,0.0
445926,Jesse Chavez,2023,AAA,1,1,1,2,0,0,0,0.0,,0.0
446372,Corey Kluber,2023,AAA,4,1,2,5,3,1,4,0.8,0.75,0.6
448281,Sean Doolittle,2023,AAA,1,3,3,4,1,0,1,0.25,1.0,0.25
453178,Ian Kennedy,2023,AAA,15,6,14,21,4,1,5,0.23809523809523808,0.8,0.19047619047619047
453268,Daniel Bard,2023,AAA,1,0,1,1,0,0,0,0.0,,0.0
453343,Mark Melancon,2023,AAA,3,1,1,4,0,0,0,0.0,,0.0
455119,Chris Martin,2023,AAA,2,1,1,3,1,0,1,0.3333333333333333,1.0,0.3333333333333333
456501,Johnny Cueto,2023,AAA,13,7,5,20,1,1,2,0.1,0.5,0.05
456713,Matt Bush,2023,AAA,9,3,9,12,4,0,4,0.3333333333333333,1.0,0.3333333333333333
458677,Justin Wilson,2023,AAA,6,0,4,6,3,0,3,0.5,1.0,0.5
472551,Fernando Abad,2023,AAA,18,8,17,26,2,0,2,0.07692307692307693,1.0,0.07692307692307693
476594,Robert Stock,2023,AAA,22,13,10,35,2,1,3,0.08571428571428572,0.6666666666666666,0.05714285714285714
476595,Lucas Luetge,2023,AAA,15,12,14,27,4,0,4,0.14814814814814814,1.0,0.14814814814814814
488984,Tommy Hunter,2023,AAA,1,1,1,2,0,0,0,0.0,,0.0
491624,César Valdez,2023,AAA,91,50,27,141,13,0,13,0.09219858156028368,1.0,0.09219858156028368
500610,Deolis Guerra,2023,AAA,1,2,2,3,1,0,1,0.3333333333333333,1.0,0.3333333333333333
500779,Jose Quintana,2023,AAA,3,4,2,7,3,0,3,0.42857142857142855,1.0,0.42857142857142855
502083,Zach McAllister,2023,AAA,35,21,31,56,9,0,9,0.16071428571428573,1.0,0.16071428571428573
502179,Paolo Espino,2023,AAA,32,15,13,47,8,1,9,0.19148936170212766,0.8888888888888888,0.1702127659574468
502202,Brad Boxberger,2023,AAA,5,2,5,7,1,0,1,0.14285714285714285,1.0,0.14285714285714285
502624,Chase Anderson,2023,AAA,22,10,7,32,6,1,7,0.21875,0.8571428571428571,0.1875
503449,Wily Peralta,2023,AAA,73,35,22,108,11,5,16,0.14814814814814814,0.6875,0.10185185185185185
516853,Wilking Rodríguez,2023,AAA,5,2,5,7,2,0,2,0.2857142857142857,1.0,0.2857142857142857
517008,Alex Colomé,2023,AAA,28,18,21,46,5,1,6,0.13043478260869565,0.8333333333333334,0.10869565217391304
518585,Fernando Cruz,2023,AAA,2,0,1,2,0,0,0,0.0,,0.0
518586,Charlie Culberson,2023,AAA,4,4,3,8,0,0,0,0.0,,0.0
518633,Danny Duffy,2023,AAA,6,2,4,8,1,0,1,0.125,1.0,0.125
519008,T.J. McFarland,2023,AAA,43,23,33,66,4,1,5,0.07575757575757576,0.8,0.06060606060606061
519076,Jimmy Nelson,2023,AAA,28,10,23,38,9,2,11,0.2894736842105263,0.8181818181818182,0.23684210526315788
519141,Drew Pomeranz,2023,AAA,5,3,3,8,0,0,0,0.0,,0.0
519242,Chris Sale,2023,AAA,2,1,2,3,0,0,0,0.0,,0.0
519326,Hunter Strickland,2023,AAA,12,7,7,19,6,0,6,0.3157894736842105,1.0,0.3157894736842105
519393,Marcus Walden,2023,AAA,57,19,17,76,11,0,11,0.14473684210526316,1.0,0.14473684210526316
521230,Liam Hendriks,2023,AAA,4,0,2,4,0,0,0,0.0,,0.0
527054,Julio Teheran,2023,AAA,43,21,11,64,5,2,7,0.109375,0.7142857142857143,0.078125
541640,Erasmo Ramírez,2023,AAA,17,6,7,23,1,1,2,0.08695652173913043,0.5,0.043478260869565216
542609,Enrique Burgos,2023,AAA,5,3,3,8,1,0,1,0.125,1.0,0.125
542882,Matt Andriese,2023,AAA,63,30,20,93,4,6,10,0.10752688172043011,0.4,0.043010752688172046
542888,Shawn Armstrong,2023,AAA,2,0,2,2,1,0,1,0.5,1.0,0.5
542947,Richard Bleier,2023,AAA,3,2,3,5,2,0,2,0.4,1.0,0.4
543022,Tyler Chatwood,2023,AAA,6,1,4,7,1,0,1,0.14285714285714285,1.0,0.14285714285714285
543294,Kyle Hendricks,2023,AAA,9,6,5,15,4,0,4,0.26666666666666666,1.0,0.26666666666666666
543351,Jay Jackson,2023,AAA,15,7,11,22,5,0,5,0.22727272727272727,1.0,0.22727272727272727
543507,Trevor May,2023,AAA,1,1,2,2,0,0,0,0.0,,0.0
543521,Collin McHugh,2023,AAA,4,0,2,4,0,0,0,0.0,,0.0
543548,Tommy Milone,2023,AAA,47,23,20,70,7,1,8,0.11428571428571428,0.875,0.1
543557,Mike Montgomery,2023,AAA,57,33,18,90,19,2,21,0.23333333333333334,0.9047619047619048,0.2111111111111111
543594,Sean Nolin,2023,AAA,9,6,5,15,0,1,1,0.06666666666666667,0.0,0.0
543766,Bryan Shaw,2023,AAA,20,5,16,25,3,1,4,0.16,0.75,0.12
543901,Ryan Weber,2023,AAA,16,11,6,27,1,0,1,0.037037037037037035,1.0,0.037037037037037035
543921,Joe Wieland,2023,AAA,29,19,19,48,5,0,5,0.10416666666666667,1.0,0.10416666666666667
545343,Louis Head,2023,AAA,10,3,5,13,1,0,1,0.07692307692307693,1.0,0.07692307692307693
547001,Cody Poteet,2023,AAA,1,0,1,1,0,0,0,0.0,,0.0
547172,Tony Wolters,2023,AAA,0,1,1,1,0,0,0,0.0,,0.0
547179,Michael Lorenzen,2023,AAA,2,1,1,3,0,0,0,0.0,,0.0
547184,Michael Kelly,2023,AAA,30,11,24,41,6,0,6,0.14634146341463414,1.0,0.14634146341463414
547943,Hyun Jin Ryu,2023,AAA,4,0,2,4,0,0,0,0.0,,0.0
548389,Ross Stripling,2023,AAA,1,0,1,1,0,0,0,0.0,,0.0
552640,Andrew Kittredge,2023,AAA,10,5,7,15,2,0,2,0.13333333333333333,1.0,0.13333333333333333
553968,Endrys Briceno,2023,AAA,6,4,6,10,2,0,2,0.2,1.0,0.2
570257,Joely Rodríguez,2023,AAA,6,3,5,9,2,0,2,0.2222222222222222,1.0,0.2222222222222222
570488,Phillips Valdez,2023,AAA,55,26,20,81,12,2,14,0.1728395061728395,0.8571428571428571,0.14814814814814814
570560,Yolmer Sánchez,2023,AAA,1,1,1,2,0,0,0,0.0,,0.0
570632,José Ureña,2023,AAA,59,35,18,94,7,1,8,0.0851063829787234,0.875,0.07446808510638298
570666,Luis Cessa,2023,AAA,25,18,15,43,1,0,1,0.023255813953488372,1.0,0.023255813953488372
571035,William Cuevas,2023,AAA,26,12,11,38,7,0,7,0.18421052631578946,1.0,0.18421052631578946
571479,Andrew Bellatti,2023,AAA,14,5,13,19,3,0,3,0.15789473684210525,1.0,0.15789473684210525
571539,Matt Carasiti,2023,AAA,14,6,17,20,0,0,0,0.0,,0.0
571616,Matt Dermody,2023,AAA,31,20,10,51,8,3,11,0.21568627450980393,0.7272727272727273,0.1568627450980392
571704,Ken Giles,2023,AAA,19,12,18,31,8,0,8,0.25806451612903225,1.0,0.25806451612903225
571710,Mychal Givens,2023,AAA,6,4,5,10,4,0,4,0.4,1.0,0.4
571800,Drew Hutchison,2023,AAA,68,39,24,107,16,3,19,0.17757009345794392,0.8421052631578947,0.14953271028037382
571825,James Jones,2023,AAA,17,9,10,26,1,0,1,0.038461538461538464,1.0,0.038461538461538464
571863,Matt Koch,2023,AAA,23,16,23,39,2,0,2,0.05128205128205128,1.0,0.05128205128205128
571882,Derek Law,2023,AAA,2,1,2,3,0,0,0,0.0,,0.0
571946,Shelby Miller,2023,AAA,1,3,3,4,2,0,2,0.5,1.0,0.5
572020,James Paxton,2023,AAA,21,8,5,29,3,0,3,0.10344827586206896,1.0,0.10344827586206896
572096,Trevor Rosenthal,2023,AAA,3,1,2,4,0,0,0,0.0,,0.0
572193,Ryan Tepera,2023,AAA,2,0,2,2,2,0,2,1.0,1.0,1.0
572362,Robbie Erlin,2023,AAA,50,31,17,81,10,2,12,0.14814814814814814,0.8333333333333334,0.12345679012345678
572383,Brian Moran,2023,AAA,30,15,26,45,4,3,7,0.15555555555555556,0.5714285714285714,0.08888888888888889
572703,Luke Bard,2023,AAA,21,21,13,42,5,1,6,0.14285714285714285,0.8333333333333334,0.11904761904761904
572888,Shane Greene,2023,AAA,16,8,8,24,2,0,2,0.08333333333333333,1.0,0.08333333333333333
572971,Dallas Keuchel,2023,AAA,17,6,6,23,2,0,2,0.08695652173913043,1.0,0.08695652173913043
573009,Joe Mantiply,2023,AAA,9,8,8,17,1,0,1,0.058823529411764705,1.0,0.058823529411764705
573046,Mike Morin,2023,AAA,14,6,14,20,2,0,2,0.1,1.0,0.1
573204,Caleb Thielbar,2023,AAA,2,0,1,2,1,0,1,0.5,1.0,0.5
573668,Juan Minaya,2023,AAA,8,3,7,11,4,0,4,0.36363636363636365,1.0,0.36363636363636365
592145,Jesse Biddle,2023,AAA,8,7,6,15,0,0,0,0.0,,0.0
592155,Cam Booser,2023,AAA,31,17,31,48,3,0,3,0.0625,1.0,0.0625
592169,Austin Brice,2023,AAA,24,15,24,39,1,0,1,0.02564102564102564,1.0,0.02564102564102564
592222,Alex Claudio,2023,AAA,40,18,32,58,0,0,0,0.0,,0.0
592229,Dylan Covey,2023,AAA,25,12,7,37,5,0,5,0.13513513513513514,1.0,0.13513513513513514
592254,José De León,2023,AAA,14,8,8,22,1,0,1,0.045454545454545456,1.0,0.045454545454545456
592288,Kent Emanuel,2023,AAA,49,31,19,80,3,1,4,0.05,0.75,0.0375
592346,Chi Chi González,2023,AAA,83,54,24,137,8,3,11,0.08029197080291971,0.7272727272727273,0.058394160583941604
592390,Heath Hembree,2023,AAA,12,5,9,17,7,0,7,0.4117647058823529,1.0,0.4117647058823529
592411,Ben Holmes,2023,AAA,8,4,5,12,0,0,0,0.0,,0.0
592426,Luke Jackson,2023,AAA,4,1,3,5,2,0,2,0.4,1.0,0.4
592454,Tommy Kahnle,2023,AAA,1,0,1,1,0,0,0,0.0,,0.0
592455,Jake Kalish,2023,AAA,103,47,30,150,17,5,22,0.14666666666666667,0.7727272727272727,0.11333333333333333
592473,Adam Kolarek,2023,AAA,30,15,25,45,4,0,4,0.08888888888888889,1.0,0.08888888888888889
592527,Michael Mariot,2023,AAA,31,10,11,41,0,0,0,0.0,,0.0
592712,Connor Sadzeck,2023,AAA,25,18,18,43,7,2,9,0.20930232558139536,0.7777777777777778,0.16279069767441862
592716,Adrian Sampson,2023,AAA,17,13,7,30,3,0,3,0.1,1.0,0.1
592717,Aaron Sanchez,2023,AAA,80,36,22,116,9,0,9,0.07758620689655173,1.0,0.07758620689655173
592741,Chasen Shreve,2023,AAA,2,0,1,2,0,0,0,0.0,,0.0
592761,Caleb Smith,2023,AAA,29,14,10,43,4,0,4,0.09302325581395349,1.0,0.09302325581395349
592769,D.J. Snelten,2023,AAA,34,20,25,54,6,2,8,0.14814814814814814,0.75,0.1111111111111111
592773,Ryne Stanek,2023,AAA,1,1,1,2,1,0,1,0.5,1.0,0.5
592779,Brock Stewart,2023,AAA,2,2,3,4,0,0,0,0.0,,0.0
592789,Noah Syndergaard,2023,AAA,1,4,2,5,5,0,5,1.0,1.0,1.0
592826,Vince Velasquez,2023,AAA,1,0,1,1,0,0,0,0.0,,0.0
592831,Konner Wade,2023,AAA,46,20,11,66,6,3,9,0.13636363636363635,0.6666666666666666,0.09090909090909091
592848,Zack Weiss,2023,AAA,26,13,23,39,4,1,5,0.1282051282051282,0.8,0.10256410256410256
592858,Rowan Wick,2023,AAA,28,16,23,44,8,1,9,0.20454545454545456,0.8888888888888888,0.18181818181818182
592865,Taylor Williams,2023,AAA,32,19,20,51,2,0,2,0.0392156862745098,1.0,0.0392156862745098
593140,Michael Feliz,2023,AAA,7,5,6,12,0,0,0,0.0,,0.0
593144,Richard Rodríguez,2023,AAA,33,19,28,52,7,0,7,0.1346153846153846,1.0,0.1346153846153846
593423,Frankie Montas,2023,AAA,2,1,2,3,0,0,0,0.0,,0.0
593604,Alberto Baldonado,2023,AAA,15,8,17,23,1,1,2,0.08695652173913043,0.5,0.043478260869565216
593619,Domingo Tapia,2023,AAA,20,11,17,31,5,0,5,0.16129032258064516,1.0,0.16129032258064516
593833,Wander Suero,2023,AAA,23,13,24,36,2,0,2,0.05555555555555555,1.0,0.05555555555555555
593958,Eduardo Rodriguez,2023,AAA,3,0,1,3,0,0,0,0.0,,0.0
594027,Tayron Guerrero,2023,AAA,24,12,18,36,3,2,5,0.1388888888888889,0.6,0.08333333333333333
594311,Jandel Gustave,2023,AAA,13,4,7,17,0,0,0,0.0,,0.0
594577,Mike Mayers,2023,AAA,46,31,22,77,4,0,4,0.05194805194805195,1.0,0.05194805194805195
594694,Wilmer Difo,2023,AAA,0,5,3,5,0,0,0,0.0,,0.0
594902,Ben Lively,2023,AAA,17,9,6,26,3,0,3,0.11538461538461539,1.0,0.11538461538461539
594943,Zach Neal,2023,AAA,47,23,16,70,2,1,3,0.04285714285714286,0.6666666666666666,0.02857142857142857
594965,Daniel Ponce de Leon,2023,AAA,25,15,8,40,0,0,0,0.0,,0.0
594987,Casey Sadler,2023,AAA,13,4,9,17,1,1,2,0.11764705882352941,0.5,0.058823529411764705
595014,Blake Treinen,2023,AAA,1,0,1,1,2,0,2,2.0,1.0,2.0
595191,Jerad Eickhoff,2023,AAA,50,20,14,70,8,3,11,0.15714285714285714,0.7272727272727273,0.11428571428571428
595345,Steven Okert,2023,AAA,0,1,1,1,0,0,0,0.0,,0.0
595411,Ryan Sherriff,2023,AAA,17,12,16,29,5,0,5,0.1724137931034483,1.0,0.1724137931034483
595897,Nick Burdi,2023,AAA,17,7,17,24,4,1,5,0.20833333333333334,0.8,0.16666666666666666
595928,John Curtiss,2023,AAA,15,5,12,20,0,1,1,0.05,0.0,0.0
596043,Daniel Mengden,2023,AAA,41,30,23,71,14,1,15,0.2112676056338028,0.9333333333333333,0.19718309859154928
596057,Daniel Norris,2023,AAA,55,24,20,79,10,1,11,0.13924050632911392,0.9090909090909091,0.12658227848101267
596082,Jake Reed,2023,AAA,26,16,22,42,5,1,6,0.14285714285714285,0.8333333333333334,0.11904761904761904
596112,Robert Stephenson,2023,AAA,5,0,4,5,2,0,2,0.4,1.0,0.4
596133,Luke Weaver,2023,AAA,2,1,1,3,1,0,1,0.3333333333333333,1.0,0.3333333333333333
596271,Casey Lawrence,2023,AAA,57,35,19,92,13,2,15,0.16304347826086957,0.8666666666666667,0.14130434782608695
598286,Nick Ramirez,2023,AAA,16,7,9,23,0,0,0,0.0,,0.0
600355,Tyler Herb,2023,AAA,4,2,3,6,1,0,1,0.16666666666666666,1.0,0.16666666666666666
600887,Miguel Del Pozo,2023,AAA,8,7,7,15,1,0,1,0.06666666666666667,1.0,0.06666666666666667
600921,Andrés Machado,2023,AAA,19,10,15,29,8,1,9,0.3103448275862069,0.8888888888888888,0.27586206896551724
600986,Thyago Vieira,2023,AAA,22,12,20,34,8,1,9,0.2647058823529412,0.8888888888888888,0.23529411764705882
605121,Justin Anderson,2023,AAA,2,0,2,2,0,0,0,0.0,,0.0
605151,Archie Bradley,2023,AAA,24,2,11,26,3,2,5,0.19230769230769232,0.6,0.11538461538461539
605154,John Brebbia,2023,AAA,3,1,2,4,0,0,0,0.0,,0.0
605155,Colten Brewer,2023,AAA,7,2,6,9,2,1,3,0.3333333333333333,0.6666666666666666,0.2222222222222222
605156,Aaron Brooks,2023,AAA,39,24,30,63,4,0,4,0.06349206349206349,1.0,0.06349206349206349
605164,Dylan Bundy,2023,AAA,16,7,6,23,2,1,3,0.13043478260869565,0.6666666666666666,0.08695652173913043
605196,Kevin Cron,2023,AAA,0,2,1,2,0,0,0,0.0,,0.0
605200,Zach Davies,2023,AAA,12,7,3,19,0,2,2,0.10526315789473684,0.0,0.0
605240,Jace Fry,2023,AAA,5,6,6,11,0,1,1,0.09090909090909091,0.0,0.0
605288,Adrian Houser,2023,AAA,13,1,4,14,2,1,3,0.21428571428571427,0.6666666666666666,0.14285714285714285
605361,Nick Martini,2023,AAA,3,1,2,4,0,0,0,0.0,,0.0
605397,Joe Musgrove,2023,AAA,3,3,1,6,2,0,2,0.3333333333333333,1.0,0.3333333333333333
605441,Yacksel Ríos,2023,AAA,7,9,10,16,3,1,4,0.25,0.75,0.1875
605446,Dereck Rodríguez,2023,AAA,49,14,24,63,6,0,6,0.09523809523809523,1.0,0.09523809523809523
605447,Jordan Romano,2023,AAA,1,1,1,2,0,1,1,0.5,0.0,0.0
605452,Joe Ross,2023,AAA,6,1,3,7,2,0,2,0.2857142857142857,1.0,0.2857142857142857
605463,Tayler Scott,2023,AAA,27,14,21,41,7,0,7,0.17073170731707318,1.0,0.17073170731707318
605498,Andrew Suárez,2023,AAA,45,21,24,66,3,1,4,0.06060606060606061,0.75,0.045454545454545456
605507,Zach Thompson,2023,AAA,73,27,23,100,7,4,11,0.11,0.6363636363636364,0.07
605513,Spencer Turnbull,2023,AAA,16,10,6,26,3,0,3,0.11538461538461539,1.0,0.11538461538461539
605538,Matt Wisler,2023,AAA,32,25,33,57,7,1,8,0.14035087719298245,0.875,0.12280701754385964
605540,Brandon Woodruff,2023,AAA,3,1,1,4,1,0,1,0.25,1.0,0.25
605795,Angel Sánchez,2023,AAA,36,21,19,57,3,0,3,0.05263157894736842,1.0,0.05263157894736842
606019,Esteban Quiroz,2023,AAA,2,2,1,4,0,0,0,0.0,,0.0
606273,Roenis Elías,2023,AAA,9,4,4,13,1,0,1,0.07692307692307693,1.0,0.07692307692307693
606625,Reyes Moronta,2023,AAA,31,12,23,43,4,1,5,0.11627906976744186,0.8,0.09302325581395349
606930,Jacob Barnes,2023,AAA,27,23,24,50,3,1,4,0.08,0.75,0.06
606965,Chris Devenski,2023,AAA,3,4,4,7,0,0,0,0.0,,0.0
606993,Jake Hager,2023,AAA,1,0,1,1,0,0,0,0.0,,0.0
606996,Kyle Hart,2023,AAA,75,31,18,106,10,3,13,0.12264150943396226,0.7692307692307693,0.09433962264150944
607067,Colin Rea,2023,AAA,11,5,4,16,3,1,4,0.25,0.75,0.1875
607179,Jordan Weems,2023,AAA,12,12,10,24,1,0,1,0.041666666666666664,1.0,0.041666666666666664
607188,Jake Faria,2023,AAA,35,29,18,64,8,2,10,0.15625,0.8,0.125
607192,Tyler Glasnow,2023,AAA,5,1,3,6,2,0,2,0.3333333333333333,1.0,0.3333333333333333
607216,Joey Krehbiel,2023,AAA,23,9,17,32,5,0,5,0.15625,1.0,0.15625
607237,Amir Garrett,2023,AAA,7,3,7,10,0,0,0,0.0,,0.0
607359,Spencer Patton,2023,AAA,36,18,30,54,6,0,6,0.1111111111111111,1.0,0.1111111111111111
607455,Anthony Banda,2023,AAA,53,28,30,81,13,0,13,0.16049382716049382,1.0,0.16049382716049382
607457,Kyle Barraclough,2023,AAA,51,21,14,72,10,8,18,0.25,0.5555555555555556,0.1388888888888889
607644,John Means,2023,AAA,8,1,3,9,0,0,0,0.0,,0.0
607755,Andrew Vasquez,2023,AAA,8,1,5,9,0,0,0,0.0,,0.0
607968,Drew Rucinski,2023,AAA,5,3,3,8,1,0,1,0.125,1.0,0.125
608328,Chase De Jong,2023,AAA,22,14,19,36,3,1,4,0.1111111111111111,0.75,0.08333333333333333
608331,Max Fried,2023,AAA,7,2,3,9,0,1,1,0.1111111111111111,0.0,0.0
608334,Carson Fulmer,2023,AAA,32,16,11,48,7,1,8,0.16666666666666666,0.875,0.14583333333333334
608344,Cole Irvin,2023,AAA,23,12,8,35,0,0,0,0.0,,0.0
608371,Lucas Sims,2023,AAA,1,0,1,1,0,0,0,0.0,,0.0
608379,Michael Wacha,2023,AAA,3,2,1,5,2,0,2,0.4,1.0,0.4
608638,JT Chargois,2023,AAA,2,0,2,2,1,0,1,0.5,1.0,0.5
608648,Tyler Duffey,2023,AAA,17,9,16,26,2,0,2,0.07692307692307693,1.0,0.07692307692307693
608652,Luke Farrell,2023,AAA,35,23,31,58,3,1,4,0.06896551724137931,0.75,0.05172413793103448
608678,Dominic Leone,2023,AAA,2,3,3,5,0,0,0,0.0,,0.0
608718,Brent Suter,2023,AAA,1,0,1,1,0,0,0,0.0,,0.0
608723,Austin Voth,2023,AAA,14,7,8,21,0,1,1,0.047619047619047616,0.0,0.0
611093,Silvino Bracho,2023,AAA,23,10,23,33,1,0,1,0.030303030303030304,1.0,0.030303030303030304
613534,Austin Adams,2023,AAA,7,2,7,9,0,0,0,0.0,,0.0
613546,Angelo Castellano,2023,AAA,2,0,1,2,0,0,0,0.0,,0.0
613548,Pedro Fernandez,2023,AAA,37,14,15,51,7,1,8,0.1568627450980392,0.875,0.13725490196078433
613564,Jason Vosler,2023,AAA,1,2,1,3,0,0,0,0.0,,0.0
614177,Franmil Reyes,2023,AAA,2,1,1,3,0,0,0,0.0,,0.0
614179,José Ruiz,2023,AAA,15,6,11,21,6,0,6,0.2857142857142857,1.0,0.2857142857142857
615698,Cal Quantrill,2023,AAA,10,5,3,15,5,1,6,0.4,0.8333333333333334,0.3333333333333333
620445,José Mujica,2023,AAA,19,12,13,31,8,0,8,0.25806451612903225,1.0,0.25806451612903225
620454,José Castillo,2023,AAA,28,15,24,43,3,1,4,0.09302325581395349,0.75,0.06976744186046512
621002,Daniel Robertson,2023,AAA,1,0,1,1,0,0,0,0.0,,0.0
621053,Tyler Ferguson,2023,AAA,51,35,40,86,7,1,8,0.09302325581395349,0.875,0.08139534883720931
621057,Justin Garza,2023,AAA,30,14,19,44,3,0,3,0.06818181818181818,1.0,0.06818181818181818
621074,Michael Rucker,2023,AAA,10,1,7,11,0,0,0,0.0,,0.0
621076,James Kaprielian,2023,AAA,7,0,2,7,2,0,2,0.2857142857142857,1.0,0.2857142857142857
621086,James Marvel,2023,AAA,24,8,6,32,0,1,1,0.03125,0.0,0.0
621098,Eric Hanhold,2023,AAA,42,27,33,69,7,1,8,0.11594202898550725,0.875,0.10144927536231885
621103,Teddy Stankiewicz,2023,AAA,21,9,7,30,0,0,0,0.0,,0.0
621112,Paul Blackburn,2023,AAA,20,4,5,24,4,0,4,0.16666666666666666,1.0,0.16666666666666666
621114,Ryan Burr,2023,AAA,13,6,10,19,1,1,2,0.10526315789473684,0.5,0.05263157894736842
621129,Kyle Cody,2023,AAA,59,25,27,84,9,2,11,0.13095238095238096,0.8181818181818182,0.10714285714285714
621139,Brooks Kriske,2023,AAA,16,13,17,29,3,0,3,0.10344827586206896,1.0,0.10344827586206896
621142,Ty Buttrey,2023,AAA,9,11,9,20,2,0,2,0.1,1.0,0.1
621199,Matt Bowman,2023,AAA,38,20,34,58,6,1,7,0.1206896551724138,0.8571428571428571,0.10344827586206896
621219,Alec Mills,2023,AAA,25,4,10,29,0,0,0,0.0,,0.0
621237,José Alvarado,2023,AAA,1,1,2,2,1,0,1,0.5,1.0,0.5
621249,Duane Underwood Jr.,2023,AAA,18,14,9,32,5,0,5,0.15625,1.0,0.15625
621294,Ben Heller,2023,AAA,26,16,23,42,5,0,5,0.11904761904761904,1.0,0.11904761904761904
621295,Nick Wittgren,2023,AAA,21,10,19,31,1,1,2,0.06451612903225806,0.5,0.03225806451612903
621345,A.J. Minter,2023,AAA,2,0,2,2,0,0,0,0.0,,0.0
621348,Sam Clay,2023,AAA,44,18,30,62,2,0,2,0.03225806451612903,1.0,0.03225806451612903
621366,Ryan Borucki,2023,AAA,13,10,11,23,3,1,4,0.17391304347826086,0.75,0.13043478260869565
621368,Taylor Hearn,2023,AAA,43,17,29,60,8,1,9,0.15,0.8888888888888888,0.13333333333333333
621383,Tanner Banks,2023,AAA,14,8,10,22,1,0,1,0.045454545454545456,1.0,0.045454545454545456
621389,Ty Blach,2023,AAA,17,9,9,26,0,0,0,0.0,,0.0
621593,Anthony Castro,2023,AAA,3,2,2,5,0,0,0,0.0,,0.0
622072,Alex Wood,2023,AAA,3,2,2,5,0,0,0,0.0,,0.0
622088,Tejay Antone,2023,AAA,9,4,7,13,1,0,1,0.07692307692307693,1.0,0.07692307692307693
622103,Gerardo Reyes,2023,AAA,23,17,24,40,3,1,4,0.1,0.75,0.075
622250,Josh Sborz,2023,AAA,2,0,2,2,1,0,1,0.5,1.0,0.5
622251,Josh Staumont,2023,AAA,1,0,1,1,0,0,0,0.0,,0.0
622253,Dillon Tate,2023,AAA,6,3,6,9,1,0,1,0.1111111111111111,1.0,0.1111111111111111
622259,Trey Wingenter,2023,AAA,15,7,14,22,2,0,2,0.09090909090909091,1.0,0.09090909090909091
622338,Jesús Liranzo,2023,AAA,7,5,6,12,3,0,3,0.25,1.0,0.25
622503,Nabil Crismatt,2023,AAA,44,16,19,60,4,1,5,0.08333333333333333,0.8,0.06666666666666667
622554,Seranthony Domínguez,2023,AAA,1,0,1,1,0,0,0,0.0,,0.0
622608,Antonio Senzatela,2023,AAA,4,8,2,12,1,0,1,0.08333333333333333,1.0,0.08333333333333333
622663,Luis Severino,2023,AAA,1,0,1,1,0,0,0,0.0,,0.0
622694,Elieser Hernández,2023,AAA,4,0,2,4,0,0,0,0.0,,0.0
622766,Miguel Díaz,2023,AAA,31,14,24,45,3,0,3,0.06666666666666667,1.0,0.06666666666666667
622780,Angel Perdomo,2023,AAA,17,7,13,24,2,0,2,0.08333333333333333,1.0,0.08333333333333333
622864,Fernando Romero,2023,AAA,9,4,2,13,0,2,2,0.15384615384615385,0.0,0.0
623167,Chris Flexen,2023,AAA,4,1,2,5,1,0,1,0.2,1.0,0.2
623211,Huascar Brazobán,2023,AAA,1,3,1,4,2,0,2,0.5,1.0,0.5
623354,Daniel Zamora,2023,AAA,24,16,21,40,3,0,3,0.075,1.0,0.075
623381,Thomas Pannone,2023,AAA,23,10,10,33,0,1,1,0.030303030303030304,0.0,0.0
623433,Nick Anderson,2023,AAA,3,1,2,4,1,0,1,0.25,1.0,0.25
623437,Justin Topa,2023,AAA,2,1,2,3,2,0,2,0.6666666666666666,1.0,0.6666666666666666
623451,Jackson Stephens,2023,AAA,16,6,10,22,3,1,4,0.18181818181818182,0.75,0.13636363636363635
623474,Jimmy Herget,2023,AAA,17,8,15,25,1,0,1,0.04,1.0,0.04
623485,Ashton Goudeau,2023,AAA,42,22,18,64,7,0,7,0.109375,1.0,0.109375
623520,David Bote,2023,AAA,1,1,1,2,0,0,0,0.0,,0.0
624133,Ranger Suárez,2023,AAA,1,1,1,2,1,0,1,0.5,1.0,0.5
624427,Stephen Gonsalves,2023,AAA,9,5,8,14,1,0,1,0.07142857142857142,1.0,0.07142857142857142
624522,Keegan Thompson,2023,AAA,21,14,18,35,4,0,4,0.11428571428571428,1.0,0.11428571428571428
624526,Garrett Williams,2023,AAA,45,24,34,69,5,0,5,0.07246376811594203,1.0,0.07246376811594203
624647,Victor González,2023,AAA,13,11,12,24,4,1,5,0.20833333333333334,0.8,0.16666666666666666
628317,Kenta Maeda,2023,AAA,7,2,3,9,1,0,1,0.1111111111111111,1.0,0.1111111111111111
628345,Darien Núñez,2023,AAA,9,9,10,18,1,0,1,0.05555555555555555,1.0,0.05555555555555555
628452,Raisel Iglesias,2023,AAA,1,0,1,1,0,0,0,0.0,,0.0
628708,Yunior Marte,2023,AAA,13,7,11,20,2,2,4,0.2,0.5,0.1
628709,Ofreidy Gómez,2023,AAA,21,17,15,38,2,0,2,0.05263157894736842,1.0,0.05263157894736842
629498,Johan Quezada,2023,AAA,32,13,22,45,4,1,5,0.1111111111111111,0.8,0.08888888888888889
630023,Yonny Chirinos,2023,AAA,14,8,4,22,2,0,2,0.09090909090909091,1.0,0.09090909090909091
640444,Wil Crowe,2023,AAA,23,9,10,32,0,0,0,0.0,,0.0
640454,Matt Krook,2023,AAA,15,10,14,25,3,0,3,0.12,1.0,0.12
640460,Dustin Peterson,2023,AAA,1,1,1,2,0,0,0,0.0,,0.0
641149,Wes Parsons,2023,AAA,52,17,17,69,11,0,11,0.15942028985507245,1.0,0.15942028985507245
641312,Shaun Anderson,2023,AAA,29,10,11,39,2,0,2,0.05128205128205128,1.0,0.05128205128205128
641329,Bryan Baker,2023,AAA,11,5,8,16,0,0,0,0.0,,0.0
641386,Ben Bowden,2023,AAA,35,14,29,49,3,1,4,0.08163265306122448,0.75,0.061224489795918366
641401,Connor Brogdon,2023,AAA,14,10,14,24,2,2,4,0.16666666666666666,0.5,0.08333333333333333
641409,Zack Brown,2023,AAA,25,14,13,39,1,1,2,0.05128205128205128,0.5,0.02564102564102564
641420,Zack Burdi,2023,AAA,13,4,9,17,3,0,3,0.17647058823529413,1.0,0.17647058823529413
641427,Alan Busenitz,2023,AAA,36,13,26,49,1,0,1,0.02040816326530612,1.0,0.02040816326530612
641447,Daniel Castano,2023,AAA,33,21,13,54,7,0,7,0.12962962962962962,1.0,0.12962962962962962
641464,Trey Cobb,2023,AAA,26,10,21,36,3,0,3,0.08333333333333333,1.0,0.08333333333333333
641470,Zack Collins,2023,AAA,2,2,1,4,0,0,0,0.0,,0.0
641501,Tyler Danish,2023,AAA,20,12,20,32,2,1,3,0.09375,0.6666666666666666,0.0625
641569,Xavier Fernández,2023,AAA,1,1,1,2,0,0,0,0.0,,0.0
641576,Bernardo Flores Jr.,2023,AAA,4,4,3,8,4,0,4,0.5,1.0,0.5
641585,J.P. France,2023,AAA,6,6,4,12,1,0,1,0.08333333333333333,1.0,0.08333333333333333
641627,Trevor Gott,2023,AAA,2,0,1,2,0,1,1,0.5,0.0,0.0
641672,Thomas Hatch,2023,AAA,28,13,20,41,10,1,11,0.2682926829268293,0.9090909090909091,0.24390243902439024
641682,Ryan Hendrix,2023,AAA,1,1,2,2,1,0,1,0.5,1.0,0.5
641703,Brent Honeywell,2023,AAA,10,6,4,16,4,0,4,0.25,1.0,0.25
641712,Dakota Hudson,2023,AAA,44,23,11,67,4,1,5,0.07462686567164178,0.8,0.05970149253731343
641733,Connor Johnstone,2023,AAA,8,6,3,14,1,0,1,0.07142857142857142,1.0,0.07142857142857142
641739,Rob Kaminsky,2023,AAA,19,9,12,28,2,1,3,0.10714285714285714,0.6666666666666666,0.07142857142857142
641743,Anthony Kay,2023,AAA,35,11,21,46,3,2,5,0.10869565217391304,0.6,0.06521739130434782
641745,Brad Keller,2023,AAA,8,9,8,17,0,0,0,0.0,,0.0
641755,Tyler Kinley,2023,AAA,4,1,3,5,0,0,0,0.0,,0.0
641778,Eric Lauer,2023,AAA,35,14,12,49,4,0,4,0.08163265306122448,1.0,0.08163265306122448
641793,Zack Littell,2023,AAA,7,4,4,11,0,0,0,0.0,,0.0
641849,Aaron McGarity,2023,AAA,42,21,31,63,12,1,13,0.20634920634920634,0.9230769230769231,0.19047619047619047
641851,Kyle McGowin,2023,AAA,32,24,16,56,9,2,11,0.19642857142857142,0.8181818181818182,0.16071428571428573
641871,Keynan Middleton,2023,AAA,2,0,2,2,0,0,0,0.0,,0.0
641907,Patrick Murphy,2023,AAA,55,34,36,89,1,1,2,0.02247191011235955,0.5,0.011235955056179775
641924,Jacob Nottingham,2023,AAA,2,0,1,2,0,0,0,0.0,,0.0
641927,Bailey Ober,2023,AAA,8,5,5,13,2,1,3,0.23076923076923078,0.6666666666666666,0.15384615384615385
641945,Preston Palmeiro,2023,AAA,1,1,1,2,0,0,0,0.0,,0.0
641949,John Parke,2023,AAA,41,19,13,60,3,3,6,0.1,0.5,0.05
641995,Roel Ramírez,2023,AAA,13,8,10,21,0,0,0,0.0,,0.0
642016,Daniel Robert,2023,AAA,31,17,24,48,2,1,3,0.0625,0.6666666666666666,0.041666666666666664
642028,Josh Rogers,2023,AAA,68,40,27,108,4,0,4,0.037037037037037035,1.0,0.037037037037037035
642048,Tayler Saucedo,2023,AAA,3,0,3,3,1,0,1,0.3333333333333333,1.0,0.3333333333333333
642092,Riley Smith,2023,AAA,8,5,2,13,1,0,1,0.07692307692307693,1.0,0.07692307692307693
642121,Cole Sulser,2023,AAA,14,4,10,18,1,0,1,0.05555555555555555,1.0,0.05555555555555555
642130,Blake Taylor,2023,AAA,35,22,26,57,5,1,6,0.10526315789473684,0.8333333333333334,0.08771929824561403
642141,Jake Thompson,2023,AAA,11,9,7,20,1,0,1,0.05,1.0,0.05
642216,Allan Winans,2023,AAA,66,27,22,93,9,1,10,0.10752688172043011,0.9,0.0967741935483871
642220,Jantzen Witte,2023,AAA,1,1,1,2,0,0,0,0.0,,0.0
642231,Jimmy Yacabonis,2023,AAA,14,6,13,20,3,0,3,0.15,1.0,0.15
642232,Ryan Yarbrough,2023,AAA,8,1,3,9,2,0,2,0.2222222222222222,1.0,0.2222222222222222
642239,Rob Zastryzny,2023,AAA,8,3,8,11,0,0,0,0.0,,0.0
642271,Fernery Ozuna,2023,AAA,35,15,24,50,2,1,3,0.06,0.6666666666666666,0.04
642376,Jefry Yan,2023,AAA,6,5,5,11,1,0,1,0.09090909090909091,1.0,0.09090909090909091
642528,Jonathan Loáisiga,2023,AAA,1,1,1,2,0,0,0,0.0,,0.0
642530,Luis Reyes,2023,AAA,52,29,37,81,10,0,10,0.12345679012345678,1.0,0.12345679012345678
642546,Jonathan Hernández,2023,AAA,20,8,15,28,6,1,7,0.25,0.8571428571428571,0.21428571428571427
642563,Raffi Vizcaíno,2023,AAA,15,4,10,19,1,1,2,0.10526315789473684,0.5,0.05263157894736842
642575,Gerson Moreno,2023,AAA,52,24,38,76,4,0,4,0.05263157894736842,1.0,0.05263157894736842
642578,José Rodríguez,2023,AAA,71,33,29,104,9,1,10,0.09615384615384616,0.9,0.08653846153846154
642584,Franklyn Kilome,2023,AAA,5,8,3,13,1,1,2,0.15384615384615385,0.5,0.07692307692307693
642701,Dennis Santana,2023,AAA,28,19,21,47,7,4,11,0.23404255319148937,0.6363636363636364,0.14893617021276595
642758,Domingo Acevedo,2023,AAA,5,3,5,8,2,0,2,0.25,1.0,0.25
642759,Julian Fernández,2023,AAA,10,5,6,15,3,0,3,0.2,1.0,0.2
642770,Javy Guerra,2023,AAA,27,12,18,39,2,0,2,0.05128205128205128,1.0,0.05128205128205128
642840,Joe Harvey,2023,AAA,18,6,14,24,6,0,6,0.25,1.0,0.25
643256,Adam Cimber,2023,AAA,4,2,4,6,0,0,0,0.0,,0.0
643290,Justin Dunn,2023,AAA,1,0,1,1,0,0,0,0.0,,0.0
643316,Paul Fry,2023,AAA,47,18,34,65,6,0,6,0.09230769230769231,1.0,0.09230769230769231
643327,Zack Godley,2023,AAA,39,18,12,57,5,2,7,0.12280701754385964,0.7142857142857143,0.08771929824561403
643338,Chad Green,2023,AAA,2,0,2,2,1,0,1,0.5,1.0,0.5
643361,Kevin Herget,2023,AAA,39,17,17,56,5,0,5,0.08928571428571429,1.0,0.08928571428571429
643478,Joe Palumbo,2023,AAA,4,3,3,7,1,0,1,0.14285714285714285,1.0,0.14285714285714285
643493,Austin Pruitt,2023,AAA,5,4,5,9,1,0,1,0.1111111111111111,1.0,0.1111111111111111
643494,A.J. Puckett,2023,AAA,3,3,2,6,0,0,0,0.0,,0.0
643539,Caleb Simpson,2023,AAA,12,10,11,22,3,3,6,0.2727272727272727,0.5,0.13636363636363635
643549,Taylor Snyder,2023,AAA,1,0,1,1,0,0,0,0.0,,0.0
643615,T.J. Zeuch,2023,AAA,55,27,16,82,7,3,10,0.12195121951219512,0.7,0.08536585365853659
644396,Luis Ledo,2023,AAA,72,21,22,93,2,1,3,0.03225806451612903,0.6666666666666666,0.021505376344086023
644425,Jake Sanchez,2023,AAA,36,20,30,56,10,2,12,0.21428571428571427,0.8333333333333334,0.17857142857142858
645261,Sandy Alcantara,2023,AAA,1,0,1,1,1,0,1,1.0,1.0,1.0
645307,Ricardo Sánchez,2023,AAA,8,1,3,9,0,0,0,0.0,,0.0
646241,Enmanuel De Jesus,2023,AAA,67,30,17,97,10,4,14,0.14432989690721648,0.7142857142857143,0.10309278350515463
646242,Jhonathan Díaz,2023,AAA,57,26,29,83,1,4,5,0.060240963855421686,0.2,0.012048192771084338
647315,Zach Pop,2023,AAA,22,16,17,38,3,0,3,0.07894736842105263,1.0,0.07894736842105263
647336,Michael Soroka,2023,AAA,44,21,17,65,8,0,8,0.12307692307692308,1.0,0.12307692307692308
650204,Norge Ruiz,2023,AAA,32,25,26,57,2,0,2,0.03508771929824561,1.0,0.03508771929824561
650382,Darwinzon Hernández,2023,AAA,22,12,14,34,0,0,0,0.0,,0.0
650496,J.C. Mejía,2023,AAA,18,13,18,31,2,4,6,0.1935483870967742,0.3333333333333333,0.06451612903225806
650528,Laz Rivera,2023,AAA,4,4,2,8,0,0,0,0.0,,0.0
650530,Bryan Garcia,2023,AAA,38,31,15,69,4,0,4,0.057971014492753624,1.0,0.057971014492753624
650644,Aaron Civale,2023,AAA,8,3,3,11,2,1,3,0.2727272727272727,0.6666666666666666,0.18181818181818182
650668,Humberto Mejía,2023,AAA,19,7,7,26,2,1,3,0.11538461538461539,0.6666666666666666,0.07692307692307693
650690,Carlos Luna,2023,AAA,5,2,2,7,0,0,0,0.0,,0.0
650893,Génesis Cabrera,2023,AAA,0,1,1,1,1,0,1,1.0,1.0,1.0
650895,Diego Castillo,2023,AAA,32,28,29,60,6,3,9,0.15,0.6666666666666666,0.1
650911,Cristopher Sánchez,2023,AAA,32,13,10,45,4,1,5,0.1111111111111111,0.8,0.08888888888888889
650960,Daniel Duarte,2023,AAA,25,14,20,39,8,0,8,0.20512820512820512,1.0,0.20512820512820512
650968,Yohel Pozo,2023,AAA,5,1,3,6,0,0,0,0.0,,0.0
655889,Manuel Rodríguez,2023,AAA,44,30,32,74,0,1,1,0.013513513513513514,0.0,0.0
656008,Aneurys Zabala,2023,AAA,50,27,38,77,17,0,17,0.22077922077922077,1.0,0.22077922077922077
656222,Jalen Beeks,2023,AAA,17,9,13,26,2,0,2,0.07692307692307693,1.0,0.07692307692307693
656232,Brandon Bielak,2023,AAA,37,21,12,58,13,0,13,0.22413793103448276,1.0,0.22413793103448276
656257,Jeff Brigham,2023,AAA,9,5,9,14,2,1,3,0.21428571428571427,0.6666666666666666,0.14285714285714285
656266,J.B. Bukauskas,2023,AAA,31,15,24,46,2,1,3,0.06521739130434782,0.6666666666666666,0.043478260869565216
656289,Michael Cantu,2023,AAA,1,3,2,4,0,0,0,0.0,,0.0
656290,Drew Carlton,2023,AAA,7,6,9,13,1,0,1,0.07692307692307693,1.0,0.07692307692307693
656322,Sam Coonrod,2023,AAA,7,3,8,10,0,0,0,0.0,,0.0
656342,Keegan Curtis,2023,AAA,27,16,16,43,10,2,12,0.27906976744186046,0.8333333333333334,0.23255813953488372
656349,Brett Daniels,2023,AAA,17,11,11,28,1,2,3,0.10714285714285714,0.3333333333333333,0.03571428571428571
656354,Austin Davis,2023,AAA,29,15,17,44,2,0,2,0.045454545454545456,1.0,0.045454545454545456
656382,Tommy Doyle,2023,AAA,17,11,18,28,2,0,2,0.07142857142857142,1.0,0.07142857142857142
656412,Alex Faedo,2023,AAA,15,4,7,19,3,0,3,0.15789473684210525,1.0,0.15789473684210525
656457,Tyler Gilbert,2023,AAA,53,24,25,77,6,0,6,0.07792207792207792,1.0,0.07792207792207792
656464,Kevin Ginkel,2023,AAA,2,1,1,3,0,0,0,0.0,,0.0
656529,Sam Hentges,2023,AAA,1,0,1,1,0,0,0,0.0,,0.0
656546,Jeff Hoffman,2023,AAA,4,2,5,6,0,0,0,0.0,,0.0
656547,Jonathan Holder,2023,AAA,50,28,34,78,15,2,17,0.21794871794871795,0.8823529411764706,0.19230769230769232
656548,Jordan Holloway,2023,AAA,24,19,23,43,8,1,9,0.20930232558139536,0.8888888888888888,0.18604651162790697
656550,Grant Holmes,2023,AAA,35,19,27,54,1,0,1,0.018518518518518517,1.0,0.018518518518518517
656557,Tanner Houck,2023,AAA,4,2,2,6,0,0,0,0.0,,0.0
656578,Andre Jackson,2023,AAA,23,15,11,38,5,0,5,0.13157894736842105,1.0,0.13157894736842105
656594,Kyle Johnston,2023,AAA,28,14,21,42,1,0,1,0.023809523809523808,1.0,0.023809523809523808
656620,Gabe Klobosits,2023,AAA,13,8,12,21,2,0,2,0.09523809523809523,1.0,0.09523809523809523
656641,Jacob Latz,2023,AAA,42,28,33,70,2,1,3,0.04285714285714286,0.6666666666666666,0.02857142857142857
656647,Taylor Lehman,2023,AAA,23,13,23,36,3,0,3,0.08333333333333333,1.0,0.08333333333333333
656657,Zach Logue,2023,AAA,68,34,24,102,4,3,7,0.06862745098039216,0.5714285714285714,0.0392156862745098
656671,Josh Maciejewski,2023,AAA,17,9,14,26,4,1,5,0.19230769230769232,0.8,0.15384615384615385
656701,Kade McClure,2023,AAA,20,13,9,33,4,3,7,0.21212121212121213,0.5714285714285714,0.12121212121212122
656730,Trevor Megill,2023,AAA,12,9,8,21,2,0,2,0.09523809523809523,1.0,0.09523809523809523
656731,Tylor Megill,2023,AAA,21,9,6,30,1,0,1,0.03333333333333333,1.0,0.03333333333333333
656786,Parker Mushinski,2023,AAA,15,12,19,27,2,0,2,0.07407407407407407,1.0,0.07407407407407407
656793,Nick Nelson,2023,AAA,65,27,20,92,5,2,7,0.07608695652173914,0.7142857142857143,0.05434782608695652
656794,Sean Newcomb,2023,AAA,28,9,16,37,4,1,5,0.13513513513513514,0.8,0.10810810810810811
656803,James Norwood,2023,AAA,18,10,16,28,2,0,2,0.07142857142857142,1.0,0.07142857142857142
656804,Andrés Núñez,2023,AAA,32,28,25,60,4,0,4,0.06666666666666667,1.0,0.06666666666666667
656814,Luis F. Ortiz,2023,AAA,25,13,20,38,5,0,5,0.13157894736842105,1.0,0.13157894736842105
656820,Nicholas Padilla,2023,AAA,52,32,36,84,5,1,6,0.07142857142857142,0.8333333333333334,0.05952380952380952
656848,Michael Petersen,2023,AAA,18,6,13,24,3,1,4,0.16666666666666666,0.75,0.125
656849,David Peterson,2023,AAA,26,12,7,38,2,0,2,0.05263157894736842,1.0,0.05263157894736842
656887,Sean Reid-Foley,2023,AAA,7,5,8,12,2,0,2,0.16666666666666666,1.0,0.16666666666666666
656919,Matt Ruppenthal,2023,AAA,27,24,24,51,8,0,8,0.1568627450980392,1.0,0.1568627450980392
656924,Ryder Ryan,2023,AAA,35,16,25,51,8,0,8,0.1568627450980392,1.0,0.1568627450980392
656954,Justus Sheffield,2023,AAA,50,29,21,79,8,2,10,0.12658227848101267,0.8,0.10126582278481013
656967,Evan Skoug,2023,AAA,4,1,2,5,0,0,0,0.0,,0.0
656970,Devin Smeltzer,2023,AAA,55,32,20,87,6,1,7,0.08045977011494253,0.8571428571428571,0.06896551724137931
656981,Peter Solomon,2023,AAA,55,25,17,80,5,2,7,0.0875,0.7142857142857143,0.0625
656986,Bennett Sousa,2023,AAA,11,6,9,17,2,1,3,0.17647058823529413,0.6666666666666666,0.11764705882352941
657022,Trey Supak,2023,AAA,35,15,12,50,2,0,2,0.04,1.0,0.04
657031,Josh Taylor,2023,AAA,4,3,3,7,0,0,0,0.0,,0.0
657044,Ryan Thompson,2023,AAA,12,12,11,24,4,0,4,0.16666666666666666,1.0,0.16666666666666666
657053,Touki Toussaint,2023,AAA,19,11,15,30,3,0,3,0.1,1.0,0.1
657093,Spenser Watkins,2023,AAA,55,34,20,89,7,1,8,0.0898876404494382,0.875,0.07865168539325842
657097,Jacob Webb,2023,AAA,17,6,13,23,2,1,3,0.13043478260869565,0.6666666666666666,0.08695652173913043
657140,Kyle Wright,2023,AAA,8,2,3,10,0,1,1,0.1,0.0,0.0
657228,Jake Jewell,2023,AAA,18,13,15,31,10,0,10,0.3225806451612903,1.0,0.3225806451612903
657246,Ryan Nutof,2023,AAA,48,24,38,72,6,1,7,0.09722222222222222,0.8571428571428571,0.08333333333333333
657248,Glenn Otto,2023,AAA,20,8,12,28,6,0,6,0.21428571428571427,1.0,0.21428571428571427
657252,Brady Puckett,2023,AAA,7,2,3,9,0,0,0,0.0,,0.0
657265,Peter Strzelecki,2023,AAA,14,10,14,24,5,0,5,0.20833333333333334,1.0,0.20833333333333334
657272,Erich Uelmen,2023,AAA,12,7,11,19,2,1,3,0.15789473684210525,0.6666666666666666,0.10526315789473684
657424,Matt Gage,2023,AAA,27,21,25,48,7,0,7,0.14583333333333334,1.0,0.14583333333333334
657508,Mike Baumann,2023,AAA,4,2,4,6,1,0,1,0.16666666666666666,1.0,0.16666666666666666
657510,Andrew Bechtold,2023,AAA,17,12,16,29,3,1,4,0.13793103448275862,0.75,0.10344827586206896
657514,Brennan Bernardino,2023,AAA,7,6,5,13,2,0,2,0.15384615384615385,1.0,0.15384615384615385
657562,Patrick Dorrian,2023,AAA,2,0,1,2,0,0,0,0.0,,0.0
657581,Will Gaddis,2023,AAA,25,15,14,40,1,0,1,0.025,1.0,0.025
657585,Reed Garrett,2023,AAA,26,14,22,40,3,0,3,0.075,1.0,0.075
657610,Trevor Hildenberger,2023,AAA,6,8,5,14,2,0,2,0.14285714285714285,1.0,0.14285714285714285
657649,Jared Koenig,2023,AAA,43,20,26,63,3,1,4,0.06349206349206349,0.75,0.047619047619047616
657697,Vinny Nittoli,2023,AAA,29,9,23,38,8,2,10,0.2631578947368421,0.8,0.21052631578947367
657745,Bubby Rossman,2023,AAA,15,9,13,24,2,2,4,0.16666666666666666,0.5,0.08333333333333333
657746,Joe Ryan,2023,AAA,1,0,1,1,1,0,1,1.0,1.0,1.0
657752,Logan Sawyer,2023,AAA,5,2,5,7,0,0,0,0.0,,0.0
657756,Connor Seabold,2023,AAA,23,12,8,35,1,1,2,0.05714285714285714,0.5,0.02857142857142857
657770,Eric Stout,2023,AAA,23,15,17,38,3,1,4,0.10526315789473684,0.75,0.07894736842105263
658369,Malvin Pena,2023,AAA,2,1,1,3,0,0,0,0.0,,0.0
658551,Junior Fernández,2023,AAA,47,29,38,76,2,0,2,0.02631578947368421,1.0,0.02631578947368421
658648,Pedro Avila,2023,AAA,37,31,18,68,5,0,5,0.07352941176470588,1.0,0.07352941176470588
658792,Aaron Wilkerson,2023,AAA,30,14,13,44,3,0,3,0.06818181818181818,1.0,0.06818181818181818
659262,Anderson Espinoza,2023,AAA,98,45,28,143,18,3,21,0.14685314685314685,0.8571428571428571,0.1258741258741259
659275,Dinelson Lamet,2023,AAA,12,4,7,16,1,0,1,0.0625,1.0,0.0625
659418,Noah Skirrow,2023,AAA,75,42,23,117,6,1,7,0.05982905982905983,0.8571428571428571,0.05128205128205128
660422,Jorge Guzmán,2023,AAA,27,15,20,42,0,1,1,0.023809523809523808,0.0,0.0
660431,Hector Perez,2023,AAA,38,26,32,64,7,0,7,0.109375,1.0,0.109375
660440,Odalvi Javier,2023,AAA,20,8,12,28,2,0,2,0.07142857142857142,1.0,0.07142857142857142
660508,Norwith Gudiño,2023,AAA,48,38,19,86,3,0,3,0.03488372093023256,1.0,0.03488372093023256
660593,Denyi Reyes,2023,AAA,45,28,19,73,7,2,9,0.1232876712328767,0.7777777777777778,0.0958904109589041
660600,Enoli Paredes,2023,AAA,33,21,31,54,4,0,4,0.07407407407407407,1.0,0.07407407407407407
660604,Alan Rangel,2023,AAA,9,2,3,11,0,2,2,0.18181818181818182,0.0,0.0
660634,Yonny Hernández,2023,AAA,0,1,1,1,0,0,0,0.0,,0.0
660730,Elvin Rodríguez,2023,AAA,21,5,9,26,0,0,0,0.0,,0.0
660781,Domingo Robles,2023,AAA,9,9,3,18,0,1,1,0.05555555555555555,0.0,0.0
660787,Yerry De los Santos,2023,AAA,19,18,21,37,6,0,6,0.16216216216216217,1.0,0.16216216216216217
660825,Eduard Bazardo,2023,AAA,26,18,25,44,9,0,9,0.20454545454545456,1.0,0.20454545454545456
660896,Jorge Alcala,2023,AAA,4,1,3,5,0,0,0,0.0,,0.0
660906,Francisco Pérez,2023,AAA,29,7,16,36,3,0,3,0.08333333333333333,1.0,0.08333333333333333
661269,Vladimir Gutierrez,2023,AAA,4,3,3,7,4,0,4,0.5714285714285714,1.0,0.5714285714285714
661309,Adrián Martínez,2023,AAA,39,18,13,57,11,1,12,0.21052631578947367,0.9166666666666666,0.19298245614035087
661383,Oliver Ortega,2023,AAA,22,9,16,31,1,1,2,0.06451612903225806,0.5,0.03225806451612903
661440,Mauricio Llovera,2023,AAA,12,6,10,18,4,0,4,0.2222222222222222,1.0,0.2222222222222222
661526,Eli Lingos,2023,AAA,35,18,24,53,0,3,3,0.05660377358490566,0.0,0.0
661527,Seth Martinez,2023,AAA,13,9,12,22,4,0,4,0.18181818181818182,1.0,0.18181818181818182
661536,Melvin Adón,2023,AAA,40,25,24,65,5,3,8,0.12307692307692308,0.625,0.07692307692307693
662165,Austin Schulfer,2023,AAA,37,26,30,63,4,0,4,0.06349206349206349,1.0,0.06349206349206349
662253,Andrés Muñoz,2023,AAA,1,0,1,1,0,1,1,1.0,0.0,0.0
663158,Robert Suarez,2023,AAA,3,2,2,5,0,0,0,0.0,,0.0
663302,John Murphy,2023,AAA,2,1,1,3,0,0,0,0.0,,0.0
663321,Nick Hernandez,2023,AAA,14,8,15,22,2,2,4,0.18181818181818182,0.5,0.09090909090909091
663336,Aaron Shortridge,2023,AAA,3,1,1,4,1,0,1,0.25,1.0,0.25
663362,Matt Waldron,2023,AAA,50,39,20,89,7,5,12,0.1348314606741573,0.5833333333333334,0.07865168539325842
663366,Beau Burrows,2023,AAA,51,24,28,75,12,1,13,0.17333333333333334,0.9230769230769231,0.16
663372,Ryan Feltner,2023,AAA,5,2,2,7,1,0,1,0.14285714285714285,1.0,0.14285714285714285
663385,Chad Smith,2023,AAA,34,18,24,52,6,2,8,0.15384615384615385,0.75,0.11538461538461539
663423,Trent Thornton,2023,AAA,21,14,17,35,5,0,5,0.14285714285714285,1.0,0.14285714285714285
663432,Tanner Rainey,2023,AAA,3,3,5,6,2,0,2,0.3333333333333333,1.0,0.3333333333333333
663436,Davis Martin,2023,AAA,8,1,3,9,0,1,1,0.1111111111111111,0.0,0.0
663455,Konnor Pilkington,2023,AAA,61,35,25,96,17,1,18,0.1875,0.9444444444444444,0.17708333333333334
663465,Kolby Allard,2023,AAA,4,1,2,5,2,0,2,0.4,1.0,0.4
663467,Jason Bilous,2023,AAA,59,19,30,78,6,1,7,0.08974358974358974,0.8571428571428571,0.07692307692307693
663474,Triston McKenzie,2023,AAA,7,1,4,8,1,1,2,0.25,0.5,0.125
663485,Cole Sands,2023,AAA,12,6,11,18,7,0,7,0.3888888888888889,1.0,0.3888888888888889
663489,Will Stewart,2023,AAA,15,9,9,24,2,0,2,0.08333333333333333,1.0,0.08333333333333333
663496,John Creel,2023,AAA,3,1,2,4,0,0,0,0.0,,0.0
663500,Hunter Parsons,2023,AAA,25,12,16,37,6,1,7,0.1891891891891892,0.8571428571428571,0.16216216216216217
663531,Logan Allen,2023,AAA,75,39,35,114,7,1,8,0.07017543859649122,0.875,0.06140350877192982
663534,Nash Walters,2023,AAA,7,3,7,10,1,0,1,0.1,1.0,0.1
663541,Tanner Dodson,2023,AAA,13,9,9,22,2,1,3,0.13636363636363635,0.6666666666666666,0.09090909090909091
663542,Bryan Hudson,2023,AAA,29,17,28,46,8,1,9,0.1956521739130435,0.8888888888888888,0.17391304347826086
663544,LJ Talley,2023,AAA,1,0,1,1,0,0,0,0.0,,0.0
663546,Sean Hjelle,2023,AAA,69,31,20,100,8,2,10,0.1,0.8,0.08
663558,Jovani Morán,2023,AAA,7,5,5,12,0,0,0,0.0,,0.0
663559,Bailey Falter,2023,AAA,37,15,11,52,4,1,5,0.09615384615384616,0.8,0.07692307692307693
663562,Noah Davis,2023,AAA,48,18,14,66,8,1,9,0.13636363636363635,0.8888888888888888,0.12121212121212122
663567,Peter Lambert,2023,AAA,15,9,7,24,4,1,5,0.20833333333333334,0.8,0.16666666666666666
663568,Stephen Kolek,2023,AAA,44,20,30,64,3,1,4,0.0625,0.75,0.046875
663574,Tony Santillan,2023,AAA,24,13,21,37,1,0,1,0.02702702702702703,1.0,0.02702702702702703
663613,Kyle Marman,2023,AAA,8,4,4,12,1,0,1,0.08333333333333333,1.0,0.08333333333333333
663623,Jake Irvin,2023,AAA,21,7,5,28,4,1,5,0.17857142857142858,0.8,0.14285714285714285
663627,Clay Helvey,2023,AAA,24,13,19,37,3,1,4,0.10810810810810811,0.75,0.08108108108108109
663629,Ethan Small,2023,AAA,31,10,24,41,3,0,3,0.07317073170731707,1.0,0.07317073170731707
663649,Nolan Watson,2023,AAA,52,25,11,77,7,3,10,0.12987012987012986,0.7,0.09090909090909091
663657,Garrett Davila,2023,AAA,66,38,23,104,12,3,15,0.14423076923076922,0.8,0.11538461538461539
663671,Nic Enright,2023,AAA,28,14,21,42,2,0,2,0.047619047619047616,1.0,0.047619047619047616
663678,Colton Eastman,2023,AAA,51,32,21,83,8,0,8,0.0963855421686747,1.0,0.0963855421686747
663681,Jarod Bayless,2023,AAA,3,1,2,4,0,0,0,0.0,,0.0
663687,Hogan Harris,2023,AAA,43,16,15,59,4,0,4,0.06779661016949153,1.0,0.06779661016949153
663704,James McArthur,2023,AAA,39,24,24,63,5,1,6,0.09523809523809523,0.8333333333333334,0.07936507936507936
663717,Dylan King,2023,AAA,2,1,1,3,0,0,0,0.0,,0.0
663734,Nick Neidert,2023,AAA,64,43,26,107,11,2,13,0.12149532710280374,0.8461538461538461,0.102803738317757
663735,Matt Frisbee,2023,AAA,5,7,4,12,0,1,1,0.08333333333333333,0.0,0.0
663738,Daniel Lynch IV,2023,AAA,9,4,5,13,0,0,0,0.0,,0.0
663752,Cody Morris,2023,AAA,19,7,13,26,6,1,7,0.2692307692307692,0.8571428571428571,0.23076923076923078
663753,Reiss Knehr,2023,AAA,16,10,14,26,3,0,3,0.11538461538461539,1.0,0.11538461538461539
663765,Jake Woodford,2023,AAA,13,4,6,17,4,0,4,0.23529411764705882,1.0,0.23529411764705882
663767,Chase Shugart,2023,AAA,40,19,25,59,5,1,6,0.1016949152542373,0.8333333333333334,0.0847457627118644
663773,Bryan Hoeing,2023,AAA,13,7,7,20,3,0,3,0.15,1.0,0.15
663795,Justin Hagenman,2023,AAA,43,13,27,56,4,2,6,0.10714285714285714,0.6666666666666666,0.07142857142857142
663804,Jackson Kowar,2023,AAA,36,23,26,59,5,1,6,0.1016949152542373,0.8333333333333334,0.0847457627118644
663820,Alex Valverde,2023,AAA,31,23,10,54,2,0,2,0.037037037037037035,1.0,0.037037037037037035
663878,Nate Pearson,2023,AAA,14,9,12,23,6,0,6,0.2608695652173913,1.0,0.2608695652173913
663884,Nolan Kingham,2023,AAA,47,10,18,57,6,3,9,0.15789473684210525,0.6666666666666666,0.10526315789473684
663893,Brendon Little,2023,AAA,76,25,40,101,18,0,18,0.1782178217821782,1.0,0.1782178217821782
663929,Riley Thompson,2023,AAA,43,20,22,63,4,3,7,0.1111111111111111,0.5714285714285714,0.06349206349206349
663941,Tristan Beck,2023,AAA,14,7,8,21,2,1,3,0.14285714285714285,0.6666666666666666,0.09523809523809523
663943,Nick Kennedy,2023,AAA,37,15,22,52,1,0,1,0.019230769230769232,1.0,0.019230769230769232
663947,Tyler Holton,2023,AAA,2,1,1,3,1,0,1,0.3333333333333333,1.0,0.3333333333333333
663969,Tyler Phillips,2023,AAA,33,23,9,56,2,0,2,0.03571428571428571,1.0,0.03571428571428571
663971,Blair Calvo,2023,AAA,53,34,38,87,5,1,6,0.06896551724137931,0.8333333333333334,0.05747126436781609
663975,Nick Duron,2023,AAA,13,11,12,24,0,0,0,0.0,,0.0
663977,Jake Higginbotham,2023,AAA,1,1,1,2,0,0,0,0.0,,0.0
663978,Chris Paddack,2023,AAA,1,1,1,2,0,0,0,0.0,,0.0
663982,David Parkinson,2023,AAA,3,1,1,4,0,0,0,0.0,,0.0
663989,Nick Vespi,2023,AAA,16,13,19,29,2,0,2,0.06896551724137931,1.0,0.06896551724137931
663992,Richard Lovelady,2023,AAA,3,2,3,5,0,0,0,0.0,,0.0
664006,Joey Marciano,2023,AAA,40,30,29,70,9,0,9,0.12857142857142856,1.0,0.12857142857142856
664028,Brett Kennedy,2023,AAA,60,26,16,86,10,1,11,0.12790697674418605,0.9090909090909091,0.11627906976744186
664048,Kyle Wilcox,2023,AAA,9,2,6,11,1,0,1,0.09090909090909091,1.0,0.09090909090909091
664054,Cody Stashak,2023,AAA,2,1,2,3,0,0,0,0.0,,0.0
664062,Tony Gonsolin,2023,AAA,1,0,1,1,0,0,0,0.0,,0.0
664069,Ben Braymer,2023,AAA,52,29,16,81,10,1,11,0.13580246913580246,0.9090909090909091,0.12345679012345678
664079,Tyler Jay,2023,AAA,3,3,3,6,1,0,1,0.16666666666666666,1.0,0.16666666666666666
664082,Michael Boyle,2023,AAA,23,12,20,35,7,0,7,0.2,1.0,0.2
664092,Sean Poppen,2023,AAA,52,41,39,93,9,0,9,0.0967741935483871,1.0,0.0967741935483871
664104,Tyler Neslony,2023,AAA,1,1,1,2,0,0,0,0.0,,0.0
664114,Cole Uvila,2023,AAA,3,0,2,3,1,0,1,0.3333333333333333,1.0,0.3333333333333333
664126,Pete Fairbanks,2023,AAA,1,1,1,2,0,0,0,0.0,,0.0
664129,Geoff Hartlieb,2023,AAA,31,21,23,52,3,0,3,0.057692307692307696,1.0,0.057692307692307696
664144,Jon Olczak,2023,AAA,6,4,4,10,0,0,0,0.0,,0.0
664161,Matt Swarmer,2023,AAA,31,14,17,45,6,1,7,0.15555555555555556,0.8571428571428571,0.13333333333333333
664192,Joey Lucchesi,2023,AAA,51,26,14,77,10,0,10,0.12987012987012986,1.0,0.12987012987012986
664202,Tyler Cyr,2023,AAA,13,8,11,21,2,1,3,0.14285714285714285,0.6666666666666666,0.09523809523809523
664294,Dauri Moreta,2023,AAA,7,3,4,10,2,0,2,0.2,1.0,0.2
664301,Wandisson Charles,2023,AAA,21,15,19,36,1,0,1,0.027777777777777776,1.0,0.027777777777777776
664337,Miguel Yajure,2023,AAA,42,33,16,75,10,1,11,0.14666666666666667,0.9090909090909091,0.13333333333333333
664346,Carlos Guzman,2023,AAA,1,1,1,2,0,0,0,0.0,,0.0
664351,Luis Contreras,2023,AAA,30,22,21,52,7,1,8,0.15384615384615385,0.875,0.1346153846153846
664353,José Urquidy,2023,AAA,4,1,2,5,2,0,2,0.4,1.0,0.4
664584,Jhon Romero,2023,AAA,36,14,24,50,2,2,4,0.08,0.5,0.04
664670,Alejo Lopez,2023,AAA,1,1,1,2,0,0,0,0.0,,0.0
664682,Ryan Meisinger,2023,AAA,7,6,7,13,2,0,2,0.15384615384615385,1.0,0.15384615384615385
664687,Durbin Feltman,2023,AAA,2,2,1,4,2,0,2,0.5,1.0,0.5
664700,Daniel Tillo,2023,AAA,25,15,14,40,0,0,0,0.0,,0.0
664744,Jose Espada,2023,AAA,13,4,7,17,1,0,1,0.058823529411764705,1.0,0.058823529411764705
664753,Marty Costes,2023,AAA,1,1,1,2,1,0,1,0.5,1.0,0.5
664776,Jake Cousins,2023,AAA,22,11,17,33,6,0,6,0.18181818181818182,1.0,0.18181818181818182
664849,Danny Young,2023,AAA,17,6,14,23,2,0,2,0.08695652173913043,1.0,0.08695652173913043
664854,Ryan Helsley,2023,AAA,0,1,1,1,0,0,0,0.0,,0.0
664856,Chance Adams,2023,AAA,23,7,15,30,2,0,2,0.06666666666666667,1.0,0.06666666666666667
664871,Kyle Dowdy,2023,AAA,51,33,32,84,9,0,9,0.10714285714285714,1.0,0.10714285714285714
664926,Nick Dini,2023,AAA,5,3,3,8,0,0,0,0.0,,0.0
664942,James Naile,2023,AAA,50,17,24,67,3,1,4,0.05970149253731343,0.75,0.04477611940298507
664944,Cam Vieaux,2023,AAA,40,30,30,70,5,2,7,0.1,0.7142857142857143,0.07142857142857142
664948,Anthony Misiewicz,2023,AAA,21,12,19,33,3,1,4,0.12121212121212122,0.75,0.09090909090909091
664991,Grant Wolfram,2023,AAA,10,7,9,17,0,0,0,0.0,,0.0
665001,Trevor Kelley,2023,AAA,22,18,19,40,4,0,4,0.1,1.0,0.1
665048,Hobie Harris,2023,AAA,33,12,20,45,4,0,4,0.08888888888888889,1.0,0.08888888888888889
665167,Jonah Dipoto,2023,AAA,30,14,21,44,7,0,7,0.1590909090909091,1.0,0.1590909090909091
665178,Randy Labaut,2023,AAA,18,7,12,25,2,1,3,0.12,0.6666666666666666,0.08
665620,Deivi García,2023,AAA,41,17,27,58,3,3,6,0.10344827586206896,0.5,0.05172413793103448
665621,Rony García,2023,AAA,23,20,21,43,10,1,11,0.2558139534883721,0.9090909090909091,0.23255813953488372
665622,Luis Medina,2023,AAA,14,6,5,20,0,2,2,0.1,0.0,0.0
665625,Elvis Peguero,2023,AAA,6,3,4,9,3,0,3,0.3333333333333333,1.0,0.3333333333333333
665645,Kervin Castro,2023,AAA,13,7,7,20,2,1,3,0.15,0.6666666666666666,0.1
665661,Shea Spitzbarth,2023,AAA,10,7,8,17,0,0,0,0.0,,0.0
665734,Angel Felipe,2023,AAA,21,13,17,34,4,1,5,0.14705882352941177,0.8,0.11764705882352941
665795,Edward Cabrera,2023,AAA,17,4,5,21,5,1,6,0.2857142857142857,0.8333333333333334,0.23809523809523808
665854,Luis Oviedo,2023,AAA,40,34,31,74,7,0,7,0.0945945945945946,1.0,0.0945945945945946
665871,Javier Assad,2023,AAA,10,3,4,13,2,0,2,0.15384615384615385,1.0,0.15384615384615385
665896,José Marte,2023,AAA,2,0,2,2,2,0,2,1.0,1.0,1.0
665996,Oddanier Mosqueda,2023,AAA,49,23,35,72,8,2,10,0.1388888888888889,0.8,0.1111111111111111
666120,Ian Anderson,2023,AAA,2,1,1,3,1,0,1,0.3333333333333333,1.0,0.3333333333333333
666123,Austin Bergner,2023,AAA,13,12,6,25,1,1,2,0.08,0.5,0.04
666130,Jay Groome,2023,AAA,117,69,30,186,18,3,21,0.11290322580645161,0.8571428571428571,0.0967741935483871
666142,Cole Ragans,2023,AAA,18,5,6,23,5,0,5,0.21739130434782608,1.0,0.21739130434782608
666154,Karl Kauffmann,2023,AAA,68,37,19,105,10,0,10,0.09523809523809523,1.0,0.09523809523809523
666157,Nick Lodolo,2023,AAA,4,0,1,4,0,0,0,0.0,,0.0
666159,Matt Manning,2023,AAA,9,4,3,13,2,0,2,0.15384615384615385,1.0,0.15384615384615385
666204,Dany Jiménez,2023,AAA,12,1,5,13,0,0,0,0.0,,0.0
666205,Kyle Muller,2023,AAA,51,30,13,81,15,3,18,0.2222222222222222,0.8333333333333334,0.18518518518518517
666207,Riley Pint,2023,AAA,45,27,39,72,5,0,5,0.06944444444444445,1.0,0.06944444444444445
666208,Alex Speas,2023,AAA,23,12,21,35,2,0,2,0.05714285714285714,1.0,0.05714285714285714
666214,Joey Wentz,2023,AAA,15,5,6,20,7,1,8,0.4,0.875,0.35
666215,Forrest Whitley,2023,AAA,22,4,8,26,7,1,8,0.3076923076923077,0.875,0.2692307692307692
666277,George Soriano,2023,AAA,19,12,12,31,4,0,4,0.12903225806451613,1.0,0.12903225806451613
666364,Jordan Balazovic,2023,AAA,37,16,18,53,2,1,3,0.05660377358490566,0.6666666666666666,0.03773584905660377
666502,Marcelo Martinez,2023,AAA,12,5,7,17,0,0,0,0.0,,0.0
666658,Jose Chacin,2023,AAA,19,9,10,28,2,2,4,0.14285714285714285,0.5,0.07142857142857142
666674,Edwar Colina,2023,AAA,20,16,21,36,4,2,6,0.16666666666666666,0.6666666666666666,0.1111111111111111
666711,Joel Peguero,2023,AAA,20,11,14,31,4,1,5,0.16129032258064516,0.8,0.12903225806451613
666712,Roberto Alvarez,2023,AAA,3,0,3,3,0,0,0,0.0,,0.0
666720,Yerry Rodríguez,2023,AAA,36,17,24,53,2,0,2,0.03773584905660377,1.0,0.03773584905660377
666721,Max Castillo,2023,AAA,55,26,22,81,12,2,14,0.1728395061728395,0.8571428571428571,0.14814814814814814
666745,Jhony Brito,2023,AAA,37,12,7,49,11,0,11,0.22448979591836735,1.0,0.22448979591836735
666818,Luis Frías,2023,AAA,11,5,13,16,2,0,2,0.125,1.0,0.125
666974,Yennier Cano,2023,AAA,2,1,2,3,0,0,0,0.0,,0.0
667176,Grant Black,2023,AAA,72,36,38,108,1,0,1,0.009259259259259259,1.0,0.009259259259259259
667297,Tommy Nance,2023,AAA,4,0,2,4,0,0,0,0.0,,0.0
667339,Johan Dominguez,2023,AAA,26,6,7,32,0,1,1,0.03125,0.0,0.0
667356,Bryan Mata,2023,AAA,33,16,9,49,8,1,9,0.1836734693877551,0.8888888888888888,0.16326530612244897
667434,Kevin Kopps,2023,AAA,18,9,12,27,2,0,2,0.07407407407407407,1.0,0.07407407407407407
667435,Barrett Loseke,2023,AAA,13,7,12,20,2,1,3,0.15,0.6666666666666666,0.1
667445,Marshall Kasowski,2023,AAA,5,3,4,8,5,0,5,0.625,1.0,0.625
667463,John King,2023,AAA,23,8,11,31,6,1,7,0.22580645161290322,0.8571428571428571,0.1935483870967742
667465,Aaron Fletcher,2023,AAA,4,7,3,11,0,0,0,0.0,,0.0
667478,Evan Kravetz,2023,AAA,29,14,15,43,1,1,2,0.046511627906976744,0.5,0.023255813953488372
667498,Robert Dugger,2023,AAA,98,37,28,135,3,3,6,0.044444444444444446,0.5,0.022222222222222223
667677,Zac Houston,2023,AAA,19,10,18,29,2,1,3,0.10344827586206896,0.6666666666666666,0.06896551724137931
667712,Austin Hansen,2023,AAA,74,36,34,110,8,5,13,0.11818181818181818,0.6153846153846154,0.07272727272727272
667722,J.B. Olson,2023,AAA,25,13,13,38,3,0,3,0.07894736842105263,1.0,0.07894736842105263
668203,Layne Henderson,2023,AAA,16,10,18,26,0,0,0,0.0,,0.0
668338,Tyson Miller,2023,AAA,28,11,18,39,3,1,4,0.10256410256410256,0.75,0.07692307692307693
668390,Cole Winn,2023,AAA,79,49,27,128,6,1,7,0.0546875,0.8571428571428571,0.046875
668470,Hagen Danner,2023,AAA,12,2,10,14,4,0,4,0.2857142857142857,1.0,0.2857142857142857
668665,Stephen Nogosek,2023,AAA,28,17,20,45,1,0,1,0.022222222222222223,1.0,0.022222222222222223
668674,Lucas Erceg,2023,AAA,12,10,10,22,0,1,1,0.045454545454545456,0.0,0.0
668676,Zach Plesac,2023,AAA,48,25,18,73,5,1,6,0.0821917808219178,0.8333333333333334,0.0684931506849315
668683,Jeremy Walker,2023,AAA,43,23,35,66,8,2,10,0.15151515151515152,0.8,0.12121212121212122
668684,Tanner Tully,2023,AAA,50,33,19,83,3,1,4,0.04819277108433735,0.75,0.03614457831325301
668711,Nick Bennett,2023,AAA,1,1,1,2,0,0,0,0.0,,0.0
668719,Kenyon Yovan,2023,AAA,6,7,6,13,1,0,1,0.07692307692307693,1.0,0.07692307692307693
668721,Payton Henry,2023,AAA,1,1,1,2,0,0,0,0.0,,0.0
668754,Braden Bristo,2023,AAA,40,20,29,60,11,1,12,0.2,0.9166666666666666,0.18333333333333332
668761,Colin Peluse,2023,AAA,51,22,28,73,4,0,4,0.0547945205479452,1.0,0.0547945205479452
668820,Max Kranick,2023,AAA,4,3,5,7,1,1,2,0.2857142857142857,0.5,0.14285714285714285
668831,Garrett Stallings,2023,AAA,45,29,14,74,3,1,4,0.05405405405405406,0.75,0.04054054054054054
668834,Easton McGee,2023,AAA,23,10,5,33,2,0,2,0.06060606060606061,1.0,0.06060606060606061
668868,Zack Thompson,2023,AAA,34,18,11,52,6,0,6,0.11538461538461539,1.0,0.11538461538461539
668869,Tyler Thomas,2023,AAA,11,10,8,21,1,1,2,0.09523809523809523,0.5,0.047619047619047616
668873,Caleb Kilian,2023,AAA,75,29,24,104,12,4,16,0.15384615384615385,0.75,0.11538461538461539
668878,Robbie Peto,2023,AAA,3,2,1,5,1,0,1,0.2,1.0,0.2
668881,Hunter Greene,2023,AAA,7,1,3,8,0,0,0,0.0,,0.0
668909,Gavin Williams,2023,AAA,18,9,9,27,3,0,3,0.1111111111111111,1.0,0.1111111111111111
668941,JoJo Romero,2023,AAA,14,5,13,19,1,0,1,0.05263157894736842,1.0,0.05263157894736842
668954,Curtis Taylor,2023,AAA,5,1,3,6,0,0,0,0.0,,0.0
668964,Tobias Myers,2023,AAA,1,0,1,1,0,0,0,0.0,,0.0
668968,Hans Crouse,2023,AAA,16,11,13,27,5,1,6,0.2222222222222222,0.8333333333333334,0.18518518518518517
668970,Gavin Hollowell,2023,AAA,16,5,14,21,2,1,3,0.14285714285714285,0.6666666666666666,0.09523809523809523
668984,Casey Legumina,2023,AAA,27,11,21,38,1,0,1,0.02631578947368421,1.0,0.02631578947368421
669001,J.C. Flowers,2023,AAA,44,20,24,64,5,0,5,0.078125,1.0,0.078125
669020,Ryan Rolison,2023,AAA,3,4,2,7,0,1,1,0.14285714285714285,0.0,0.0
669062,Erik Miller,2023,AAA,28,14,27,42,2,1,3,0.07142857142857142,0.6666666666666666,0.047619047619047616
669081,Jack Dashwood,2023,AAA,3,0,1,3,0,0,0,0.0,,0.0
669084,DL Hall,2023,AAA,33,6,13,39,0,0,0,0.0,,0.0
669085,Alex Scherff,2023,AAA,2,4,4,6,3,0,3,0.5,1.0,0.5
669091,Matt Cronin,2023,AAA,13,5,10,18,6,0,6,0.3333333333333333,1.0,0.3333333333333333
669093,Jeremiah Estrada,2023,AAA,22,11,15,33,2,0,2,0.06060606060606061,1.0,0.06060606060606061
669105,Zach Muckenhirn,2023,AAA,40,12,21,52,6,1,7,0.1346153846153846,0.8571428571428571,0.11538461538461539
669114,Jace Vines,2023,AAA,12,7,9,19,0,0,0,0.0,,0.0
669145,Bruce Zimmermann,2023,AAA,75,36,21,111,11,1,12,0.10810810810810811,0.9166666666666666,0.0990990990990991
669165,Kyle Hurt,2023,AAA,12,4,7,16,0,0,0,0.0,,0.0
669169,Jonathan Heasley,2023,AAA,55,35,26,90,8,1,9,0.1,0.8888888888888888,0.08888888888888889
669180,Braeden Ogle,2023,AAA,3,2,3,5,1,0,1,0.2,1.0,0.2
669183,Grant Gambrell,2023,AAA,5,3,2,8,0,0,0,0.0,,0.0
669194,Ryne Nelson,2023,AAA,16,6,4,22,2,0,2,0.09090909090909091,1.0,0.09090909090909091
669205,Lincoln Henzman,2023,AAA,16,11,8,27,2,0,2,0.07407407407407407,1.0,0.07407407407407407
669211,Keegan Akin,2023,AAA,1,0,1,1,0,0,0,0.0,,0.0
669247,Chris Clarke,2023,AAA,66,31,32,97,6,0,6,0.061855670103092786,1.0,0.061855670103092786
669251,Tanner Myatt,2023,AAA,1,1,1,2,0,0,0,0.0,,0.0
669270,Joel Kuhnel,2023,AAA,38,16,27,54,9,3,12,0.2222222222222222,0.75,0.16666666666666666
669276,Dylan Lee,2023,AAA,6,1,4,7,0,0,0,0.0,,0.0
669283,Drew Parrish,2023,AAA,62,34,21,96,8,2,10,0.10416666666666667,0.8,0.08333333333333333
669308,Sean Reynolds,2023,AAA,26,21,20,47,4,0,4,0.0851063829787234,1.0,0.0851063829787234
669330,Tyler Wells,2023,AAA,5,3,4,8,0,0,0,0.0,,0.0
669373,Tarik Skubal,2023,AAA,5,2,3,7,3,0,3,0.42857142857142855,1.0,0.42857142857142855
669387,Carmen Mlodzinski,2023,AAA,16,11,12,27,1,1,2,0.07407407407407407,0.5,0.037037037037037035
669391,Owen White,2023,AAA,40,17,13,57,1,0,1,0.017543859649122806,1.0,0.017543859649122806
669395,Dylan Coleman,2023,AAA,25,8,17,33,2,0,2,0.06060606060606061,1.0,0.06060606060606061
669416,Blayne Enlow,2023,AAA,29,19,14,48,1,0,1,0.020833333333333332,1.0,0.020833333333333332
669420,Tim Cate,2023,AAA,27,9,21,36,5,1,6,0.16666666666666666,0.8333333333333334,0.1388888888888889
669424,Jimmy Lambert,2023,AAA,9,7,9,16,3,0,3,0.1875,1.0,0.1875
669432,Trevor Rogers,2023,AAA,1,0,1,1,0,0,0,0.0,,0.0
669438,Mason Englert,2023,AAA,6,5,6,11,0,0,0,0.0,,0.0
669443,Aaron Hernandez,2023,AAA,15,6,8,21,1,0,1,0.047619047619047616,1.0,0.047619047619047616
669456,Shane Bieber,2023,AAA,1,0,1,1,0,0,0,0.0,,0.0
669461,Matthew Liberatore,2023,AAA,43,18,13,61,5,1,6,0.09836065573770492,0.8333333333333334,0.08196721311475409
669467,Andre Pallante,2023,AAA,7,2,4,9,0,0,0,0.0,,0.0
669468,Aaron Leasher,2023,AAA,48,18,17,66,5,4,9,0.13636363636363635,0.5555555555555556,0.07575757575757576
669476,Jake Walters,2023,AAA,44,19,17,63,4,0,4,0.06349206349206349,1.0,0.06349206349206349
669618,Joe Barlow,2023,AAA,33,17,22,50,2,1,3,0.06,0.6666666666666666,0.04
669639,Nolan Clenney,2023,AAA,12,8,9,20,3,1,4,0.2,0.75,0.15
669648,John Doxakis,2023,AAA,4,1,1,5,1,0,1,0.2,1.0,0.2
669662,Haylen Green,2023,AAA,9,2,2,11,0,0,0,0.0,,0.0
669668,Cameron Junker,2023,AAA,3,1,1,4,1,0,1,0.25,1.0,0.25
669674,Sam Long,2023,AAA,17,11,11,28,0,0,0,0.0,,0.0
669682,Morgan McSweeney,2023,AAA,26,15,25,41,1,1,2,0.04878048780487805,0.5,0.024390243902439025
669684,Chris Murphy,2023,AAA,50,29,15,79,7,4,11,0.13924050632911392,0.6363636363636364,0.08860759493670886
669711,Greg Weissert,2023,AAA,26,11,24,37,8,0,8,0.21621621621621623,1.0,0.21621621621621623
669713,Hayden Wesneski,2023,AAA,13,1,5,14,6,0,6,0.42857142857142855,1.0,0.42857142857142855
669721,Davis Daniel,2023,AAA,4,2,1,6,0,0,0,0.0,,0.0
669724,Brenan Hanifee,2023,AAA,69,30,25,99,1,4,5,0.050505050505050504,0.2,0.010101010101010102
669735,Chris Rodriguez,2023,AAA,1,2,2,3,0,0,0,0.0,,0.0
669740,Travis MacGregor,2023,AAA,36,23,22,59,2,0,2,0.03389830508474576,1.0,0.03389830508474576
669746,Tommy Eveld,2023,AAA,1,0,1,1,0,0,0,0.0,,0.0
669796,Jose E. Hernandez,2023,AAA,3,2,4,5,2,0,2,0.4,1.0,0.4
669854,Ronel Blanco,2023,AAA,31,20,15,51,4,0,4,0.0784313725490196,1.0,0.0784313725490196
669912,Kirby Snead,2023,AAA,21,13,17,34,0,0,0,0.0,,0.0
669920,Jason Alexander,2023,AAA,43,20,13,63,4,1,5,0.07936507936507936,0.8,0.06349206349206349
669935,A.J. Alexy,2023,AAA,24,15,12,39,6,0,6,0.15384615384615385,1.0,0.15384615384615385
669947,Jesse Scholtens,2023,AAA,28,8,8,36,9,2,11,0.3055555555555556,0.8181818181818182,0.25
669952,Mitch White,2023,AAA,37,15,14,52,5,1,6,0.11538461538461539,0.8333333333333334,0.09615384615384616
670036,Matt Festa,2023,AAA,12,10,14,22,1,0,1,0.045454545454545456,1.0,0.045454545454545456
670046,Kenny Rosenberg,2023,AAA,54,29,20,83,14,5,19,0.2289156626506024,0.7368421052631579,0.1686746987951807
670050,Stephen Ridings,2023,AAA,6,4,6,10,0,0,0,0.0,,0.0
670056,Caleb Baragar,2023,AAA,20,12,15,32,1,0,1,0.03125,1.0,0.03125
670081,Scott Engler,2023,AAA,11,6,8,17,4,0,4,0.23529411764705882,1.0,0.23529411764705882
670102,Bowden Francis,2023,AAA,15,4,8,19,1,0,1,0.05263157894736842,1.0,0.05263157894736842
670103,Raymond Burgos,2023,AAA,16,6,10,22,0,0,0,0.0,,0.0
670113,Jim Haley,2023,AAA,0,1,1,1,0,0,0,0.0,,0.0
670124,Adam Oller,2023,AAA,74,38,23,112,16,1,17,0.15178571428571427,0.9411764705882353,0.14285714285714285
670138,Max Kuhns,2023,AAA,3,1,1,4,0,1,1,0.25,0.0,0.0
670154,Nolan Blackwood,2023,AAA,34,21,25,55,2,1,3,0.05454545454545454,0.6666666666666666,0.03636363636363636
670161,Parker Dunshee,2023,AAA,14,7,8,21,1,0,1,0.047619047619047616,1.0,0.047619047619047616
670167,John Schreiber,2023,AAA,2,0,1,2,0,0,0,0.0,,0.0
670183,Garrett Acton,2023,AAA,12,10,11,22,1,0,1,0.045454545454545456,1.0,0.045454545454545456
670241,Darius Vines,2023,AAA,17,5,6,22,0,3,3,0.13636363636363635,0.0,0.0
670245,Ryan Watson,2023,AAA,62,34,30,96,5,5,10,0.10416666666666667,0.5,0.052083333333333336
670247,Ty Weber,2023,AAA,3,1,1,4,0,0,0,0.0,,0.0
670281,Stevie Berman,2023,AAA,2,0,1,2,0,0,0,0.0,,0.0
670288,Jake Fishman,2023,AAA,4,3,3,7,1,0,1,0.14285714285714285,1.0,0.14285714285714285
670329,Rico Garcia,2023,AAA,12,7,12,19,3,0,3,0.15789473684210525,1.0,0.15789473684210525
670376,Alejandro Mateo,2023,AAA,27,24,25,51,1,0,1,0.0196078431372549,1.0,0.0196078431372549
670381,Fred Villarreal,2023,AAA,6,1,3,7,0,1,1,0.14285714285714285,0.0,0.0
670393,Dylan Bice,2023,AAA,16,9,12,25,3,0,3,0.12,1.0,0.12
670422,Trevor Bettencourt,2023,AAA,10,6,7,16,3,0,3,0.1875,1.0,0.1875
670426,Phillip Diehl,2023,AAA,17,14,16,31,5,1,6,0.1935483870967742,0.8333333333333334,0.16129032258064516
670437,Lucas Jacobsen,2023,AAA,28,19,19,47,6,0,6,0.1276595744680851,1.0,0.1276595744680851
670456,JD Hammer,2023,AAA,30,16,8,46,5,0,5,0.10869565217391304,1.0,0.10869565217391304
670766,Darren McCaughan,2023,AAA,70,44,25,114,11,2,13,0.11403508771929824,0.8461538461538461,0.09649122807017543
670810,Logan Gillaspie,2023,AAA,21,13,21,34,1,0,1,0.029411764705882353,1.0,0.029411764705882353
670871,Guillo Zuñiga,2023,AAA,18,14,18,32,5,0,5,0.15625,1.0,0.15625
670950,Trevor Richards,2023,AAA,1,0,1,1,0,1,1,1.0,0.0,0.0
670955,Edwin Uceta,2023,AAA,9,5,5,14,3,0,3,0.21428571428571427,1.0,0.21428571428571427
670970,Adrian Morejon,2023,AAA,19,7,12,26,2,1,3,0.11538461538461539,0.6666666666666666,0.07692307692307693
670986,Jose Bravo,2023,AAA,14,2,3,16,0,0,0,0.0,,0.0
670990,Yohan Ramírez,2023,AAA,17,10,15,27,1,0,1,0.037037037037037035,1.0,0.037037037037037035
671096,Andrew Abbott,2023,AAA,19,4,7,23,1,2,3,0.13043478260869565,0.3333333333333333,0.043478260869565216
671106,Logan Allen,2023,AAA,8,5,4,13,1,0,1,0.07692307692307693,1.0,0.07692307692307693
671111,Sammy Peralta,2023,AAA,40,23,21,63,4,3,7,0.1111111111111111,0.5714285714285714,0.06349206349206349
671131,Jackson Rutledge,2023,AAA,35,13,11,48,2,2,4,0.08333333333333333,0.5,0.041666666666666664
671142,Jaime Arias,2023,AAA,2,1,2,3,0,0,0,0.0,,0.0
671162,Connor Thomas,2023,AAA,76,38,21,114,3,3,6,0.05263157894736842,0.5,0.02631578947368421
671212,Joe Boyle,2023,AAA,17,2,3,19,2,1,3,0.15789473684210525,0.6666666666666666,0.10526315789473684
671305,Michel Otañez,2023,AAA,1,2,2,3,0,0,0,0.0,,0.0
671737,Taj Bradley,2023,AAA,20,12,10,32,1,0,1,0.03125,1.0,0.03125
671790,Ronald Bolaños,2023,AAA,58,39,16,97,14,0,14,0.14432989690721648,1.0,0.14432989690721648
671922,Cade Smith,2023,AAA,29,14,20,43,3,0,3,0.06976744186046512,1.0,0.06976744186046512
672374,Franklin Dacosta,2023,AAA,3,0,1,3,0,1,1,0.3333333333333333,0.0,0.0
672391,Kaleb Ort,2023,AAA,10,3,9,13,1,0,1,0.07692307692307693,1.0,0.07692307692307693
672435,Juan Mejia,2023,AAA,3,2,1,5,0,0,0,0.0,,0.0
672456,Keider Montero,2023,AAA,25,9,8,34,2,2,4,0.11764705882352941,0.5,0.058823529411764705
672550,Danis Correa,2023,AAA,11,7,7,18,1,1,2,0.1111111111111111,0.5,0.05555555555555555
672552,Jack O'Loughlin,2023,AAA,50,27,18,77,3,3,6,0.07792207792207792,0.5,0.03896103896103896
672582,Angel Zerpa,2023,AAA,19,3,6,22,0,1,1,0.045454545454545456,0.0,0.0
672598,Alemao Hernandez,2023,AAA,18,9,7,27,1,0,1,0.037037037037037035,1.0,0.037037037037037035
672710,Roansy Contreras,2023,AAA,18,9,8,27,7,1,8,0.2962962962962963,0.875,0.25925925925925924
672712,Luis Palacios,2023,AAA,8,2,3,10,2,0,2,0.2,1.0,0.2
672715,Luis Patiño,2023,AAA,44,25,24,69,2,0,2,0.028985507246376812,1.0,0.028985507246376812
672730,Juan Then,2023,AAA,29,23,22,52,7,0,7,0.1346153846153846,1.0,0.1346153846153846
672795,Samuel Reyes,2023,AAA,19,4,10,23,1,1,2,0.08695652173913043,0.5,0.043478260869565216
672810,Jairo Solis,2023,AAA,53,29,18,82,11,0,11,0.13414634146341464,1.0,0.13414634146341464
672836,Angel Macuare,2023,AAA,12,4,4,16,0,0,0,0.0,,0.0
672839,Francisco Morales,2023,AAA,21,17,18,38,9,1,10,0.2631578947368421,0.9,0.23684210526315788
672841,Carlos Vargas,2023,AAA,45,20,31,65,4,1,5,0.07692307692307693,0.8,0.06153846153846154
672848,Noe Toribio,2023,AAA,4,0,2,4,1,0,1,0.25,1.0,0.25
672851,Joan Adon,2023,AAA,63,35,17,98,9,3,12,0.12244897959183673,0.75,0.09183673469387756
672866,Jose E. Martinez,2023,AAA,2,2,2,4,0,0,0,0.0,,0.0
672911,Jesus Cruz,2023,AAA,28,16,23,44,0,0,0,0.0,,0.0
673111,José Lopez,2023,AAA,26,16,19,42,2,0,2,0.047619047619047616,1.0,0.047619047619047616
673258,Michel Baez,2023,AAA,14,8,7,22,4,2,6,0.2727272727272727,0.6666666666666666,0.18181818181818182
673380,Dedniel Núñez,2023,AAA,31,21,26,52,8,2,10,0.19230769230769232,0.8,0.15384615384615385
673603,Luis Romero,2023,AAA,12,10,10,22,4,1,5,0.22727272727272727,0.8,0.18181818181818182
673820,Robinson Piña,2023,AAA,28,8,7,36,2,1,3,0.08333333333333333,0.6666666666666666,0.05555555555555555
673858,Jake Wong,2023,AAA,16,13,9,29,2,2,4,0.13793103448275862,0.5,0.06896551724137931
673893,Trevor Schwecke,2023,AAA,1,1,1,2,0,0,0,0.0,,0.0
673904,Jake Walsh,2023,AAA,28,13,18,41,6,1,7,0.17073170731707318,0.8571428571428571,0.14634146341463414
673920,Sean Mellen,2023,AAA,5,3,4,8,1,0,1,0.125,1.0,0.125
673929,Jordan Leasure,2023,AAA,10,5,9,15,2,0,2,0.13333333333333333,1.0,0.13333333333333333
673965,Caleb Freeman,2023,AAA,11,6,10,17,0,0,0,0.0,,0.0
673983,Josh Bissonette,2023,AAA,1,0,1,1,0,0,0,0.0,,0.0
674003,Cody Bradford,2023,AAA,37,15,14,52,0,1,1,0.019230769230769232,0.0,0.0
674072,Tommy Henry,2023,AAA,16,4,4,20,0,1,1,0.05,0.0,0.0
674175,Houston Roth,2023,AAA,2,1,1,3,0,0,0,0.0,,0.0
674285,Eduardo Salazar,2023,AAA,38,21,24,59,3,0,3,0.05084745762711865,1.0,0.05084745762711865
674287,Frainger Aranguren,2023,AAA,2,1,1,3,0,1,1,0.3333333333333333,0.0,0.0
674342,Jakob Hernandez,2023,AAA,8,6,8,14,3,1,4,0.2857142857142857,0.75,0.21428571428571427
674370,Osvaldo Bido,2023,AAA,35,20,17,55,9,0,9,0.16363636363636364,1.0,0.16363636363636364
674381,Moises Lugo,2023,AAA,29,20,29,49,4,0,4,0.08163265306122448,1.0,0.08163265306122448
674444,Steven Cruz,2023,AAA,9,3,8,12,2,0,2,0.16666666666666666,1.0,0.16666666666666666
674681,Michael Plassmeyer,2023,AAA,42,20,16,62,4,1,5,0.08064516129032258,0.8,0.06451612903225806
674810,Victor Castaneda,2023,AAA,8,2,6,10,1,0,1,0.1,1.0,0.1
674944,Sean Guenther,2023,AAA,19,7,12,26,1,0,1,0.038461538461538464,1.0,0.038461538461538464
675627,Michael Grove,2023,AAA,4,1,3,5,2,0,2,0.4,1.0,0.4
675640,Braden Zarbnisky,2023,AAA,13,5,7,18,0,0,0,0.0,,0.0
675650,Michael Mercado,2023,AAA,26,9,20,35,3,0,3,0.08571428571428572,1.0,0.08571428571428572
675660,Shane Drohan,2023,AAA,71,37,21,108,13,0,13,0.12037037037037036,1.0,0.12037037037037036
675914,Tony Dibrell,2023,AAA,24,12,8,36,2,1,3,0.08333333333333333,0.6666666666666666,0.05555555555555555
675916,James Karinchak,2023,AAA,12,6,13,18,2,0,2,0.1111111111111111,1.0,0.1111111111111111
675921,Spencer Howard,2023,AAA,7,4,6,11,3,0,3,0.2727272727272727,1.0,0.2727272727272727
675960,Alex Troop,2023,AAA,4,7,3,11,0,1,1,0.09090909090909091,0.0,0.0
675963,Josh Roberson,2023,AAA,32,18,25,50,5,1,6,0.12,0.8333333333333334,0.1
675973,Tyler Brown,2023,AAA,2,2,3,4,0,0,0,0.0,,0.0
675976,Mark Washington,2023,AAA,31,13,24,44,5,1,6,0.13636363636363635,0.8333333333333334,0.11363636363636363
675977,Drew Strotman,2023,AAA,78,49,30,127,7,4,11,0.08661417322834646,0.6363636363636364,0.05511811023622047
675989,Cody Bolton,2023,AAA,22,12,19,34,2,0,2,0.058823529411764705,1.0,0.058823529411764705
676026,Holden Powell,2023,AAA,4,1,2,5,0,0,0,0.0,,0.0
676046,Griff McGarry,2023,AAA,9,5,3,14,0,0,0,0.0,,0.0
676051,Codi Heuer,2023,AAA,7,3,7,10,1,0,1,0.1,1.0,0.1
676083,Janson Junk,2023,AAA,84,40,27,124,8,6,14,0.11290322580645161,0.5714285714285714,0.06451612903225806
676092,Collin Snider,2023,AAA,30,16,29,46,3,0,3,0.06521739130434782,1.0,0.06521739130434782
676105,Jeff Criswell,2023,AAA,74,43,29,117,15,2,17,0.1452991452991453,0.8823529411764706,0.1282051282051282
676111,Shawn Semple,2023,AAA,6,5,3,11,3,0,3,0.2727272727272727,1.0,0.2727272727272727
676113,Zach DeLoach,2023,AAA,1,0,1,1,0,0,0,0.0,,0.0
676130,José Buttó,2023,AAA,62,24,19,86,11,3,14,0.16279069767441862,0.7857142857142857,0.12790697674418605
676191,John Swanda,2023,AAA,24,12,5,36,2,2,4,0.1111111111111111,0.5,0.05555555555555555
676206,Freddy Tarnok,2023,AAA,12,3,5,15,1,0,1,0.06666666666666667,1.0,0.06666666666666667
676220,Seth Elledge,2023,AAA,39,25,30,64,11,3,14,0.21875,0.7857142857142857,0.171875
676254,Ryan Walker,2023,AAA,10,5,8,15,2,0,2,0.13333333333333333,1.0,0.13333333333333333
676265,Cory Abbott,2023,AAA,28,15,13,43,9,0,9,0.20930232558139536,1.0,0.20930232558139536
676272,Bobby Miller,2023,AAA,7,5,4,12,2,0,2,0.16666666666666666,1.0,0.16666666666666666
676282,Joey Cantillo,2023,AAA,63,22,20,85,10,0,10,0.11764705882352941,1.0,0.11764705882352941
676362,Gabriel Ponce,2023,AAA,10,4,7,14,1,0,1,0.07142857142857142,1.0,0.07142857142857142
676395,Robert Garcia,2023,AAA,25,15,24,40,6,2,8,0.2,0.75,0.15
676440,Tanner Bibee,2023,AAA,9,1,3,10,0,0,0,0.0,,0.0
676464,Nick Swiney,2023,AAA,26,20,21,46,4,3,7,0.15217391304347827,0.5714285714285714,0.08695652173913043
676467,Colton Gordon,2023,AAA,25,4,9,29,3,0,3,0.10344827586206896,1.0,0.10344827586206896
676477,Garrett Whitlock,2023,AAA,7,5,4,12,1,0,1,0.08333333333333333,1.0,0.08333333333333333
676510,Nolan Hoffman,2023,AAA,2,3,3,5,1,1,2,0.4,0.5,0.2
676515,Cam Robinson,2023,AAA,7,3,6,10,2,0,2,0.2,1.0,0.2
676534,Calvin Faucher,2023,AAA,5,2,5,7,1,0,1,0.14285714285714285,1.0,0.14285714285714285
676546,Michael Gomez,2023,AAA,59,34,37,93,15,1,16,0.17204301075268819,0.9375,0.16129032258064516
676568,Ricky Vanasco,2023,AAA,3,1,2,4,0,0,0,0.0,,0.0
676570,Brooks Wilson,2023,AAA,1,1,1,2,0,0,0,0.0,,0.0
676571,PJ Poulin,2023,AAA,32,19,27,51,9,0,9,0.17647058823529413,1.0,0.17647058823529413
676596,Josh Fleming,2023,AAA,41,17,12,58,8,2,10,0.1724137931034483,0.8,0.13793103448275862
676604,Tyler Zuber,2023,AAA,12,12,11,24,2,0,2,0.08333333333333333,1.0,0.08333333333333333
676606,Nick Margevicius,2023,AAA,37,20,14,57,4,3,7,0.12280701754385964,0.5714285714285714,0.07017543859649122
676614,Bryan Sammons,2023,AAA,30,20,15,50,3,3,6,0.12,0.5,0.06
676617,Riley O'Brien,2023,AAA,34,18,31,52,9,0,9,0.17307692307692307,1.0,0.17307692307692307
676620,Blake Weiman,2023,AAA,32,15,28,47,6,0,6,0.1276595744680851,1.0,0.1276595744680851
676637,Phoenix Sanders,2023,AAA,13,6,10,19,0,0,0,0.0,,0.0
676641,Beau Sulser,2023,AAA,16,9,7,25,1,0,1,0.04,1.0,0.04
676660,Jared Solomon,2023,AAA,21,16,18,37,3,1,4,0.10810810810810811,0.75,0.08108108108108109
676680,Tom Cosgrove,2023,AAA,3,0,3,3,0,0,0,0.0,,0.0
676684,Will Vest,2023,AAA,7,3,6,10,0,0,0,0.0,,0.0
676689,Ricky Karcher,2023,AAA,49,24,37,73,7,0,7,0.0958904109589041,1.0,0.0958904109589041
676699,Seth Nordlin,2023,AAA,14,3,4,17,1,1,2,0.11764705882352941,0.5,0.058823529411764705
676702,Hunter Stratton,2023,AAA,36,19,29,55,5,0,5,0.09090909090909091,1.0,0.09090909090909091
676709,Ty Tice,2023,AAA,22,13,16,35,2,0,2,0.05714285714285714,1.0,0.05714285714285714
676710,Kutter Crawford,2023,AAA,2,0,1,2,0,0,0,0.0,,0.0
676711,Nick Gallagher,2023,AAA,2,2,1,4,2,0,2,0.5,1.0,0.5
676714,Brandon Hughes,2023,AAA,10,6,9,16,1,0,1,0.0625,1.0,0.0625
676720,Tommy Romero,2023,AAA,63,24,31,87,4,4,8,0.09195402298850575,0.5,0.04597701149425287
676724,Jared Young,2023,AAA,1,0,1,1,0,0,0,0.0,,0.0
676726,Chris Muller,2023,AAA,18,12,14,30,4,0,4,0.13333333333333333,1.0,0.13333333333333333
676737,Billy Lescher,2023,AAA,2,2,2,4,0,0,0,0.0,,0.0
676742,Cam Sanders,2023,AAA,46,25,32,71,3,0,3,0.04225352112676056,1.0,0.04225352112676056
676760,Ron Marinaccio,2023,AAA,14,8,9,22,5,0,5,0.22727272727272727,1.0,0.22727272727272727
676775,Keaton Winn,2023,AAA,36,31,17,67,12,0,12,0.1791044776119403,1.0,0.1791044776119403
676785,Bryce Conley,2023,AAA,9,3,5,12,3,1,4,0.3333333333333333,0.75,0.25
676831,Kodi Whitley,2023,AAA,39,23,31,62,3,0,3,0.04838709677419355,1.0,0.04838709677419355
676840,Matt Peacock,2023,AAA,19,11,14,30,2,0,2,0.06666666666666667,1.0,0.06666666666666667
676879,Aaron Ashby,2023,AAA,2,2,2,4,0,0,0,0.0,,0.0
676907,Billy Sullivan,2023,AAA,54,29,40,83,12,1,13,0.1566265060240964,0.9230769230769231,0.14457831325301204
676961,Caleb Boushley,2023,AAA,91,35,29,126,13,6,19,0.15079365079365079,0.6842105263157895,0.10317460317460317
676962,Ben Brown,2023,AAA,45,18,19,63,6,1,7,0.1111111111111111,0.8571428571428571,0.09523809523809523
676969,Brett de Geus,2023,AAA,16,7,8,23,2,0,2,0.08695652173913043,1.0,0.08695652173913043
676979,Garrett Crochet,2023,AAA,5,0,3,5,3,0,3,0.6,1.0,0.6
677013,Rio Gomez,2023,AAA,37,18,14,55,4,1,5,0.09090909090909091,0.8,0.07272727272727272
677020,Josh Walker,2023,AAA,17,6,10,23,0,0,0,0.0,,0.0
677040,Scott Kobos,2023,AAA,2,1,2,3,1,0,1,0.3333333333333333,1.0,0.3333333333333333
677053,Andrew Nardi,2023,AAA,1,1,1,2,0,0,0,0.0,,0.0
677076,Clayton Andrews,2023,AAA,31,16,31,47,4,0,4,0.0851063829787234,1.0,0.0851063829787234
677161,Zack Kelly,2023,AAA,2,0,2,2,0,0,0,0.0,,0.0
677742,Tyler Zombro,2023,AAA,2,2,2,4,0,0,0,0.0,,0.0
677865,Justin Bruihl,2023,AAA,18,8,12,26,3,0,3,0.11538461538461539,1.0,0.11538461538461539
677868,Francis Peguero,2023,AAA,5,1,2,6,1,0,1,0.16666666666666666,1.0,0.16666666666666666
677944,Slade Cecconi,2023,AAA,66,34,23,100,5,1,6,0.06,0.8333333333333334,0.05
677960,Ryan Weathers,2023,AAA,49,17,15,66,6,2,8,0.12121212121212122,0.75,0.09090909090909091
677976,Randy Dobnak,2023,AAA,98,53,30,151,6,6,12,0.07947019867549669,0.5,0.039735099337748346
678024,Mike Vasil,2023,AAA,51,24,16,75,9,2,11,0.14666666666666667,0.8181818181818182,0.12
678041,Brendan Nail,2023,AAA,21,15,17,36,3,0,3,0.08333333333333333,1.0,0.08333333333333333
678061,Ray Kerr,2023,AAA,25,9,22,34,4,1,5,0.14705882352941177,0.8,0.11764705882352941
678226,Daysbel Hernández,2023,AAA,2,1,2,3,1,0,1,0.3333333333333333,1.0,0.3333333333333333
678394,Brayan Bello,2023,AAA,2,1,1,3,0,0,0,0.0,,0.0
678495,Randy Rodríguez,2023,AAA,28,17,25,45,5,0,5,0.1111111111111111,1.0,0.1111111111111111
678606,Jose A. Ferrer,2023,AAA,36,20,27,56,6,0,6,0.10714285714285714,1.0,0.10714285714285714
678692,Ronny Henriquez,2023,AAA,43,17,28,60,8,0,8,0.13333333333333333,1.0,0.13333333333333333
678725,Franny Cobos,2023,AAA,5,0,1,5,0,1,1,0.2,0.0,0.0
678738,Juan Sanchez,2023,AAA,15,11,12,26,2,1,3,0.11538461538461539,0.6666666666666666,0.07692307692307693
678752,Luis De Avila,2023,AAA,7,4,1,11,2,1,3,0.2727272727272727,0.6666666666666666,0.18181818181818182
678906,Kai-Wei Teng,2023,AAA,58,27,17,85,6,0,6,0.07058823529411765,1.0,0.07058823529411765
679033,Juan Zapata,2023,AAA,4,0,2,4,0,0,0,0.0,,0.0
679156,Walter Pennington,2023,AAA,40,16,26,56,6,1,7,0.125,0.8571428571428571,0.10714285714285714
679346,Edgar Navarro,2023,AAA,35,24,31,59,2,0,2,0.03389830508474576,1.0,0.03389830508474576
679358,Eric Orze,2023,AAA,47,26,29,73,5,1,6,0.0821917808219178,0.8333333333333334,0.0684931506849315
679525,Alec Marsh,2023,AAA,11,8,3,19,6,0,6,0.3157894736842105,1.0,0.3157894736842105
679604,Tyler Beck,2023,AAA,3,1,1,4,0,0,0,0.0,,0.0
679630,Brett Schulze,2023,AAA,17,12,14,29,1,0,1,0.034482758620689655,1.0,0.034482758620689655
679647,Jackson Rose,2023,AAA,17,14,11,31,5,0,5,0.16129032258064516,1.0,0.16129032258064516
679711,Clay Aguilar,2023,AAA,4,5,4,9,1,0,1,0.1111111111111111,1.0,0.1111111111111111
679712,Lael Lockhart,2023,AAA,1,3,1,4,0,0,0,0.0,,0.0
679775,Kyle Backhus,2023,AAA,12,3,8,15,1,0,1,0.06666666666666667,1.0,0.06666666666666667
679885,Justin Martinez,2023,AAA,41,17,35,58,1,1,2,0.034482758620689655,0.5,0.017241379310344827
679892,Emilio Marquez,2023,AAA,1,0,1,1,0,0,0,0.0,,0.0
679928,Evan McKendry,2023,AAA,65,41,28,106,6,1,7,0.0660377358490566,0.8571428571428571,0.05660377358490566
679977,Noah Song,2023,AAA,4,1,2,5,0,0,0,0.0,,0.0
680430,Nick Allgeyer,2023,AAA,53,32,22,85,1,1,2,0.023529411764705882,0.5,0.011764705882352941
680451,Mason Erla,2023,AAA,20,11,7,31,0,0,0,0.0,,0.0
680543,Jake Lee,2023,AAA,44,23,17,67,6,5,11,0.16417910447761194,0.5454545454545454,0.08955223880597014
680570,Grayson Rodriguez,2023,AAA,25,8,8,33,2,0,2,0.06060606060606061,1.0,0.06060606060606061
680572,Adam Kloffenstein,2023,AAA,22,12,8,34,3,1,4,0.11764705882352941,0.75,0.08823529411764706
680573,Simeon Woods Richardson,2023,AAA,72,40,24,112,13,3,16,0.14285714285714285,0.8125,0.11607142857142858
680604,Blas Castaño,2023,AAA,3,2,2,5,0,0,0,0.0,,0.0
680606,Cristian Charle,2023,AAA,2,3,1,5,1,0,1,0.2,1.0,0.2
680689,Lyon Richardson,2023,AAA,10,5,5,15,2,0,2,0.13333333333333333,1.0,0.13333333333333333
680691,Justin Jarvis,2023,AAA,28,19,12,47,2,0,2,0.0425531914893617,1.0,0.0425531914893617
680692,Jonathan Stiever,2023,AAA,2,3,2,5,2,0,2,0.4,1.0,0.4
680701,John Rooney,2023,AAA,18,12,15,30,2,5,7,0.23333333333333334,0.2857142857142857,0.06666666666666667
680723,Drew Rom,2023,AAA,76,28,20,104,3,1,4,0.038461538461538464,0.75,0.028846153846153848
680730,Mitchell Parker,2023,AAA,8,2,3,10,1,0,1,0.1,1.0,0.1
680732,Sean Burke,2023,AAA,26,13,9,39,10,0,10,0.2564102564102564,1.0,0.2564102564102564
680735,Austin Cox,2023,AAA,25,13,10,38,4,1,5,0.13157894736842105,0.8,0.10526315789473684
680739,Josh Winder,2023,AAA,23,13,15,36,5,0,5,0.1388888888888889,1.0,0.1388888888888889
680742,Jonathan Bowlan,2023,AAA,37,19,14,56,6,3,9,0.16071428571428573,0.6666666666666666,0.10714285714285714
680743,Ryan Cusick,2023,AAA,2,2,1,4,0,0,0,0.0,,0.0
680767,Victor Vodnik,2023,AAA,7,2,7,9,0,0,0,0.0,,0.0
680802,Ryan Weiss,2023,AAA,16,8,11,24,2,0,2,0.08333333333333333,1.0,0.08333333333333333
680897,Nick Nastrini,2023,AAA,7,5,3,12,0,0,0,0.0,,0.0
680961,Chris Gau,2023,AAA,9,4,3,13,4,0,4,0.3076923076923077,1.0,0.3076923076923077
680970,Andrew Pérez,2023,AAA,23,10,16,33,3,2,5,0.15151515151515152,0.6,0.09090909090909091
680983,Kelvin Cáceres,2023,AAA,7,2,5,9,2,0,2,0.2222222222222222,1.0,0.2222222222222222
681006,Josh Simpson,2023,AAA,28,7,17,35,3,1,4,0.11428571428571428,0.75,0.08571428571428572
681007,Jack Cushing,2023,AAA,8,6,3,14,0,0,0,0.0,,0.0
681084,Tanner Andrews,2023,AAA,36,25,24,61,2,1,3,0.04918032786885246,0.6666666666666666,0.03278688524590164
681151,Jayden Murray,2023,AAA,38,23,11,61,4,0,4,0.06557377049180328,1.0,0.06557377049180328
681190,Randy Vásquez,2023,AAA,54,23,16,77,4,4,8,0.1038961038961039,0.5,0.05194805194805195
681217,Chase Silseth,2023,AAA,27,16,11,43,4,1,5,0.11627906976744186,0.8,0.09302325581395349
681293,Spencer Arrighetti,2023,AAA,45,17,15,62,10,4,14,0.22580645161290322,0.7142857142857143,0.16129032258064516
681320,Nate Lavender,2023,AAA,31,12,21,43,7,0,7,0.16279069767441862,1.0,0.16279069767441862
681347,Mike Burrows,2023,AAA,2,1,1,3,2,0,2,0.6666666666666666,1.0,0.6666666666666666
681401,Josh Green,2023,AAA,25,15,15,40,3,0,3,0.075,1.0,0.075
681402,Gus Varland,2023,AAA,22,9,18,31,3,1,4,0.12903225806451613,0.75,0.0967741935483871
681407,Blake Whitney,2023,AAA,2,1,1,3,1,1,2,0.6666666666666666,0.5,0.3333333333333333
681432,Luke Little,2023,AAA,4,2,5,6,0,0,0,0.0,,0.0
681464,Frank German,2023,AAA,17,12,12,29,5,0,5,0.1724137931034483,1.0,0.1724137931034483
681473,Tyler McKay,2023,AAA,21,15,15,36,1,0,1,0.027777777777777776,1.0,0.027777777777777776
681484,Chase Cohen,2023,AAA,38,18,26,56,5,1,6,0.10714285714285714,0.8333333333333334,0.08928571428571429
681493,Eddy Demurias,2023,AAA,3,3,3,6,0,0,0,0.0,,0.0
681501,Chavez Fernander,2023,AAA,7,6,5,13,1,0,1,0.07692307692307693,1.0,0.07692307692307693
681517,Kyle Leahy,2023,AAA,62,33,35,95,2,0,2,0.021052631578947368,1.0,0.021052631578947368
681520,Antoine Kelly,2023,AAA,7,1,4,8,0,0,0,0.0,,0.0
681538,Christian Molfetta,2023,AAA,4,2,2,6,0,0,0,0.0,,0.0
681555,Andrew Politi,2023,AAA,43,31,37,74,12,0,12,0.16216216216216217,1.0,0.16216216216216217
681585,Matt Willrodt,2023,AAA,1,2,2,3,1,0,1,0.3333333333333333,1.0,0.3333333333333333
681603,Carlos Garcia,2023,AAA,19,6,15,25,2,0,2,0.08,1.0,0.08
681671,Zack Leban,2023,AAA,11,8,8,19,2,0,2,0.10526315789473684,1.0,0.10526315789473684
681676,Ryan Fernandez,2023,AAA,17,15,16,32,6,0,6,0.1875,1.0,0.1875
681792,Adam Scott,2023,AAA,45,27,20,72,12,0,12,0.16666666666666666,1.0,0.16666666666666666
681795,Ryan Conroy,2023,AAA,4,2,2,6,0,0,0,0.0,,0.0
681806,Andrew Wantz,2023,AAA,14,7,12,21,1,1,2,0.09523809523809523,0.5,0.047619047619047616
681808,Chris Vallimont,2023,AAA,59,26,29,85,13,2,15,0.17647058823529413,0.8666666666666667,0.15294117647058825
681810,Austin Warren,2023,AAA,3,4,4,7,0,1,1,0.14285714285714285,0.0,0.0
681856,Thomas Ponticelli,2023,AAA,43,31,33,74,1,1,2,0.02702702702702703,0.5,0.013513513513513514
681857,Reese Olson,2023,AAA,31,9,10,40,4,2,6,0.15,0.6666666666666666,0.1
681867,Cooper Criswell,2023,AAA,64,19,20,83,2,1,3,0.03614457831325301,0.6666666666666666,0.024096385542168676
681869,Shawn Dubin,2023,AAA,32,21,19,53,5,1,6,0.11320754716981132,0.8333333333333334,0.09433962264150944
681871,Eli Villalobos,2023,AAA,32,17,25,49,8,0,8,0.16326530612244897,1.0,0.16326530612244897
681882,Colin Selby,2023,AAA,15,10,12,25,2,0,2,0.08,1.0,0.08
681890,Troy Watson,2023,AAA,6,3,4,9,1,0,1,0.1111111111111111,1.0,0.1111111111111111
681891,Zach Greene,2023,AAA,18,10,17,28,5,0,5,0.17857142857142858,1.0,0.17857142857142858
681892,Kody Funderburk,2023,AAA,27,12,24,39,5,0,5,0.1282051282051282,1.0,0.1282051282051282
681895,Evan Sisk,2023,AAA,46,28,38,74,3,0,3,0.04054054054054054,1.0,0.04054054054054054
681902,Brad Case,2023,AAA,5,3,2,8,1,0,1,0.125,1.0,0.125
681911,Alex Vesia,2023,AAA,4,3,5,7,1,0,1,0.14285714285714285,1.0,0.14285714285714285
681924,R.J. Dabovich,2023,AAA,4,2,4,6,0,0,0,0.0,,0.0
681958,Devin Conn,2023,AAA,8,5,6,13,2,0,2,0.15384615384615385,1.0,0.15384615384615385
681963,Conner Loeprich,2023,AAA,0,1,1,1,0,0,0,0.0,,0.0
681973,Josh Hendrickson,2023,AAA,9,3,3,12,0,0,0,0.0,,0.0
681982,Grant Anderson,2023,AAA,19,8,18,27,2,1,3,0.1111111111111111,0.6666666666666666,0.07407407407407407
681989,Dalton Roach,2023,AAA,23,17,25,40,3,1,4,0.1,0.75,0.075
682010,Lane Ramsey,2023,AAA,27,15,22,42,6,1,7,0.16666666666666666,0.8571428571428571,0.14285714285714285
682016,William Woods,2023,AAA,29,17,23,46,3,0,3,0.06521739130434782,1.0,0.06521739130434782
682023,Josh Dye,2023,AAA,17,8,7,25,0,1,1,0.04,0.0,0.0
682027,Cam Alldred,2023,AAA,63,24,27,87,8,0,8,0.09195402298850575,1.0,0.09195402298850575
682044,Sean Boyle,2023,AAA,29,15,9,44,0,1,1,0.022727272727272728,0.0,0.0
682051,Garrett Hill,2023,AAA,47,23,22,70,10,0,10,0.14285714285714285,1.0,0.14285714285714285
682052,Jacob Lopez,2023,AAA,45,15,18,60,5,4,9,0.15,0.5555555555555556,0.08333333333333333
682120,Tim Herrin,2023,AAA,22,8,15,30,2,0,2,0.06666666666666667,1.0,0.06666666666666667
682171,Penn Murfee,2023,AAA,0,1,1,1,1,0,1,1.0,1.0,1.0
682175,Joe Jacques,2023,AAA,29,15,23,44,6,1,7,0.1590909090909091,0.8571428571428571,0.13636363636363635
682183,Drew Avans,2023,AAA,2,1,1,3,1,0,1,0.3333333333333333,1.0,0.3333333333333333
682227,Brandon Williamson,2023,AAA,31,15,8,46,5,1,6,0.13043478260869565,0.8333333333333334,0.10869565217391304
682240,Stephen Jones,2023,AAA,33,16,22,49,1,1,2,0.04081632653061224,0.5,0.02040816326530612
682254,Mason Montgomery,2023,AAA,8,3,4,11,0,0,0,0.0,,0.0
682418,Tommy Parsons,2023,AAA,40,24,18,64,8,2,10,0.15625,0.8,0.125
682448,Jackson Rees,2023,AAA,11,14,10,25,2,1,3,0.12,0.6666666666666666,0.08
682489,Joe Record,2023,AAA,33,22,31,55,4,0,4,0.07272727272727272,1.0,0.07272727272727272
682610,Roddery Muñoz,2023,AAA,52,28,23,80,5,2,7,0.0875,0.7142857142857143,0.0625
682615,John O'Reilly,2023,AAA,59,34,41,93,1,0,1,0.010752688172043012,1.0,0.010752688172043012
682697,Breidy Encarnación,2023,AAA,2,1,1,3,1,0,1,0.3333333333333333,1.0,0.3333333333333333
682842,Abner Uribe,2023,AAA,8,1,6,9,1,0,1,0.1111111111111111,1.0,0.1111111111111111
682847,Luis L. Ortiz,2023,AAA,30,18,12,48,2,0,2,0.041666666666666664,1.0,0.041666666666666664
682967,Devin Sweet,2023,AAA,5,2,4,7,0,0,0,0.0,,0.0
682990,Quinn Priester,2023,AAA,66,29,22,95,11,1,12,0.12631578947368421,0.9166666666666666,0.11578947368421053
683003,Jared Jones,2023,AAA,35,24,16,59,3,0,3,0.05084745762711865,1.0,0.05084745762711865
683004,Jack Leiter,2023,AAA,2,3,1,5,1,0,1,0.2,1.0,0.2
683086,Kendall Williams,2023,AAA,5,1,1,6,3,0,3,0.5,1.0,0.5
683155,Joey Estes,2023,AAA,18,4,7,22,3,0,3,0.13636363636363635,1.0,0.13636363636363635
683175,Connor Phillips,2023,AAA,25,17,11,42,3,0,3,0.07142857142857142,1.0,0.07142857142857142
683232,Nick Mears,2023,AAA,16,11,13,27,3,0,3,0.1111111111111111,1.0,0.1111111111111111
683627,Anthony Molina,2023,AAA,36,22,13,58,5,3,8,0.13793103448275862,0.625,0.08620689655172414
683769,Hunter Gaddis,2023,AAA,47,20,18,67,6,2,8,0.11940298507462686,0.75,0.08955223880597014
684544,Jimmy Endersby,2023,AAA,45,27,27,72,3,3,6,0.08333333333333333,0.5,0.041666666666666664
684871,Enmanuel Mejia,2023,AAA,8,1,4,9,0,0,0,0.0,,0.0
684937,Hunter McMahon,2023,AAA,8,7,5,15,1,0,1,0.06666666666666667,1.0,0.06666666666666667
684946,Nick Fraze,2023,AAA,8,6,3,14,1,0,1,0.07142857142857142,1.0,0.07142857142857142
685005,Christian Roa,2023,AAA,38,22,15,60,6,2,8,0.13333333333333333,0.75,0.1
685107,Anthony Veneziano,2023,AAA,73,27,18,100,3,4,7,0.07,0.42857142857142855,0.03
685116,Austin Kitchen,2023,AAA,1,3,2,4,0,0,0,0.0,,0.0
685125,Christian Chamberlain,2023,AAA,18,13,17,31,5,1,6,0.1935483870967742,0.8333333333333334,0.16129032258064516
685126,Brandon Eisert,2023,AAA,43,26,33,69,11,0,11,0.15942028985507245,1.0,0.15942028985507245
685299,Tanner Gordon,2023,AAA,40,20,12,60,2,1,3,0.05,0.6666666666666666,0.03333333333333333
685314,Andrew Saalfrank,2023,AAA,17,5,14,22,1,0,1,0.045454545454545456,1.0,0.045454545454545456
685377,Misael Tamarez,2023,AAA,70,18,26,88,10,0,10,0.11363636363636363,1.0,0.11363636363636363
685401,Logan Gragg,2023,AAA,7,4,4,11,0,0,0,0.0,,0.0
685410,Peyton Battenfield,2023,AAA,31,20,11,51,6,0,6,0.11764705882352941,1.0,0.11764705882352941
685461,Cesar Gomez,2023,AAA,9,3,6,12,0,0,0,0.0,,0.0
685801,Hunter Bigge,2023,AAA,10,5,8,15,3,0,3,0.2,1.0,0.2
686218,Emmet Sheehan,2023,AAA,5,4,3,9,3,0,3,0.3333333333333333,1.0,0.3333333333333333
686249,Nathan Wiles,2023,AAA,60,20,19,80,0,0,0,0.0,,0.0
686294,Amos Willingham,2023,AAA,15,6,10,21,0,0,0,0.0,,0.0
686539,Declan Cronin,2023,AAA,38,28,33,66,6,4,10,0.15151515151515152,0.6,0.09090909090909091
686580,Justin Slaten,2023,AAA,2,0,1,2,1,0,1,0.5,1.0,0.5
686593,Tyler Driver,2023,AAA,3,3,2,6,0,0,0,0.0,,0.0
686639,Jack Dunn,2023,AAA,3,3,2,6,0,0,0,0.0,,0.0
686651,Levi Stoudt,2023,AAA,56,23,23,79,8,0,8,0.10126582278481013,1.0,0.10126582278481013
686678,Chase Solesky,2023,AAA,58,24,17,82,11,3,14,0.17073170731707318,0.7857142857142857,0.13414634146341464
686731,Lucas Knowles,2023,AAA,12,5,5,17,1,0,1,0.058823529411764705,1.0,0.058823529411764705
686747,Joe La Sorsa,2023,AAA,21,14,15,35,3,0,3,0.08571428571428572,1.0,0.08571428571428572
686752,Ryan Pepiot,2023,AAA,11,6,6,17,2,0,2,0.11764705882352941,1.0,0.11764705882352941
686753,Drey Jameson,2023,AAA,14,7,5,21,1,0,1,0.047619047619047616,1.0,0.047619047619047616
686754,Ryan Jensen,2023,AAA,23,17,18,40,3,1,4,0.1,0.75,0.075
686762,Austin Roberts,2023,AAA,22,12,16,34,2,0,2,0.058823529411764705,1.0,0.058823529411764705
686768,Ryan Smith,2023,AAA,24,9,11,33,2,0,2,0.06060606060606061,1.0,0.06060606060606061
686796,Blake Walston,2023,AAA,118,49,30,167,12,8,20,0.11976047904191617,0.6,0.0718562874251497
686819,Chris Wright,2023,AAA,38,18,29,56,7,1,8,0.14285714285714285,0.875,0.125
686826,Bryce Jarvis,2023,AAA,60,25,21,85,4,0,4,0.047058823529411764,1.0,0.047058823529411764
686839,Brendan White,2023,AAA,23,17,20,40,2,0,2,0.05,1.0,0.05
686842,McKinley Moore,2023,AAA,11,4,9,15,3,0,3,0.2,1.0,0.2
686933,Mitchell Stumpo,2023,AAA,16,7,12,23,0,0,0,0.0,,0.0
686972,Cole Waites,2023,AAA,20,8,19,28,5,0,5,0.17857142857142858,1.0,0.17857142857142858
686973,Louis Varland,2023,AAA,49,17,16,66,4,1,5,0.07575757575757576,0.8,0.06060606060606061
686993,Justin Sterner,2023,AAA,26,12,17,38,13,0,13,0.34210526315789475,1.0,0.34210526315789475
687003,Brian Van Belle,2023,AAA,37,12,13,49,3,0,3,0.061224489795918366,1.0,0.061224489795918366
687014,Nick Avila,2023,AAA,47,23,43,70,8,1,9,0.12857142857142856,0.8888888888888888,0.11428571428571428
687066,Eric Yang,2023,AAA,1,1,1,2,0,0,0,0.0,,0.0
687145,Evan Justice,2023,AAA,8,3,9,11,0,0,0,0.0,,0.0
687166,Austin Pope,2023,AAA,18,8,15,26,1,0,1,0.038461538461538464,1.0,0.038461538461538464
687287,Patrick Monteverde,2023,AAA,8,1,2,9,0,0,0,0.0,,0.0
687347,Vito Friscia,2023,AAA,1,0,1,1,0,0,0,0.0,,0.0
687377,Orlando Ribalta,2023,AAA,3,3,1,6,0,0,0,0.0,,0.0
687396,Brent Headrick,2023,AAA,39,19,18,58,2,0,2,0.034482758620689655,1.0,0.034482758620689655
687423,Triston Polley,2023,AAA,7,3,3,10,1,0,1,0.1,1.0,0.1
687424,Anthony Maldonado,2023,AAA,20,10,19,30,4,1,5,0.16666666666666666,0.8,0.13333333333333333
687606,Paxton Schultz,2023,AAA,50,15,16,65,7,4,11,0.16923076923076924,0.6363636363636364,0.1076923076923077
687607,Edgar Barclay,2023,AAA,30,13,10,43,6,1,7,0.16279069767441862,0.8571428571428571,0.13953488372093023
687765,Mitch Spence,2023,AAA,93,46,29,139,17,1,18,0.12949640287769784,0.9444444444444444,0.1223021582733813
687798,Nick Robertson,2023,AAA,20,12,20,32,2,0,2,0.0625,1.0,0.0625
687830,Sawyer Gipson-Long,2023,AAA,20,9,8,29,6,2,8,0.27586206896551724,0.75,0.20689655172413793
687841,Andrew Magno,2023,AAA,9,4,8,13,1,0,1,0.07692307692307693,1.0,0.07692307692307693
687847,Marc Church,2023,AAA,35,16,25,51,9,3,12,0.23529411764705882,0.75,0.17647058823529413
687849,Zak Kent,2023,AAA,14,11,9,25,3,0,3,0.12,1.0,0.12
687856,Andrew Bash,2023,AAA,24,8,11,32,2,0,2,0.0625,1.0,0.0625
687868,Garrett Irvin,2023,AAA,1,0,1,1,0,0,0,0.0,,0.0
687879,Luis Quinones,2023,AAA,5,4,3,9,0,0,0,0.0,,0.0
687888,Brandon Walter,2023,AAA,63,35,20,98,10,2,12,0.12244897959183673,0.8333333333333334,0.10204081632653061
687922,Easton Lucas,2023,AAA,17,11,14,28,1,0,1,0.03571428571428571,1.0,0.03571428571428571
687934,Jimmy Robbins,2023,AAA,7,4,3,11,1,0,1,0.09090909090909091,1.0,0.09090909090909091
687941,Alec Gamboa,2023,AAA,26,18,18,44,10,0,10,0.22727272727272727,1.0,0.22727272727272727
687953,Matt Minnick,2023,AAA,2,1,1,3,1,0,1,0.3333333333333333,1.0,0.3333333333333333
688005,Francisco Urbaez,2023,AAA,1,1,1,2,0,0,0,0.0,,0.0
688010,Nate Fisher,2023,AAA,74,38,24,112,15,0,15,0.13392857142857142,1.0,0.13392857142857142
688107,Robert Gasser,2023,AAA,65,30,25,95,14,1,15,0.15789473684210525,0.9333333333333333,0.14736842105263157
688162,Brandon Komar,2023,AAA,3,2,1,5,0,0,0,0.0,,0.0
688226,Anthony Mulrine,2023,AAA,3,2,1,5,0,0,0,0.0,,0.0
688274,Hayden Seig,2023,AAA,6,4,2,10,0,0,0,0.0,,0.0
688297,Chris Roycroft,2023,AAA,21,15,16,36,4,0,4,0.1111111111111111,1.0,0.1111111111111111
688403,Michael Sandle,2023,AAA,1,0,1,1,0,0,0,0.0,,0.0
688427,Kolton Ingram,2023,AAA,18,8,15,26,3,0,3,0.11538461538461539,1.0,0.11538461538461539
688456,Leon Hunter Jr.,2023,AAA,3,1,1,4,0,0,0,0.0,,0.0
688763,Rhett Kouba,2023,AAA,16,9,5,25,5,0,5,0.2,1.0,0.2
688953,Trevor Brigden,2023,AAA,50,16,34,66,6,1,7,0.10606060606060606,0.8571428571428571,0.09090909090909091
689017,Landon Knack,2023,AAA,25,10,10,35,5,2,7,0.2,0.7142857142857143,0.14285714285714285
689147,Orion Kerkering,2023,AAA,0,1,1,1,0,0,0,0.0,,0.0
689167,Jeff Lindgren,2023,AAA,52,21,22,73,4,0,4,0.0547945205479452,1.0,0.0547945205479452
689225,Beau Brieske,2023,AAA,5,2,4,7,1,0,1,0.14285714285714285,1.0,0.14285714285714285
689242,Nick Krauth,2023,AAA,12,5,3,17,0,0,0,0.0,,0.0
689266,Dylan Dodd,2023,AAA,49,25,16,74,4,1,5,0.06756756756756757,0.8,0.05405405405405406
689520,Cody Laweryson,2023,AAA,34,17,24,51,10,0,10,0.19607843137254902,1.0,0.19607843137254902
689546,Nick Davila,2023,AAA,13,1,3,14,4,0,4,0.2857142857142857,1.0,0.2857142857142857
689551,Luke Summers,2023,AAA,2,0,1,2,0,0,0,0.0,,0.0
689852,Bernie Martinez,2023,AAA,1,2,1,3,2,0,2,0.6666666666666666,1.0,0.6666666666666666
689876,Dylan Hall,2023,AAA,4,0,1,4,0,0,0,0.0,,0.0
689981,River Ryan,2023,AAA,6,4,2,10,1,0,1,0.1,1.0,0.1
690281,Theo Denlinger,2023,AAA,19,15,9,34,3,0,3,0.08823529411764706,1.0,0.08823529411764706
690345,Pedro Garcia,2023,AAA,18,3,10,21,4,1,5,0.23809523809523808,0.8,0.19047619047619047
690374,Noah Denoyer,2023,AAA,42,21,23,63,1,1,2,0.031746031746031744,0.5,0.015873015873015872
690544,Bailey Horn,2023,AAA,32,18,28,50,2,1,3,0.06,0.6666666666666666,0.04
690921,Micah Dallas,2023,AAA,2,4,1,6,0,0,0,0.0,,0.0
690925,Clayton Beeter,2023,AAA,36,15,14,51,4,2,6,0.11764705882352941,0.6666666666666666,0.0784313725490196
690953,Mick Abel,2023,AAA,4,1,1,5,0,0,0,0.0,,0.0
690986,Kyle Harrison,2023,AAA,38,14,19,52,1,3,4,0.07692307692307693,0.25,0.019230769230769232
691032,Luis Moreno,2023,AAA,4,2,1,6,0,0,0,0.0,,0.0
691094,Randy Wynne,2023,AAA,45,27,27,72,2,0,2,0.027777777777777776,1.0,0.027777777777777776
691172,Yosver Zulueta,2023,AAA,62,32,32,94,19,0,19,0.20212765957446807,1.0,0.20212765957446807
691441,Cristian Mena,2023,AAA,10,12,4,22,4,0,4,0.18181818181818182,1.0,0.18181818181818182
691828,Sem Robberse,2023,AAA,28,12,8,40,3,0,3,0.075,1.0,0.075
692230,Carlos Rodriguez,2023,AAA,7,2,1,9,1,0,1,0.1111111111111111,1.0,0.1111111111111111
692285,Luis Guerrero,2023,AAA,2,2,2,4,0,0,0,0.0,,0.0
692864,Eury Rosado,2023,AAA,1,0,1,1,0,0,0,0.0,,0.0
693044,Erik Martinez,2023,AAA,2,0,1,2,0,0,0,0.0,,0.0
693308,Nick Frasso,2023,AAA,13,4,4,17,5,2,7,0.4117647058823529,0.7142857142857143,0.29411764705882354
693312,Kyle Nicolas,2023,AAA,29,15,15,44,0,0,0,0.0,,0.0
693388,Shohei Tomioka,2023,AAA,9,6,7,15,0,0,0,0.0,,0.0
693440,Taylor Dollard,2023,AAA,3,2,2,5,1,0,1,0.2,1.0,0.2
693821,Bryce Elder,2023,AAA,3,2,1,5,1,0,1,0.2,1.0,0.2
694037,Daniel Palencia,2023,AAA,5,6,7,11,0,0,0,0.0,,0.0
694297,Brandon Pfaadt,2023,AAA,29,17,12,46,9,2,11,0.2391304347826087,0.8181818181818182,0.1956521739130435
694298,Nick Dombkowski,2023,AAA,2,4,1,6,1,0,1,0.16666666666666666,1.0,0.16666666666666666
694357,Ricky Tiedemann,2023,AAA,4,0,1,4,0,0,0,0.0,,0.0
694361,Will Klein,2023,AAA,31,20,23,51,6,2,8,0.1568627450980392,0.75,0.11764705882352941
694363,Jared Shuster,2023,AAA,59,27,16,86,13,2,15,0.1744186046511628,0.8666666666666667,0.1511627906976744
694372,Adam Seminaris,2023,AAA,4,3,1,7,0,0,0,0.0,,0.0
694462,Hurston Waldrep,2023,AAA,5,0,1,5,1,0,1,0.2,1.0,0.2
694477,Chad Patrick,2023,AAA,22,12,6,34,0,0,0,0.0,,0.0
694559,Nick Jones,2023,AAA,10,5,6,15,0,0,0,0.0,,0.0
694646,Chayce McDermott,2023,AAA,23,12,10,35,0,1,1,0.02857142857142857,0.0,0.0
694787,Jimmy Burnette,2023,AAA,19,15,19,34,2,1,3,0.08823529411764706,0.6666666666666666,0.058823529411764705
694813,Gavin Stone,2023,AAA,61,27,20,88,10,1,11,0.125,0.9090909090909091,0.11363636363636363
694851,Andrew Hoffmann,2023,AAA,15,17,8,32,9,1,10,0.3125,0.9,0.28125
694887,Tyler Schoff,2023,AAA,0,3,1,3,0,0,0,0.0,,0.0
694909,Christian McGowan,2023,AAA,2,2,1,4,0,0,0,0.0,,0.0
695038,Sean Hunley,2023,AAA,12,15,5,27,8,0,8,0.2962962962962963,1.0,0.2962962962962963
695049,Brett Kerry,2023,AAA,17,7,4,24,3,0,3,0.125,1.0,0.125
695071,Zach Barnes,2023,AAA,1,1,1,2,0,0,0,0.0,,0.0
695243,Mason Miller,2023,AAA,4,2,3,6,1,0,1,0.16666666666666666,1.0,0.16666666666666666
695281,Riley Davis,2023,AAA,3,2,1,5,1,0,1,0.2,1.0,0.2
695378,Jack Sinclair,2023,AAA,0,1,1,1,0,0,0,0.0,,0.0
695445,Chase Lee,2023,AAA,41,29,36,70,0,2,2,0.02857142857142857,0.0,0.0
696131,Mason Black,2023,AAA,44,16,13,60,8,3,11,0.18333333333333332,0.7272727272727273,0.13333333333333333
696136,Jordan Wicks,2023,AAA,20,8,7,28,1,1,2,0.07142857142857142,0.5,0.03571428571428571
696522,Hayden Juenger,2023,AAA,59,26,39,85,5,0,5,0.058823529411764705,1.0,0.058823529411764705
697812,Joe Rock,2023,AAA,3,1,1,4,1,0,1,0.25,1.0,0.25
699479,Taylor Broadway,2023,AAA,21,17,17,38,2,0,2,0.05263157894736842,1.0,0.05263157894736842
699911,Dugan Darnell,2023,AAA,16,4,12,20,1,0,1,0.05,1.0,0.05
700241,Michael McGreevy,2023,AAA,91,43,23,134,1,1,2,0.014925373134328358,0.5,0.007462686567164179
700245,Bryce McGowan,2023,AAA,1,1,1,2,0,0,0,0.0,,0.0
700249,Cade Povich,2023,AAA,28,13,10,41,5,0,5,0.12195121951219512,1.0,0.12195121951219512
700287,Alfredo Zarraga,2023,AAA,2,0,1,2,0,0,0,0.0,,0.0
700363,AJ Smith-Shawver,2023,AAA,23,9,10,32,5,1,6,0.1875,0.8333333333333334,0.15625
700669,Gordon Graceffo,2023,AAA,60,29,21,89,8,1,9,0.10112359550561797,0.8888888888888888,0.0898876404494382
700685,Paul Witt,2023,AAA,6,2,3,8,0,0,0,0.0,,0.0
701121,Logan VanWey,2023,AAA,3,2,2,5,0,0,0,0.0,,0.0
701539,Eric Torres,2023,AAA,27,21,22,48,1,0,1,0.020833333333333332,1.0,0.020833333333333332
701542,Will Warren,2023,AAA,70,33,21,103,11,2,13,0.1262135922330097,0.8461538461538461,0.10679611650485436
701552,Andre Granillo,2023,AAA,7,5,5,12,1,0,1,0.08333333333333333,1.0,0.08333333333333333
701566,Connor Cooke,2023,AAA,3,3,4,6,2,0,2,0.3333333333333333,1.0,0.3333333333333333
701581,David Festa,2023,AAA,6,4,3,10,0,0,0,0.0,,0.0
701643,Grant Hartwig,2023,AAA,22,9,16,31,2,1,3,0.0967741935483871,0.6666666666666666,0.06451612903225806
701803,David Griffin,2023,AAA,43,27,13,70,2,0,2,0.02857142857142857,1.0,0.02857142857142857
701859,Justin Armbruester,2023,AAA,36,17,13,53,1,1,2,0.03773584905660377,0.5,0.018867924528301886
702303,Riley Martin,2023,AAA,12,12,9,24,1,0,1,0.041666666666666664,1.0,0.041666666666666664
702795,Ryan Loutos,2023,AAA,70,30,38,100,4,2,6,0.06,0.6666666666666666,0.04
703231,James Meeker,2023,AAA,5,3,2,8,0,0,0,0.0,,0.0
703710,Darrell Thompson,2023,AAA,32,16,30,48,1,1,2,0.041666666666666664,0.5,0.020833333333333332
801682,Ryan Boyer,2023,AAA,2,2,1,4,0,0,0,0.0,,0.0
805437,Ryan Middendorf,2023,AAA,9,10,8,19,0,0,0,0.0,,0.0
806331,Collin Lowe,2023,AAA,7,4,2,11,1,0,1,0.09090909090909091,1.0,0.09090909090909091
806583,Adonys Perez,2023,AAA,1,1,1,2,0,0,0,0.0,,0.0
