team_id,season,pop_time_2b_avg,pop_time_2b_std,total_attempts_2b,n_catchers,pop_time_3b_avg,pop_time_3b_std,total_attempts_3b,low_reliability,league_mean_pop2b,league_mean_pop3b,pop2b_diff,pop3b_diff,pop2b_zscore,pop3b_zscore,pop2b_percentile,pop3b_percentile
108,2018,2.02375,0.024462982238476,24,3,1.59,,1,0,2.012995139732686,1.6017218543046357,0.010754860267314204,-0.01172185430463557,0.31360920896706124,-0.2231852130836282,66.66666666666666,36.206896551724135
109,2018,2.0066666666666664,0.0514106560506238,48,4,1.615,0.0149999999999999,2,0,2.012995139732686,1.6017218543046357,-0.00632847306601958,0.01327814569536434,-0.1845367938656986,0.2528171481540595,53.333333333333336,48.275862068965516
110,2018,2.0526984126984127,0.0554693208272467,63,4,1.62,0.0901849950564578,9,0,2.012995139732686,1.6017218543046357,0.03970327296572673,0.018278145695364456,1.1577381498880521,0.34801762040159956,86.66666666666667,62.06896551724138
111,2018,1.9985106382978728,0.040841089207778,47,4,,,0,0,2.012995139732686,1.6017218543046357,-0.014484501434813168,,-0.4223646727479433,,30.0,
112,2018,1.9990697674418605,0.0562310000361206,43,2,1.62,0.0699999999999999,6,0,2.012995139732686,1.6017218543046357,-0.013925372290825466,0.018278145695364456,-0.40606059773459097,0.34801762040159956,33.33333333333333,62.06896551724138
113,2018,2.042448979591837,0.0285378811796545,49,4,1.6528571428571428,0.0890768986749708,7,0,2.012995139732686,1.6017218543046357,0.029453839859150843,0.05113528855250715,0.8588670786680093,0.9736207237425597,80.0,86.20689655172413
114,2018,1.9383636363636365,0.0168159703705772,55,3,1.698,0.104,5,0,2.012995139732686,1.6017218543046357,-0.07463150336904945,0.0962781456953643,-2.1762371759233554,1.8331449874631875,3.3333333333333335,100.0
115,2018,2.00609375,0.025471625604533,64,4,1.542857142857143,0.0416496563917521,7,0,2.012995139732686,1.6017218543046357,-0.0069013897326861695,-0.058864711447492724,-0.20124290981435553,-1.1207896657032712,50.0,17.24137931034483
116,2018,2.007017543859649,0.019908995787473,57,3,1.6424999999999998,0.0129903810567664,4,0,2.012995139732686,1.6017218543046357,-0.005977595873036812,0.0407781456953642,-0.1743052970167499,0.7764197455155152,56.666666666666664,75.86206896551724
117,2018,2.048709677419355,0.0544617021687878,62,3,1.618,0.0159999999999999,5,0,2.012995139732686,1.6017218543046357,0.03571453768666899,0.016278145695364454,1.0414275624370917,0.3099374315025844,83.33333333333334,51.724137931034484
118,2018,1.9791666666666667,0.03134707145634,48,3,1.525,0.005,2,0,2.012995139732686,1.6017218543046357,-0.033828473066019216,-0.07672185430463574,-0.9864303594013291,-1.4607913523016238,13.333333333333334,10.344827586206897
119,2018,2.055,0.02872281323269,42,2,1.62,,4,0,2.012995139732686,1.6017218543046357,0.042004860267314204,0.018278145695364456,1.2248518970757443,0.34801762040159956,93.33333333333333,62.06896551724138
120,2018,1.9947457627118643,0.0143037191090454,59,4,1.568,0.016,5,0,2.012995139732686,1.6017218543046357,-0.018249377020821633,-0.03372185430463559,-0.5321475639283947,-0.6420672909727952,26.666666666666668,27.586206896551722
121,2018,2.040117647058824,0.04323653459605,85,5,1.62,0.034960294939005,9,0,2.012995139732686,1.6017218543046357,0.027122507326137857,0.018278145695364456,0.7908859674917539,0.34801762040159956,76.66666666666667,62.06896551724138
133,2018,2.016875,0.0385225177655874,64,4,1.5983333333333336,0.0089752746785575,6,0,2.012995139732686,1.6017218543046357,0.003879860267314239,-0.0033885209713020448,0.11313581758315203,-0.06451775933772809,60.0,41.37931034482759
134,2018,2.001,0.017233687939614,50,3,1.55,0.0591607978309962,8,0,2.012995139732686,1.6017218543046357,-0.011995139732686066,-0.051721854304635606,-0.34977546797606784,-0.9847889910639319,40.0,20.689655172413794
135,2018,1.9942307692307693,0.0550645129980823,52,4,1.5342857142857145,0.0225876975726313,7,0,2.012995139732686,1.6017218543046357,-0.018764370501916705,-0.06743614001892118,-0.5471646533386834,-1.2839904752704767,23.333333333333332,13.793103448275861
136,2018,2.039473684210526,0.0356848315424925,38,3,1.6625,0.092567542907868,4,0,2.012995139732686,1.6017218543046357,0.02647854447784015,0.06077814569536444,0.7721081615101563,1.1572216345056712,73.33333333333333,89.65517241379311
137,2018,2.023606557377049,0.0183796739910479,61,3,1.5733333333333337,0.0188561808316412,6,0,2.012995139732686,1.6017218543046357,0.01061141764436302,-0.028388520971301956,0.30942645564458454,-0.5405201205754158,63.33333333333333,31.03448275862069
138,2018,2.053333333333333,0.0309120616516523,24,4,1.65,,1,0,2.012995139732686,1.6017218543046357,0.04033819360064683,0.04827814569536426,1.1762522870432606,0.9192204538868232,90.0,79.3103448275862
139,2018,1.9855882352941172,0.0445362493779002,34,4,1.63,0.0294392028877594,3,0,2.012995139732686,1.6017218543046357,-0.027406904438568747,0.028278145695364243,-0.7991789207468538,0.5384185648966713,16.666666666666664,72.41379310344827
140,2018,2.0295348837209306,0.0203405298657394,43,3,1.61,0.0519615242270662,4,0,2.012995139732686,1.6017218543046357,0.01653974398824465,0.008278145695364447,0.48229506471927946,0.15761667590652365,70.0,44.827586206896555
141,2018,2.004574468085106,0.0327357210586189,94,4,1.62,0.0305505046330388,9,0,2.012995139732686,1.6017218543046357,-0.00842067164757987,0.018278145695364456,-0.24554481497028008,0.34801762040159956,43.333333333333336,62.06896551724138
142,2018,2.072241379310345,0.0306280862455201,58,6,1.6525,0.0736121593216772,4,0,2.012995139732686,1.6017218543046357,0.059246239577658955,0.05077814569536443,1.7276064836184637,0.9668206900105953,96.66666666666667,82.75862068965517
143,2018,1.9639285714285717,0.0490145230456009,84,3,1.5675,0.029474565306379,8,0,2.012995139732686,1.6017218543046357,-0.049066568304114266,-0.03422185430463576,-1.4307696511267005,-0.6515873381975522,10.0,24.137931034482758
144,2018,2.091864406779661,0.0496931116281941,59,3,1.68,0.0346410161513775,7,0,2.012995139732686,1.6017218543046357,0.07886926704697483,0.07827814569536429,2.2998093732175016,1.4904232873720509,100.0,93.10344827586206
145,2018,2.0052631578947366,0.0387119485230173,76,5,1.59,0.0223606797749979,6,0,2.012995139732686,1.6017218543046357,-0.00773198183794932,-0.01172185430463557,-0.22546278126145453,-0.2231852130836282,46.666666666666664,36.206896551724135
146,2018,1.9568627450980391,0.0586277788698287,51,4,1.5025,0.0454835134966506,4,0,2.012995139732686,1.6017218543046357,-0.05613239463464681,-0.0992218543046357,-1.6368074936592951,-1.8891934774155437,6.666666666666667,3.4482758620689653
147,2018,2.000338983050848,0.0479747851036925,59,3,1.5083333333333335,0.0409945795874961,6,0,2.012995139732686,1.6017218543046357,-0.012656156681837949,-0.09338852097130212,-0.36905056754824583,-1.7781262597934115,36.666666666666664,6.896551724137931
158,2018,1.9871698113207548,0.0370301946397631,53,4,1.69,,2,0,2.012995139732686,1.6017218543046357,-0.025825328411931192,0.0882781456953643,-0.7530605338680872,1.680824231867127,20.0,96.55172413793103
108,2019,2.0317857142857143,0.0273931132414923,28,3,1.5666666666666669,0.0418993502999218,3,0,2.005432357043236,1.61,0.026353357242478115,-0.043333333333333224,0.6934142129438362,-0.5741463073057494,73.33333333333333,22.22222222222222
109,2019,2.002954545454545,0.0367781769194812,44,4,,,0,0,2.005432357043236,1.61,-0.0024778115886912033,,-0.0651966182823188,,53.333333333333336,
110,2019,2.036949152542373,0.0483719430265435,59,4,,,0,0,2.005432357043236,1.61,0.03151679549913666,,0.8292755167572968,,86.66666666666667,
111,2019,1.992045454545455,0.0192565862941093,44,3,1.5580000000000005,0.0097979589711327,5,0,2.005432357043236,1.61,-0.013386902497781294,-0.0519999999999996,-0.35223855442191865,-0.6889755687668958,43.333333333333336,18.51851851851852
112,2019,1.9876388888888887,0.0565069576727688,72,4,1.6242857142857143,0.0742307488958089,7,0,2.005432357043236,1.61,-0.017793468154347458,0.014285714285714235,-0.46818489205240404,0.18927900240848863,33.33333333333333,77.77777777777779
113,2019,2.0360714285714283,0.0295005188470457,56,4,1.605,0.0086602540378443,4,0,2.005432357043236,1.61,0.03063907152819212,-0.0050000000000001155,0.8061806878558229,-0.0662476508429728,83.33333333333334,59.25925925925925
114,2019,1.995,0.0634428877022476,42,3,1.57,,3,0,2.005432357043236,1.61,-0.010432357043236085,-0.040000000000000036,-0.2744980300507776,-0.5299812067437706,46.666666666666664,29.629629629629626
115,2019,1.9876086956521737,0.0500080333811129,46,4,1.558,0.0359999999999999,5,0,2.005432357043236,1.61,-0.017823661391062506,-0.052000000000000046,-0.4689793418555299,-0.6889755687669017,30.0,14.814814814814813
116,2019,1.9868253968253968,0.0449982502949218,63,4,1.578888888888889,0.0472450925010428,9,0,2.005432357043236,1.61,-0.018606960217839363,-0.03111111111111109,-0.4895896396051395,-0.4122076052451542,26.666666666666668,37.03703703703704
117,2019,1.9903571428571427,0.0379362381274857,56,3,,,0,0,2.005432357043236,1.61,-0.015075214186093477,,-0.39666171120544447,,36.666666666666664,
118,2019,2.0196153846153844,0.0319230769230768,26,3,1.62,0.0489897948556634,5,0,2.005432357043236,1.61,0.014183027572148177,0.010000000000000009,0.37318633867451256,0.13249530168594265,66.66666666666666,72.22222222222221
119,2019,2.0346875,0.0428649313979387,32,4,1.6,,2,0,2.005432357043236,1.61,0.02925514295676379,-0.010000000000000009,0.7697665136654979,-0.13249530168594265,76.66666666666667,48.148148148148145
120,2019,2.0076190476190474,0.0499432784842929,42,2,1.59,0.0599999999999999,6,0,2.005432357043236,1.61,0.002186690575811223,-0.020000000000000018,0.05753659052341906,-0.2649906033718853,56.666666666666664,42.592592592592595
121,2019,1.9784415584415584,0.042458992747164,77,3,1.5716666666666663,0.0037267799624996,6,0,2.005432357043236,1.61,-0.026990798601677746,-0.038333333333333774,-0.7101866831198484,-0.5078986564627855,20.0,33.33333333333333
133,2019,1.9909230769230768,0.0121177653338554,65,6,1.6866666666666668,0.1744196726926817,6,0,2.005432357043236,1.61,-0.014509280120159396,0.07666666666666666,-0.3817707536209115,1.0157973129255593,40.0,88.88888888888889
134,2019,1.9485714285714288,0.0251728716952944,28,3,1.485,0.0259807621135331,4,0,2.005432357043236,1.61,-0.05686092847180735,-0.125,-1.496134841597376,-1.6561912710742814,10.0,11.11111111111111
135,2019,1.9435294117647055,0.0344607494491218,34,3,1.5675,0.0303108891324553,4,0,2.005432357043236,1.61,-0.061902945278530686,-0.042500000000000204,-1.6288012826703275,-0.5631050321652584,6.666666666666667,25.925925925925924
136,2019,2.059375,0.0143478003540611,48,2,1.6625,0.0736121593216772,4,0,2.005432357043236,1.61,0.053942642956763986,0.05249999999999999,1.4193483951898025,0.6956003338511981,93.33333333333333,85.18518518518519
137,2019,2.0357142857142856,0.0604405594323034,56,3,1.6033333333333335,0.0827982823224947,6,0,2.005432357043236,1.61,0.030281928671049396,-0.006666666666666599,0.7967834816131603,-0.08833020112396078,80.0,55.55555555555556
138,2019,2.001304347826087,0.0243711068821591,23,3,1.45,,1,0,2.005432357043236,1.61,-0.004128009217149398,-0.16000000000000014,-0.10861691115850353,-2.1199248269750823,50.0,7.4074074074074066
139,2019,1.985090909090909,0.0235775492035597,55,5,1.59,,3,0,2.005432357043236,1.61,-0.020341447952327174,-0.020000000000000018,-0.5352277887109385,-0.2649906033718853,23.333333333333332,42.592592592592595
140,2019,2.0797872340425534,0.0429987313866365,47,4,1.7259999999999998,0.072,5,0,2.005432357043236,1.61,0.0743548769993172,0.11599999999999966,1.9564387200698459,1.5369454995569287,100.0,96.29629629629629
141,2019,2.024137931034483,0.0336326238765699,58,3,1.6133333333333335,0.0074535599249993,6,0,2.005432357043236,1.61,0.018705573991246727,0.0033333333333334103,0.49218438271295384,0.04416510056198186,70.0,62.96296296296296
142,2019,2.013589743589744,0.0109748382354013,39,3,1.778,0.1371714255958578,5,0,2.005432357043236,1.61,0.008157386546507883,0.16799999999999993,0.2146386025803179,2.2259210683238333,63.33333333333333,100.0
143,2019,1.9096153846153845,0.0487916109774534,52,2,1.42,,2,0,2.005432357043236,1.61,-0.0958169724278517,-0.19000000000000017,-2.5211531840666663,-2.51741073203291,3.3333333333333335,3.7037037037037033
144,2019,2.0790740740740743,0.0476588384604778,54,4,1.6175,0.0216506350946108,4,0,2.005432357043236,1.61,0.0736417170308381,0.00749999999999984,1.937673928407974,0.09937147626445478,96.66666666666667,66.66666666666666
145,2019,2.012222222222222,0.0483914082773143,45,4,1.6000000000000003,,6,0,2.005432357043236,1.61,0.006789865178985721,-0.009999999999999787,0.17865613765111366,-0.1324953016859397,60.0,51.85185185185185
146,2019,1.96525,0.0380123335247916,40,4,1.695,0.1472243186433545,4,0,2.005432357043236,1.61,-0.04018235704323625,0.08499999999999996,-1.0572853100648745,1.1262100643305109,13.333333333333334,92.5925925925926
147,2019,1.971666666666667,0.0592378847033466,42,3,1.62,0.1039230484541326,4,0,2.005432357043236,1.61,-0.03376569037656929,0.010000000000000009,-0.8884488379049644,0.13249530168594265,16.666666666666664,72.22222222222221
158,2019,2.0385245901639344,0.052785867009831,61,2,1.645,0.015,4,0,2.005432357043236,1.61,0.0330922331206982,0.03499999999999992,0.8707287110636507,0.46373355590079773,90.0,81.48148148148148
108,2020,1.964102564102564,0.0231735867234769,39,3,1.52,,2,0,1.9868382352941172,1.546,-0.022735671191553175,-0.026000000000000023,-0.5078830646138633,-0.3124773260087794,36.666666666666664,52.17391304347826
109,2020,2.0316666666666667,0.0522547180219696,24,3,,,0,0,1.9868382352941172,1.546,0.04482843137254955,,1.0014043973235067,,93.33333333333333,
110,2020,2.0766666666666667,0.0485340659285367,15,3,1.57,,3,0,1.9868382352941172,1.546,0.08982843137254948,0.02400000000000002,2.0066413975891892,0.2884406086234887,100.0,76.08695652173914
111,2020,2.0166666666666666,0.0543650214343336,33,2,1.7400000000000002,0.1414213562373095,3,0,1.9868382352941172,1.546,0.029828431372549424,0.19400000000000017,0.6663253972349424,2.3315615863732,76.66666666666667,100.0
112,2020,1.9488,0.0226839150060125,25,3,1.48,,1,0,1.9868382352941172,1.546,-0.038038235294117095,-0.06600000000000006,-0.8497209231657455,-0.7932116737145939,23.333333333333332,32.608695652173914
113,2020,1.9905882352941175,0.0143365383611221,17,3,1.41,,1,0,1.9868382352941172,1.546,0.003750000000000364,-0.13600000000000012,0.0837697500221485,-1.6344967821997691,46.666666666666664,10.869565217391305
114,2020,1.9721428571428568,0.0572186996692229,28,4,1.688,0.2915064321760328,5,0,1.9868382352941172,1.546,-0.01469537815126043,0.1419999999999999,-0.32827417445650914,1.7066069343556387,40.0,95.65217391304348
115,2020,1.929,0.020712315177208,20,3,,,0,0,1.9868382352941172,1.546,-0.057838235294117135,,-1.2920252032826476,,10.0,
116,2020,2.0033333333333334,0.0708676387515642,27,3,1.53,,1,0,1.9868382352941172,1.546,0.016495098039216227,-0.016000000000000014,0.36847739715622424,-0.19229373908232578,63.33333333333333,58.69565217391305
117,2020,1.9327272727272728,0.0320768704806861,22,3,1.45,,2,0,1.9868382352941172,1.546,-0.054110962566844334,-0.09600000000000009,-1.208763148715185,-1.1537624344939548,13.333333333333334,17.391304347826086
118,2020,1.996923076923077,0.0649715458885498,13,3,,,0,0,1.9868382352941172,1.546,0.01008484162895984,,0.22528124327222415,,60.0,
119,2020,2.0310714285714284,0.0197012120211433,28,3,1.59,,1,0,1.9868382352941172,1.546,0.044233193277311234,0.04400000000000004,0.9881076116057017,0.5288077824763959,90.0,89.13043478260869
120,2020,2.023333333333333,0.0235702260395516,24,2,,,0,0,1.9868382352941172,1.546,0.0364950980392158,,0.8152493972742967,,80.0,
121,2020,2.0073529411764706,0.0370459828360735,34,4,1.58,0.0,5,0,1.9868382352941172,1.546,0.02051470588235338,0.03400000000000003,0.45826980894465996,0.4086241955499423,70.0,82.6086956521739
133,2020,1.9200000000000004,0.0784219357067906,20,3,1.41,,1,0,1.9868382352941172,1.546,-0.06683823529411681,-0.13600000000000012,-1.493072603335777,-1.6344967821997691,6.666666666666667,10.869565217391305
134,2020,2.006521739130435,0.0047628048478709,23,2,1.57,,1,0,1.9868382352941172,1.546,0.019683503836317673,0.02400000000000002,0.43970191891417926,0.2884406086234887,66.66666666666666,76.08695652173914
135,2020,1.9503703703703703,0.0164387711267941,27,3,1.505,0.045,2,0,1.9868382352941172,1.546,-0.03646786492374687,-0.04100000000000015,-0.8146410476009217,-0.49275270639846114,26.666666666666668,45.65217391304348
136,2020,2.051,0.0545802161959807,20,3,,,0,0,1.9868382352941172,1.546,0.06416176470588297,,1.4332839974376546,,96.66666666666667,
137,2020,1.9936363636363632,0.0339177420112319,22,4,1.47,,3,0,1.9868382352941172,1.546,0.006798128342246024,-0.07600000000000007,0.15186066982623384,-0.9133952606410475,56.666666666666664,26.08695652173913
138,2020,1.9823076923076923,0.0868379433333543,13,3,,,0,0,1.9868382352941172,1.546,-0.004530542986424857,,-0.10120598758329907,,43.333333333333336,
139,2020,1.9405263157894737,0.0333204037712514,19,3,1.5633333333333337,0.0329983164553722,3,0,1.9868382352941172,1.546,-0.04631191950464353,0.017333333333333645,-1.0345434453198599,0.20831821733918982,16.666666666666664,69.56521739130434
140,2020,2.013181818181818,0.0485598378419827,22,3,,,0,0,1.9868382352941172,1.546,0.026343582887701,,0.5884787608507326,,73.33333333333333,
141,2020,1.9915384615384613,0.0508914612523787,26,4,1.495,0.045,2,0,1.9868382352941172,1.546,0.0047002262443440745,-0.050999999999999934,0.10499647400965513,-0.6129362933249121,53.333333333333336,39.130434782608695
142,2020,2.026666666666667,0.0047140452079102,24,3,1.505,0.055,2,0,1.9868382352941172,1.546,0.039828431372549655,-0.04100000000000015,0.8897113972939886,-0.49275270639846114,83.33333333333334,45.65217391304348
143,2020,1.8666666666666667,0.0670820393249936,18,3,1.4,,1,0,1.9868382352941172,1.546,-0.12017156862745049,-0.14600000000000013,-2.68446460365067,-1.7546803691262227,3.3333333333333335,4.3478260869565215
144,2020,2.03,0.0822753351207442,26,4,1.56,,2,0,1.9868382352941172,1.546,0.04316176470588262,0.014000000000000012,0.9641733973136607,0.16825702169703508,86.66666666666667,65.21739130434783
145,2020,1.956,0.0293938769133981,10,2,1.48,,1,0,1.9868382352941172,1.546,-0.030838235294117222,-0.06600000000000006,-0.6888830031232389,-0.7932116737145939,30.0,32.608695652173914
146,2020,1.9914285714285715,0.0840796512546408,21,5,1.53,,1,0,1.9868382352941172,1.546,0.004590336134454365,-0.016000000000000014,0.10254168280022405,-0.19229373908232578,50.0,58.69565217391305
147,2020,1.942857142857143,0.0281395937194174,14,3,1.456,0.0195959179422654,5,0,1.9868382352941172,1.546,-0.04398109243697412,-0.09000000000000008,-0.9824760317722587,-1.0816522823380825,20.0,21.73913043478261
158,2020,1.9607692307692308,0.034409644994377,26,3,1.59,0.0,2,0,1.9868382352941172,1.546,-0.026069004524886363,0.04400000000000004,-0.5823450646335404,0.5288077824763959,33.33333333333333,89.13043478260869
108,2021,1.9970175438596491,0.027844487455988,57,5,1.532,0.014696938456699,10,0,1.9825154511742893,1.5455862068965516,0.014502092685359846,-0.013586206896551545,0.41247435814107597,-0.18249076068091707,70.0,43.333333333333336
109,2021,1.9708571428571429,0.0115564276663752,35,3,1.5,,4,0,1.9825154511742893,1.5455862068965516,-0.011658308317146426,-0.04558620689655157,-0.33159029834227116,-0.6123167147720171,40.0,20.0
110,2021,1.9674418604651165,0.016578638995927,43,3,1.46,,3,0,1.9825154511742893,1.5455862068965516,-0.015073590709172802,-0.08558620689655161,-0.4287291349974613,-1.1495991573858921,36.666666666666664,6.666666666666667
111,2021,2.019285714285714,0.0558907461947331,70,3,1.575,0.0649999999999999,2,0,1.9825154511742893,1.5455862068965516,0.03677026311142484,0.029413793103448382,1.0458346257071314,0.39508786512899713,90.0,76.66666666666667
112,2021,1.952258064516129,0.0536842427424896,62,7,1.505,0.0492442890089805,6,0,1.9825154511742893,1.5455862068965516,-0.030257386658160357,-0.04058620689655168,-0.8605927717901196,-0.5451564094452842,26.666666666666668,23.333333333333332
113,2021,1.9821428571428568,0.0097677102365552,56,2,1.63,,1,0,1.9825154511742893,1.5455862068965516,-0.0003725940314325271,0.08441379310344832,-0.010597469434013209,1.1338512237230738,50.0,90.0
114,2021,1.9641176470588235,0.0254509501797457,51,3,1.55,0.0141421356237309,3,0,1.9825154511742893,1.5455862068965516,-0.018397804115465766,0.004413793103448471,-0.523277750899555,0.05928633849532672,33.33333333333333,60.0
115,2021,1.985,0.0295803989154979,48,2,1.5133333333333334,0.0518544972870135,9,0,1.9825154511742893,1.5455862068965516,0.0024845488257108084,-0.032252873563218154,0.07066653788454949,-0.4332225672340578,53.333333333333336,26.666666666666668
116,2021,1.9446938775510203,0.0117979660675874,49,4,1.535,0.0086602540378443,4,0,1.9825154511742893,1.5455862068965516,-0.03782157362326899,-0.010586206896551653,-1.075736422502131,-0.14219457748487793,13.333333333333334,50.0
117,2021,1.96,0.0173205080756887,44,3,1.52,0.04,4,0,1.9825154511742893,1.5455862068965516,-0.022515451174289325,-0.025586206896551555,-0.6403935261527589,-0.3436754934650796,30.0,35.0
118,2021,1.99,0.0270265569876869,46,3,1.5685714285714287,0.0264189171555813,7,0,1.9825154511742893,1.5455862068965516,0.007484548825710702,0.022985221674877154,0.2128785506920074,0.30873890113748426,60.0,70.0
119,2021,1.987272727272727,0.0445361771415123,77,2,1.64,0.1838477631085023,6,0,1.9825154511742893,1.5455862068965516,0.00475727609843779,0.09441379310344833,0.13530836188793255,1.2681718343765427,56.666666666666664,95.0
120,2021,1.995,0.0358683490216438,52,5,1.64,0.1675310916417209,6,0,1.9825154511742893,1.5455862068965516,0.012484548825710817,0.09441379310344833,0.3550905634994716,1.2681718343765427,65.0,95.0
121,2021,2.0062121212121213,0.0445776527623818,66,4,1.516,0.068,5,0,1.9825154511742893,1.5455862068965516,0.023696670037832046,-0.02958620689655156,0.6739902285828693,-0.3974037377264671,83.33333333333334,30.0
133,2021,1.915569620253165,0.0363090404561058,79,4,1.39,0.0173205080756887,4,0,1.9825154511742893,1.5455862068965516,-0.06694583092112438,-0.15558620689655167,-1.9041002728722107,-2.0898434319601735,6.666666666666667,3.3333333333333335
134,2021,2.003265306122449,0.0345459029203139,49,3,1.56,,4,0,1.9825154511742893,1.5455862068965516,0.02074985494815973,0.01441379310344848,0.5901757275281295,0.19360694914879548,76.66666666666667,63.33333333333333
135,2021,1.9978181818181815,0.0416780259997959,55,4,1.6050000000000002,0.0111803398874989,6,0,1.9825154511742893,1.5455862068965516,0.015302730643892204,0.05941379310344863,0.4352464252636646,0.7980496970894064,73.33333333333333,80.0
136,2021,2.0052830188679245,0.0369907573149766,53,4,1.524,0.0300665927567458,5,0,1.9825154511742893,1.5455862068965516,0.022767567693635193,-0.021586206896551552,0.6475643256883963,-0.2899472492036921,80.0,40.0
137,2021,1.995,0.0092195444572928,40,3,1.52,,1,0,1.9825154511742893,1.5455862068965516,0.012484548825710817,-0.025586206896551555,0.3550905634994716,-0.3436754934650796,65.0,35.0
138,2021,1.9416216216216216,0.0429653231334868,37,2,1.8066666666666664,0.4054078878802872,3,0,1.9825154511742893,1.5455862068965516,-0.04089382955266774,0.26108045977011485,-1.1631187624180217,3.5068486786010182,10.0,100.0
139,2021,1.946222222222222,0.0048483164953936,45,2,1.54,0.0707106781186547,3,0,1.9825154511742893,1.5455862068965516,-0.036293228952067214,-0.005586206896551538,-1.0322666281110988,-0.07503427215814205,16.666666666666664,53.333333333333336
140,2021,2.0394642857142857,0.0517348888516231,56,4,1.532857142857143,0.0197948663722157,7,0,1.9825154511742893,1.5455862068965516,0.05694883453999644,-0.012729064039408655,1.6197616773943893,-0.1709775654820479,96.66666666666667,46.666666666666664
141,2021,1.9502439024390243,0.0142260161672367,41,3,1.4885714285714289,0.0216653584115758,7,0,1.9825154511742893,1.5455862068965516,-0.03227154873526494,-0.057014778325122695,-0.9178803804112194,-0.7658259840902629,20.0,13.333333333333334
142,2021,2.014067796610169,0.0376477268347378,59,4,1.5611111111111111,0.0556665557772237,9,0,1.9825154511742893,1.5455862068965516,0.031552345435879925,0.015524904214559543,0.8974245106465574,0.2085314614436247,86.66666666666667,66.66666666666666
143,2021,1.888611111111111,0.0463772440473999,36,3,1.49,0.06,2,0,1.9825154511742893,1.5455862068965516,-0.09390434006317827,-0.05558620689655158,-2.670865042348175,-0.7466373254254859,3.3333333333333335,16.666666666666664
144,2021,2.0367272727272727,0.0413435515673042,55,6,1.5437500000000002,0.0140867845869808,8,0,1.9825154511742893,1.5455862068965516,0.05421182155298343,-0.0018362068965513956,1.5419144522017332,-0.0246640431630894,93.33333333333333,56.666666666666664
145,2021,2.039722222222222,0.0181025030668123,72,3,1.612,0.0406939798987515,5,0,1.9825154511742893,1.5455862068965516,0.057206771047932925,0.06641379310344853,1.6270980113884244,0.8920741245468331,100.0,83.33333333333334
146,2021,1.9751785714285717,0.0536187291181438,56,6,1.57,,2,0,1.9825154511742893,1.5455862068965516,-0.007336879745717617,0.02441379310344849,-0.20867848727295887,0.32792755980226423,43.333333333333336,73.33333333333333
147,2021,1.9520689655172412,0.0244073632678432,58,3,1.4685714285714286,0.018070158058105,7,0,1.9825154511742893,1.5455862068965516,-0.030446485657048106,-0.07701477832512293,-0.86597120164046,-1.0344672053972035,23.333333333333332,10.0
158,2021,1.9809859154929577,0.0272264851159217,71,3,1.625,0.0549999999999999,2,0,1.9825154511742893,1.5455862068965516,-0.0015295356813316285,0.07941379310344843,-0.0435036695806004,1.066690918396341,46.666666666666664,86.66666666666667
108,2022,2.043275862068965,0.0305911825832713,58,5,1.5699999999999998,0.0379473319220205,5,0,1.9781348788198103,1.5461744966442956,0.06514098324915474,0.023825503355704214,1.7091939406779668,0.2784009564601549,93.33333333333333,72.41379310344827
109,2022,1.975757575757576,0.0304541685488512,66,4,1.5071428571428571,0.0260298102261265,7,0,1.9781348788198103,1.5461744966442956,-0.0023773030622342706,-0.03903163950143851,-0.06237658362608021,-0.45608462525123694,53.333333333333336,20.689655172413794
110,2022,1.9810204081632647,0.0519907722565592,49,3,1.5550000000000004,0.045,6,0,1.9781348788198103,1.5461744966442956,0.0028855293434544294,0.008825503355704756,0.07571161845403644,0.10312598809721508,56.666666666666664,55.172413793103445
111,2022,1.9546938775510203,0.0230440607972167,49,2,1.535,0.035,2,0,1.9781348788198103,1.5461744966442956,-0.023441001268790007,-0.011174496644295706,-0.6150539235614054,-0.13057396972005186,16.666666666666664,37.93103448275862
112,2022,1.9696969696969695,0.0370899682986251,66,3,1.516,0.0233238075793812,5,0,1.9781348788198103,1.5461744966442956,-0.008437909122840814,-0.030174496644295612,-0.22139707485821525,-0.3525889296464492,26.666666666666668,27.586206896551722
113,2022,1.9983870967741928,0.0723237988252658,93,7,1.541,0.0571751694356912,10,0,1.9781348788198103,1.5461744966442956,0.02025221795438248,-0.005174496644295701,0.5313854118615752,-0.06046398237487333,83.33333333333334,44.827586206896555
114,2022,1.9577631578947368,0.0134358793231256,76,4,1.544,0.008,5,0,1.9781348788198103,1.5461744966442956,-0.020371720925073555,-0.002174496644295587,-0.534520976343569,-0.025408988702282774,20.0,48.275862068965516
115,2022,1.98327868852459,0.050626284609499,61,3,1.485,0.055,10,0,1.9781348788198103,1.5461744966442956,0.005143809704779789,-0.06117449664429553,0.13496523909967567,-0.7148238642632037,63.33333333333333,6.896551724137931
116,2022,1.9744117647058823,0.0242160831911584,68,3,1.586666666666667,0.0471404520791032,3,0,1.9781348788198103,1.5461744966442956,-0.0037231141139280055,0.040492170022371266,-0.09768848682616312,0.4731509213078774,46.666666666666664,86.20689655172413
117,2022,1.9315384615384612,0.0232956665744858,91,4,1.504,0.0293938769133981,5,0,1.9781348788198103,1.5461744966442956,-0.04659641728134911,-0.04217449664429562,-1.22261455234662,-0.4928089043368063,6.666666666666667,17.24137931034483
118,2022,1.9846808510638296,0.0166121032305898,47,5,1.4916666666666665,0.0628269227499026,6,0,1.9781348788198103,1.5461744966442956,0.006545972244019316,-0.05450782997762915,0.17175571410290535,-0.6369238783241199,66.66666666666666,10.344827586206897
119,2022,1.9738,0.0619318980816832,50,3,1.56,0.05,4,0,1.9781348788198103,1.5461744966442956,-0.004334878819810317,0.013825503355704427,-0.11374020229406333,0.16155097755152664,40.0,58.620689655172406
120,2022,1.9957142857142856,0.0289616213324475,70,4,1.624,0.0538887743412298,5,0,1.9781348788198103,1.5461744966442956,0.017579406894475236,0.07782550335570448,0.4612551767882538,0.9093908425667643,73.33333333333333,93.10344827586206
121,2022,1.9953731343283585,0.0346120658027111,67,4,1.5725,0.0736121593216772,4,0,1.9781348788198103,1.5461744966442956,0.017238255508548184,0.026325503355704383,0.4523039167274383,0.3076134511873146,70.0,75.86206896551724
133,2022,1.934,0.0796264003730147,55,4,1.528,0.0664529909033446,5,0,1.9781348788198103,1.5461744966442956,-0.044134878819810375,-0.0181744966442956,-1.1580277682154125,-0.21236895495609218,10.0,34.48275862068966
134,2022,1.9742465753424656,0.0298818590782158,73,5,,,0,0,1.9781348788198103,1.5461744966442956,-0.003888303477344701,,-0.10202278828944246,,43.333333333333336,
135,2022,1.971509433962264,0.056012000951787,53,3,1.5750000000000002,0.0580947501931113,8,0,1.9781348788198103,1.5461744966442956,-0.006625444857546237,0.02882550335570455,-0.17384094681992637,0.33682594591447423,33.33333333333333,79.3103448275862
136,2022,1.9968292682926831,0.0101065118805368,82,4,1.5614285714285716,0.0683329185320079,7,0,1.9781348788198103,1.5461744966442956,0.01869438947287283,0.015254074784275984,0.490510514548041,0.17824383168133254,76.66666666666667,62.06896551724138
137,2022,1.996888888888889,0.0313278166932429,45,3,1.5833333333333333,0.1040299102288482,3,0,1.9781348788198103,1.5461744966442956,0.01875401006907862,0.03715883668903763,0.49207486246991344,0.4342009283383303,80.0,82.75862068965517
138,2022,2.043939393939394,0.0122942198636973,33,3,1.95,,1,0,1.9781348788198103,1.5461744966442956,0.06580451511958363,0.40382550335570433,1.726603942735289,4.718700154988126,96.66666666666667,100.0
139,2022,1.94344262295082,0.0523194865713277,61,4,1.55,0.0806225774829854,6,0,1.9781348788198103,1.5461744966442956,-0.034692255868990385,0.0038255033557044182,-0.9102686290891597,0.04470099864289575,13.333333333333334,51.724137931034484
140,2022,2.02,0.0603107219121947,107,5,1.52,0.02,10,0,1.9781348788198103,1.5461744966442956,0.0418651211801897,-0.02617449664429561,1.098473002368406,-0.3058489380829969,90.0,31.03448275862069
141,2022,1.9709523809523808,0.0275861873484957,63,3,1.566,0.0564269439186634,5,0,1.9781348788198103,1.5461744966442956,-0.007182497867429527,0.019825503355704432,-0.18845711596013193,0.23166096489670515,30.0,68.96551724137932
142,2022,1.9659154929577465,0.0421124405288057,71,4,1.51,0.01,4,0,1.9781348788198103,1.5461744966442956,-0.012219385862063836,-0.03617449664429562,-0.32061690248614,-0.42269891699162776,23.333333333333332,24.137931034482758
143,2022,1.845081967213115,0.0403518521247855,61,2,1.46,0.06,2,0,1.9781348788198103,1.5461744966442956,-0.1330529116066954,-0.08617449664429566,-3.491092994987542,-1.0069488115347822,3.3333333333333335,3.4482758620689653
144,2022,1.982142857142857,0.0134581740581548,56,4,1.565,0.045,4,0,1.9781348788198103,1.5461744966442956,0.004007978323046668,0.01882550335570432,0.10516286249346557,0.21997596700584077,60.0,65.51724137931035
145,2022,2.0443478260869563,0.0598059243071338,46,3,1.61,0.0299999999999999,6,0,1.9781348788198103,1.5461744966442956,0.066212947267146,0.06382550335570447,1.7373205410574482,0.745800872094681,100.0,89.65517241379311
146,2022,1.9752857142857143,0.0324134640706794,70,3,1.492,0.004,5,0,1.9781348788198103,1.5461744966442956,-0.002849164534096005,-0.05417449664429563,-0.07475746472915948,-0.6330288790271633,50.0,13.793103448275861
147,2022,1.972745098039216,0.0198107152004942,51,2,1.54,0.0,2,0,1.9781348788198103,1.5461744966442956,-0.005389780780594267,-0.006174496644295591,-0.14141912191498612,-0.07214898026573513,36.666666666666664,41.37931034482759
158,2022,2.0131666666666663,0.0144327944472149,60,4,1.63,0.1698528775146302,4,0,1.9781348788198103,1.5461744966442956,0.03503178784685601,0.08382550335570427,0.9191773985041787,0.9795008299119402,86.66666666666667,96.55172413793103
108,2023,2.024642857142857,0.0494600952325019,56,4,1.6124999999999998,0.0303108891324552,4,0,1.9597109826589596,1.5101990049751244,0.06493187448389759,0.10230099502487544,1.6495341309318206,2.3854594208081865,96.66666666666667,100.0
109,2023,1.9416438356164385,0.0465527745485138,73,3,1.4775,0.0129903810567665,8,0,1.9597109826589596,1.5101990049751244,-0.018067147042521103,-0.032699004975124346,-0.4589791367041641,-0.762476938274131,26.666666666666668,20.0
110,2023,1.9432467532467528,0.0467777713455439,77,3,1.458,0.004,5,0,1.9597109826589596,1.5101990049751244,-0.01646422941220682,-0.05219900497512442,-0.41825849893894046,-1.217178856808246,30.0,10.0
111,2023,1.9433720930232556,0.0442143422252322,86,4,1.512,0.004,5,0,1.9597109826589596,1.5101990049751244,-0.016338889635703957,0.001800995024875629,-0.4150743580074152,0.04199568682468418,33.33333333333333,56.666666666666664
112,2023,1.987951807228916,0.0040356949938419,83,3,1.55,0.0173205080756887,6,0,1.9597109826589596,1.5101990049751244,0.028240824569956358,0.03980099502487566,0.7174319913612435,0.928081476788598,83.33333333333334,83.33333333333334
113,2023,1.9730588235294115,0.0375115207216557,85,3,1.55875,0.0214694550466471,8,0,1.9597109826589596,1.5101990049751244,0.013347840870451932,0.0485509950248757,0.3390895344553363,1.1321143889513419,73.33333333333333,86.66666666666667
114,2023,1.9772932330827069,0.0412789487310926,133,7,1.4966666666666666,0.0579271573232759,9,0,1.9597109826589596,1.5101990049751244,0.01758225042374728,-0.013532338308457792,0.44666078721867053,-0.3155477021081249,76.66666666666667,33.33333333333333
115,2023,1.9287179487179489,0.0230583971221662,78,3,1.491818181818182,0.0152662323852242,11,0,1.9597109826589596,1.5101990049751244,-0.030993033941010717,-0.01838082315694245,-0.7873493213183573,-0.4286049001896404,20.0,26.666666666666668
116,2023,1.9543396226415093,0.0049561983156844,53,2,1.5075,0.0216506350946109,4,0,1.9597109826589596,1.5101990049751244,-0.005371360017450311,-0.0026990049751243195,-0.13645442625415152,-0.06293552514472538,46.666666666666664,50.0
117,2023,1.9222340425531912,0.0233909536668558,94,3,1.5100000000000002,2.220446049250313e-16,5,0,1.9597109826589596,1.5101990049751244,-0.03747694010576841,-0.00019900497512415072,-0.9520669519972529,-0.004640407383937683,13.333333333333334,53.333333333333336
118,2023,1.969242424242424,0.04642721922571,66,5,1.523,0.0268514431641951,10,0,1.9597109826589596,1.5101990049751244,0.009531441583464417,0.012800995024875528,0.24213744534367923,0.2984942049721303,60.0,63.33333333333333
119,2023,1.9441176470588235,0.0474104510108467,85,2,1.50375,0.0165359456941537,8,0,1.9597109826589596,1.5101990049751244,-0.015593335600136093,-0.006449004975124462,-0.39613424827089233,-0.1503782017859043,36.666666666666664,43.333333333333336
120,2023,2.0240449438202246,0.0575671391346045,89,3,1.56,,5,0,1.9597109826589596,1.5101990049751244,0.064333961161265,0.04980099502487567,1.6343446967616133,1.1612619478317332,93.33333333333333,90.0
121,2023,1.9604545454545448,0.0278351107134452,88,3,1.5414285714285714,0.0098974331861078,7,0,1.9597109826589596,1.5101990049751244,0.0007435627955851842,0.03122956645344699,0.01888952412906251,0.7282125016087656,50.0,80.0
133,2023,1.918111111111111,0.0322798335547287,90,4,1.46625,0.0291279504943276,8,0,1.9597109826589596,1.5101990049751244,-0.0415998715478485,-0.04394900497512433,-1.0568062065969275,-1.0248049681976574,10.0,16.666666666666664
134,2023,1.9528260869565215,0.0443142455983283,46,2,1.53,,3,0,1.9597109826589596,1.5101990049751244,-0.00688489570243811,0.019800995024875645,-0.17490439848450479,0.46172053470232755,43.333333333333336,66.66666666666666
135,2023,1.962054794520548,0.0552691770254213,73,4,1.4925,0.0449305018890286,12,0,1.9597109826589596,1.5101990049751244,0.002343811861588385,-0.017699004975124444,0.05954236948960506,-0.41270623170943077,53.333333333333336,30.0
136,2023,1.9712499999999995,0.0324181662035346,80,4,1.4644444444444444,0.0157134840263677,9,0,1.9597109826589596,1.5101990049751244,0.011539017341039903,-0.045754560530679944,0.2931380480349399,-1.0669069976915582,63.33333333333333,13.333333333333334
137,2023,1.9255294117647064,0.0684364175903089,85,4,1.5,0.0282842712474619,9,0,1.9597109826589596,1.5101990049751244,-0.03418157089425322,-0.010199004975124382,-0.8683511493714685,-0.23782087842707808,16.666666666666664,36.666666666666664
138,2023,1.9726388888888888,0.0406882816721484,72,4,1.505,0.035,2,0,1.9597109826589596,1.5101990049751244,0.012927906229929231,-0.005199004975124488,0.32842148385909853,-0.12123064290551305,70.0,46.666666666666664
139,2023,1.895945945945946,0.0374497471906783,74,3,1.4842857142857144,0.0129362644830534,7,0,1.9597109826589596,1.5101990049751244,-0.06376503671301359,-0.02591329068940995,-1.6198916980953733,-0.6042473329234297,6.666666666666667,23.333333333333332
140,2023,1.967570093457944,0.013660853512239,107,5,1.532857142857143,0.0660550172668394,7,0,1.9597109826589596,1.5101990049751244,0.007859110798984492,0.022658137882018536,0.1996534306877999,0.5283435264289383,56.666666666666664,73.33333333333333
141,2023,1.9822727272727272,0.0063473818380767,88,3,1.502,0.014696938456699,5,0,1.9597109826589596,1.5101990049751244,0.022561744613767587,-0.00819900497512438,0.5731602250756839,-0.19118478421845103,80.0,40.0
142,2023,1.95,2.220446049250313e-16,62,2,1.4419999999999995,0.0097979589711327,5,0,1.9597109826589596,1.5101990049751244,-0.009710982658959644,-0.06819900497512488,-0.24669852007450388,-1.5902676104772726,40.0,6.666666666666667
143,2023,1.8405882352941176,0.0176470588235294,68,2,1.42,0.0447213595499958,6,0,1.9597109826589596,1.5101990049751244,-0.11912274736484196,-0.09019900497512445,-3.026203064527339,-2.1032646467721596,3.3333333333333335,3.3333333333333335
144,2023,1.929139784946236,0.0347852370731223,93,3,1.5133333333333334,0.0094280904158206,3,0,1.9597109826589596,1.5101990049751244,-0.030571197712723652,0.0031343283582090375,-0.776632962646229,0.07308641629710394,23.333333333333332,60.0
145,2023,2.0394897959183678,0.0660607705531869,98,3,1.5711111111111111,0.0998270108676275,9,0,1.9597109826589596,1.5101990049751244,0.07977881325940817,0.06091210613598674,2.026706859190777,1.4203513601018822,100.0,93.33333333333333
146,2023,1.9907058823529409,0.0199875393709131,85,2,1.531111111111111,0.0314269680527354,9,0,1.9597109826589596,1.5101990049751244,0.03099489969398128,0.020912106135986708,0.7873967190445017,0.4876294759293414,86.66666666666667,70.0
147,2023,1.971948051948052,0.0236883971290325,77,4,1.5355555555555556,0.0049690399499995,9,0,1.9597109826589596,1.5101990049751244,0.012237069289092295,0.02535655058043118,0.3108714112348798,0.5912652408374021,66.66666666666666,76.66666666666667
158,2023,1.9937179487179488,0.0538304311599783,78,2,1.596666666666667,0.0047140452079103,3,0,1.9597109826589596,1.5101990049751244,0.03400696605898923,0.08646766169154252,0.86391547525174,2.0162570083232323,90.0,96.66666666666667
108,2024,2.017972972972973,0.0040201283190929,74,2,1.5711111111111111,0.0251415744421883,9,0,1.963521515988946,1.52835,0.05445145698402709,0.04276111111111103,1.48472158558482,0.9740603240811464,93.33333333333333,83.33333333333334
109,2024,1.9466666666666663,0.0624452976986928,57,4,1.495,0.0396862696659688,8,0,1.963521515988946,1.52835,-0.016854849322279764,-0.03334999999999999,-0.45957922885165875,-0.7596835293567794,36.666666666666664,26.666666666666668
110,2024,1.9681720430107523,0.0098315092048709,93,2,1.5142857142857145,0.0049487165930539,7,0,1.963521515988946,1.52835,0.004650527021806239,-0.01406428571428564,0.126805382923852,-0.32037200027918,63.33333333333333,43.333333333333336
111,2024,1.97,0.0187616630392937,100,3,1.6283333333333332,0.2179003339959705,6,0,1.963521515988946,1.52835,0.006478484011053887,0.09998333333333309,0.1766480749247796,2.2775319803154974,66.66666666666666,96.66666666666667
112,2024,1.9743220338983047,0.0603166617444869,118,4,1.5783333333333334,0.0539804491356721,6,0,1.963521515988946,1.52835,0.010800517909358653,0.04998333333333327,0.29449647380829846,1.1385761641883954,73.33333333333333,90.0
113,2024,2.0015151515151515,0.0251204627588639,99,3,1.574,0.0479999999999999,5,0,1.963521515988946,1.52835,0.03799363552620538,0.04564999999999997,1.0359680696358011,1.039866660124047,86.66666666666667,86.66666666666667
114,2024,1.9628571428571429,0.0160780409677468,63,3,1.4799999999999998,0.0141421356237309,3,0,1.963521515988946,1.52835,-0.0006643731318032309,-0.04835000000000034,-0.01811538541494309,-1.1013702741949192,56.666666666666664,16.666666666666664
115,2024,1.958507462686567,0.009019668614769,67,3,1.514,0.032,5,0,1.963521515988946,1.52835,-0.005014053302379029,-0.014350000000000085,-0.136717612009882,-0.3268803192284813,43.333333333333336,40.0
116,2024,1.9321052631578948,0.0040768245749551,38,2,1.54,0.0848528137423857,3,0,1.963521515988946,1.52835,-0.03141625283105132,0.011649999999999938,-0.856623335719646,0.2653767051576143,20.0,75.0
117,2024,1.9859090909090908,0.02328852446809,110,3,1.52,0.0519615242270663,4,0,1.963521515988946,1.52835,0.02238757492014476,-0.00835000000000008,0.610439418408708,-0.19020562129322852,80.0,60.0
118,2024,1.946382978723404,0.0649852857949444,47,2,1.54,0.0,6,0,1.963521515988946,1.52835,-0.017138537265542153,0.011649999999999938,-0.46731451521976064,0.2653767051576143,33.33333333333333,75.0
119,2024,1.959285714285714,0.0280214932084757,84,2,1.4899999999999998,2.220446049250313e-16,5,0,1.963521515988946,1.52835,-0.004235801703232012,-0.03835000000000033,-0.11549711558481049,-0.8735791109694977,46.666666666666664,23.333333333333332
120,2024,2.0254651162790696,0.0491712001344374,86,3,1.5828571428571432,0.0174963553055941,7,0,1.963521515988946,1.52835,0.06194360029012347,0.05450714285714309,1.6890089913767197,1.2416245475522831,100.0,93.33333333333333
121,2024,1.9363513513513515,0.0622673903707169,74,3,1.5166666666666668,0.0708676387515643,6,0,1.963521515988946,1.52835,-0.027170164637594585,-0.011683333333333268,-0.7408457395945071,-0.26613600903503226,26.666666666666668,56.666666666666664
133,2024,1.9284090909090907,0.0363032168508385,88,2,1.471666666666667,0.0484481395124954,6,0,1.963521515988946,1.52835,-0.03511242507985535,-0.0566833333333332,-0.9574064373260682,-1.291196243549426,13.333333333333334,10.0
134,2024,2.0178205128205127,0.0716409751665478,78,4,1.512,0.0474973683481517,10,0,1.963521515988946,1.52835,0.05429899683156658,-0.016350000000000087,1.4805644722248217,-0.3724385518735656,90.0,36.666666666666664
135,2024,1.972735849056604,0.0541579280223619,106,4,1.515,0.0269258240356725,6,0,1.963521515988946,1.52835,0.009214333067657954,-0.013350000000000195,0.25124615501717223,-0.3041012029059417,70.0,46.666666666666664
136,2024,1.96375,0.0258702692937923,96,3,1.4685714285714286,0.0034992710611188,7,0,1.963521515988946,1.52835,0.00022848401105401983,-0.05977857142857146,0.0062300471275252714,-1.361703032166822,60.0,6.666666666666667
137,2024,1.9197058823529407,0.085617204180424,102,6,1.50375,0.0599869777535091,8,0,1.963521515988946,1.52835,-0.04381563363600538,-0.024600000000000177,-1.1947158193496377,-0.5603662615345402,10.0,33.33333333333333
138,2024,1.9595833333333332,0.0256546237981036,96,3,1.525,0.1366565036871645,8,0,1.963521515988946,1.52835,-0.003938182655612854,-0.003350000000000186,-0.10738197140398568,-0.07631003968052034,50.0,63.33333333333333
139,2024,1.930113636363636,0.0240498685586002,88,5,1.497142857142857,0.0732343178170074,7,0,1.963521515988946,1.52835,-0.03340787962531011,-0.03120714285714299,-0.9109287933813675,-0.7108711372370495,16.666666666666664,30.0
140,2024,1.9824637681159416,0.0184080792833676,138,3,1.5166666666666666,0.0329983164553722,9,0,1.963521515988946,1.52835,0.018942252126995518,-0.01168333333333349,0.5164961999233585,-0.2661360090350373,76.66666666666667,51.66666666666667
141,2024,1.9953125,0.0148921906968048,64,3,1.5275,0.0043301270189221,8,0,1.963521515988946,1.52835,0.03179098401105396,-0.0008500000000000174,0.8668410875036763,-0.019362248874161197,83.33333333333334,70.0
142,2024,1.9433333333333336,0.0149071198499986,72,2,1.4766666666666666,0.0047140452079103,3,0,1.963521515988946,1.52835,-0.020188182655612508,-0.051683333333333525,-0.5504688436768469,-1.177300661936723,30.0,13.333333333333334
143,2024,1.8621739130434785,0.014128762442845,69,4,1.481818181818182,0.0468689045623645,11,0,1.963521515988946,1.52835,-0.10134760294546763,-0.046531818181818174,-2.7634333785513863,-1.0599536990630165,3.3333333333333335,20.0
144,2024,1.9598823529411764,0.0197331681155214,85,3,1.5544444444444443,0.0514481640124009,9,0,1.963521515988946,1.52835,-0.003639163047769678,0.026094444444444198,-0.09922863830937072,0.5944083853721074,53.333333333333336,80.0
145,2024,1.8992307692307693,0.0590256187484641,78,3,1.5166666666666666,0.0149071198499986,9,0,1.963521515988946,1.52835,-0.06429074675817681,-0.01168333333333349,-1.7530083629026316,-0.2661360090350373,6.666666666666667,51.66666666666667
146,2024,1.9359036144578317,0.0128977577745278,83,3,1.465,0.045,2,0,1.963521515988946,1.52835,-0.02761790153111443,-0.06335000000000002,-0.7530541297330228,-1.4430570190330436,23.333333333333332,3.3333333333333335
147,2024,2.023333333333333,0.0460675832036174,90,3,1.64,0.0,10,0,1.963521515988946,1.52835,0.0598118173443869,0.1116499999999998,1.6308819121280387,2.5432883374118234,96.66666666666667,100.0
158,2024,1.9573333333333331,0.0067986926847903,90,3,1.5257142857142856,0.0225876975726313,7,0,1.963521515988946,1.52835,-0.006188182655612939,-0.002635714285714519,-0.16873246141100087,-0.06003924230727704,40.0,66.66666666666666
108,2025,1.9952808988764044,0.0175518421607808,89,3,1.556,0.050438080851674,5,0,1.9553511835467596,1.5261780104712042,0.03992971532964473,0.02982198952879589,1.2439990700822836,0.43011844609449607,93.33333333333333,73.33333333333333
109,2025,1.9628985507246377,0.0397857103935922,69,4,1.54,,2,0,1.9553511835467596,1.5261780104712042,0.007547367177878073,0.013821989528795875,0.23513610536259757,0.1993526505775056,66.66666666666666,61.66666666666667
110,2025,1.946293103448276,0.0384064059943532,116,7,1.5146153846153847,0.0414386264650942,13,0,1.9553511835467596,1.5261780104712042,-0.009058080098483634,-0.011562625855819464,-0.28220194224321654,-0.16676615961771868,36.666666666666664,46.666666666666664
111,2025,1.9461682242990648,0.041505429434567,107,4,1.47,0.0447213595499958,12,0,1.9553511835467596,1.5261780104712042,-0.009182959247694855,-0.05617801047120419,-0.2860925170747403,-0.8102477048093277,33.33333333333333,18.333333333333332
112,2025,1.9473846153846155,0.0143877002039854,65,3,1.5466666666666666,0.0942809041582063,3,0,1.9553511835467596,1.5261780104712042,-0.007966568162144139,0.020488656195462474,-0.24819619432890688,0.29550506537625054,43.333333333333336,66.66666666666666
113,2025,1.996235294117647,0.0055256557956787,85,3,1.5544444444444443,0.0083147941928309,9,0,1.9553511835467596,1.5261780104712042,0.04088411057088748,0.028266433973240135,1.2737329858589252,0.40768288264145247,96.66666666666667,70.0
114,2025,1.95475,0.008799857953399,80,2,1.5,,1,0,1.9553511835467596,1.5261780104712042,-0.0006011835467596427,-0.02617801047120416,-0.01872970460579586,-0.3775618382149706,53.333333333333336,33.33333333333333
115,2025,1.9703125,0.0354862979718933,64,3,1.51375,0.0186664806538351,8,0,1.9553511835467596,1.5261780104712042,0.014961316453240281,-0.012428010471204232,0.46611561343187957,-0.1792474826925581,70.0,43.333333333333336
116,2025,1.9409876543209872,0.0141948467672146,81,3,1.59,0.0599999999999999,2,0,1.9553511835467596,1.5261780104712042,-0.014363529225772442,0.06382198952879592,-0.4474917202000398,0.9204957615681008,30.0,86.66666666666667
117,2025,1.977647058823529,0.0445275079241777,102,3,1.5844444444444443,0.085259227081115,9,0,1.9553511835467596,1.5261780104712042,0.02229587527676946,0.05826643397324016,0.6946217342646546,0.8403687492358096,80.0,83.33333333333334
118,2025,1.9208695652173915,0.0199810874662191,23,3,1.7299999999999998,,3,0,1.9553511835467596,1.5261780104712042,-0.034481618329368136,0.2038219895287956,-1.0742651376935783,2.939696472341761,16.666666666666664,100.0
119,2025,1.9614285714285715,0.0536428095871959,98,4,1.531,0.0372692903071684,10,0,1.9553511835467596,1.5261780104712042,0.006077387881811891,0.004821989528795756,0.18933931311777769,0.06954689059919686,63.33333333333333,53.333333333333336
120,2025,1.958275862068965,0.0429168374254402,87,4,1.6533333333333335,0.200554786086551,6,0,1.9553511835467596,1.5261780104712042,0.0029246785222054594,0.12715532286212938,0.0911175382012319,1.833943702156189,60.0,96.66666666666667
121,2025,1.9010810810810808,0.0281198000630875,74,3,1.415,0.0606217782649107,4,0,1.9553511835467596,1.5261780104712042,-0.05427010246567887,-0.11117801047120413,-1.6907698049741002,-1.6035051268989808,6.666666666666667,3.3333333333333335
133,2025,1.914421052631579,0.0391142937791204,95,3,1.4828571428571429,0.0742032509326889,7,0,1.9553511835467596,1.5261780104712042,-0.04093013091518061,-0.04332086761406129,-1.2751667367643071,-0.6248109048403171,13.333333333333334,23.333333333333332
134,2025,1.9467605633802816,0.0537279177800366,71,4,1.495,0.055,6,0,1.9553511835467596,1.5261780104712042,-0.008590620166478047,-0.031178010471204054,-0.2676383593096827,-0.4496761493140285,40.0,30.0
135,2025,1.93,0.0361620285339789,91,3,1.5080000000000002,0.0466476151587624,5,0,1.9553511835467596,1.5261780104712042,-0.025351183546759692,-0.01817801047120393,-0.7898090055813813,-0.26217894045647216,20.0,40.0
136,2025,1.9906410256410252,0.0319189576170387,78,2,1.535,0.085,2,0,1.9553511835467596,1.5261780104712042,0.035289842094265556,0.00882198952879576,1.0994451221650514,0.12723833947844446,86.66666666666667,56.666666666666664
137,2025,1.9061764705882356,0.0628028992344233,68,3,1.4342857142857142,0.0555124549363584,7,0,1.9553511835467596,1.5261780104712042,-0.04917471295852405,-0.09189229618549,-1.5320243755043925,-1.325349926945468,10.0,10.0
138,2025,1.952235294117647,0.0375225883525937,85,4,1.5719999999999998,0.0607947366142826,5,0,1.9553511835467596,1.5261780104712042,-0.0031158894291125616,0.04582198952879568,-0.09707466031989194,0.6608842416114833,46.666666666666664,80.0
139,2025,1.970925925925926,0.0367810598662327,108,3,1.505,0.065,6,0,1.9553511835467596,1.5261780104712042,0.01557474237916634,-0.021178010471204267,0.48522672592332866,-0.30544752711591266,73.33333333333333,36.666666666666664
140,2025,2.018131868131868,0.0165025531099719,91,3,1.606666666666667,0.0235702260395515,6,0,1.9553511835467596,1.5261780104712042,0.06278068458510844,0.08048865619546275,1.955914601400163,1.160876798564968,100.0,90.0
141,2025,1.935,0.0193649167310371,104,2,1.43,,4,0,1.9553511835467596,1.5261780104712042,-0.020351183546759577,-0.09617801047120422,-0.6340354094246942,-1.387162193601804,23.333333333333332,6.666666666666667
142,2025,1.9579,0.0214613606278819,100,4,1.5154545454545456,0.0678720234724731,11,0,1.9553511835467596,1.5261780104712042,0.0025488164532403434,-0.010723465016658551,0.07940766097291439,-0.1546630584542391,56.666666666666664,50.0
143,2025,1.8664864864864863,0.0093624367976695,74,2,1.4428571428571428,0.03614031611621,7,0,1.9553511835467596,1.5261780104712042,-0.08886469706027333,-0.08332086761406132,-2.7685546864906097,-1.2017253936327932,3.3333333333333335,13.333333333333334
144,2025,1.9391150442477876,0.0187464461351253,113,3,1.47,,6,0,1.9553511835467596,1.5261780104712042,-0.016236139298972052,-0.05617801047120419,-0.5058323612603466,-0.8102477048093277,26.666666666666668,18.333333333333332
145,2025,1.9545348837209304,0.012262343258765,86,4,1.641111111111111,0.0546594394499947,9,0,1.9553511835467596,1.5261780104712042,-0.0008162998258292031,0.1149331006399068,-0.025431591882297894,1.6576642750251498,50.0,93.33333333333333
146,2025,1.9935353535353535,0.0212875043402609,99,4,1.54,0.0509901951359278,6,0,1.9553511835467596,1.5261780104712042,0.03818416998859386,0.013821989528795875,1.1896170950762759,0.1993526505775056,90.0,61.66666666666667
147,2025,1.98,0.0435889894354067,60,3,1.5566666666666666,0.0047140452079103,6,0,1.9553511835467596,1.5261780104712042,0.024648816453240352,0.030488656195462482,0.7679269559854563,0.4397336875743696,83.33333333333334,76.66666666666667
158,2025,1.975438596491228,0.0324480786573948,114,3,1.4872727272727273,0.0367029622512479,11,0,1.9553511835467596,1.5261780104712042,0.020087412944468364,-0.03890528319847686,0.6258177103688308,-0.5611255391943942,76.66666666666667,26.666666666666668
