game_pk,game_date,game_year,inning,inning_topbot,at_bat_number,pitch_number,balls,strikes,outs_when_up,home_team,away_team,batter,pitcher,on_1b,on_2b,on_3b,fielder_2,fielder_3,fielder_4,fielder_5,fielder_6,type,events,description,des,home_score,away_score,bat_score,fld_score,delta_run_exp,delta_home_win_exp,game_type,pitch_name,release_speed,stand,p_throws
570335,2018-10-01,2018,9,Top,71,4,0,2,2,LAD,COL,467827,445276,,,,518735,641355,571771,457759,592518,S,strikeout,swinging_strike,Gerardo Parra strikes out swinging.,5,2,2,5,-0.153,0.004,R,Cutter,92.2,L,R
570335,2018-10-01,2018,9,Top,71,3,0,2,2,LAD,COL,467827,445276,,,,518735,641355,571771,457759,592518,S,,foul,Foul,5,2,2,5,0.0,0.0,R,Cutter,93.0,L,R
570335,2018-10-01,2018,9,Top,71,2,0,1,2,LAD,COL,467827,445276,,,,518735,641355,571771,457759,592518,S,,called_strike,Called Strike,5,2,2,5,-0.065,0.0,R,Cutter,91.6,L,R
570335,2018-10-01,2018,9,Top,71,1,0,0,2,LAD,COL,467827,445276,,,,518735,641355,571771,457759,592518,S,,called_strike,Called Strike,5,2,2,5,-0.041,0.0,R,Sinker,93.1,L,R
570335,2018-10-01,2018,9,Top,70,6,2,2,1,LAD,COL,435622,445276,,,,518735,641355,571771,457759,592518,S,strikeout,called_strike,Ian Desmond called out on strikes.,5,2,2,5,-0.234,0.009,R,Cutter,91.4,R,R
570335,2018-10-01,2018,9,Top,70,5,2,2,1,LAD,COL,435622,445276,,,,518735,641355,571771,457759,592518,S,,foul,Foul,5,2,2,5,0.0,0.0,R,Cutter,92.3,R,R
570335,2018-10-01,2018,9,Top,70,4,1,2,1,LAD,COL,435622,445276,,,,518735,641355,571771,457759,592518,B,,ball,Ball,5,2,2,5,0.048,0.0,R,Cutter,92.7,R,R
570335,2018-10-01,2018,9,Top,70,3,0,2,1,LAD,COL,435622,445276,,,,518735,641355,571771,457759,592518,B,,ball,Ball,5,2,2,5,0.022,0.0,R,Cutter,93.3,R,R
570335,2018-10-01,2018,9,Top,70,2,0,1,1,LAD,COL,435622,445276,,,,518735,641355,571771,457759,592518,S,,called_strike,Called Strike,5,2,2,5,-0.058,0.0,R,Cutter,92.3,R,R
570335,2018-10-01,2018,9,Top,70,1,0,0,1,LAD,COL,435622,445276,,,,518735,641355,571771,457759,592518,S,,called_strike,Called Strike,5,2,2,5,-0.042,0.0,R,Cutter,92.6,R,R
570335,2018-10-01,2018,9,Top,69,1,0,0,0,LAD,COL,471865,445276,,,,518735,641355,571771,457759,592518,X,field_out,hit_into_play,Carlos Gonzalez grounds out to first baseman Cody Bellinger.,5,2,2,5,-0.258,0.018,R,Cutter,92.1,L,R
570335,2018-10-01,2018,9,Top,68,9,3,2,0,LAD,COL,596115,445276,,,,518735,641355,571771,457759,592518,X,home_run,hit_into_play,Trevor Story homers (37) on a fly ball to right center field.,5,1,1,5,1.034,-0.018,R,Cutter,91.6,R,R
570335,2018-10-01,2018,9,Top,68,8,2,2,0,LAD,COL,596115,445276,,,,518735,641355,571771,457759,592518,B,,ball,Ball,5,1,1,5,0.104,0.0,R,Cutter,94.1,R,R
570335,2018-10-01,2018,9,Top,68,7,2,2,0,LAD,COL,596115,445276,,,,518735,641355,571771,457759,592518,S,,foul,Foul,5,1,1,5,0.0,0.0,R,Cutter,91.3,R,R
570335,2018-10-01,2018,9,Top,68,6,2,2,0,LAD,COL,596115,445276,,,,518735,641355,571771,457759,592518,S,,foul,Foul,5,1,1,5,0.0,0.0,R,Sinker,92.7,R,R
570335,2018-10-01,2018,9,Top,68,5,1,2,0,LAD,COL,596115,445276,,,,518735,641355,571771,457759,592518,B,,ball,Ball,5,1,1,5,0.048,0.0,R,Cutter,92.1,R,R
570335,2018-10-01,2018,9,Top,68,4,1,2,0,LAD,COL,596115,445276,,,,518735,641355,571771,457759,592518,S,,foul,Foul,5,1,1,5,0.0,0.0,R,Cutter,91.8,R,R
570335,2018-10-01,2018,9,Top,68,3,0,2,0,LAD,COL,596115,445276,,,,518735,641355,571771,457759,592518,B,,ball,Ball,5,1,1,5,0.025,0.0,R,Slider,82.0,R,R
570335,2018-10-01,2018,9,Top,68,2,0,1,0,LAD,COL,596115,445276,,,,518735,641355,571771,457759,592518,S,,foul,Foul,5,1,1,5,-0.057,0.0,R,Sinker,94.1,R,R
570335,2018-10-01,2018,9,Top,68,1,0,0,0,LAD,COL,596115,445276,,,,518735,641355,571771,457759,592518,S,,foul,Foul,5,1,1,5,-0.04,0.0,R,Cutter,91.6,R,R
570335,2018-10-01,2018,9,Top,67,1,0,0,0,LAD,COL,571448,445276,,,,518735,641355,571771,457759,592518,X,home_run,hit_into_play,Nolan Arenado homers (38) on a fly ball to left field.,5,0,0,5,1.114,-0.008,R,Cutter,92.4,R,R
570335,2018-10-01,2018,8,Bot,66,1,0,0,2,LAD,COL,571771,597113,,,,455104,435622,518934,571448,596115,X,field_out,hit_into_play,"Enrique Hernandez grounds out, third baseman Nolan Arenado to first baseman Ian Desmond.",5,0,5,0,-0.259,0.0,R,Curveball,81.9,R,R
570335,2018-10-01,2018,8,Bot,65,2,0,1,1,LAD,COL,624577,459429,,,,455104,435622,518934,571448,596115,X,field_out,hit_into_play,"Yasiel Puig grounds out, third baseman Nolan Arenado to first baseman Ian Desmond.",5,0,5,0,-0.222,0.0,R,4-Seam Fastball,94.0,R,L
570335,2018-10-01,2018,8,Bot,65,1,0,0,1,LAD,COL,624577,459429,,,,455104,435622,518934,571448,596115,S,,called_strike,Called Strike,5,0,5,0,-0.042,0.0,R,4-Seam Fastball,95.0,R,L
570335,2018-10-01,2018,8,Bot,64,6,3,2,0,LAD,COL,641355,459429,,,,455104,435622,518934,571448,596115,X,field_out,hit_into_play,Cody Bellinger grounds out to first baseman Ian Desmond.,5,0,5,0,-0.338,-0.001,R,4-Seam Fastball,94.8,L,L
570335,2018-10-01,2018,8,Bot,64,5,2,2,0,LAD,COL,641355,459429,,,,455104,435622,518934,571448,596115,B,,ball,Ball,5,0,5,0,0.104,0.0,R,Slider,82.6,L,L
570335,2018-10-01,2018,8,Bot,64,4,1,2,0,LAD,COL,641355,459429,,,,455104,435622,518934,571448,596115,B,,ball,Ball,5,0,5,0,0.048,0.0,R,4-Seam Fastball,95.4,L,L
570335,2018-10-01,2018,8,Bot,64,3,0,2,0,LAD,COL,641355,459429,,,,455104,435622,518934,571448,596115,B,,ball,Ball,5,0,5,0,0.025,0.0,R,4-Seam Fastball,94.0,L,L
570335,2018-10-01,2018,8,Bot,64,2,0,1,0,LAD,COL,641355,459429,,,,455104,435622,518934,571448,596115,S,,called_strike,Called Strike,5,0,5,0,-0.057,0.0,R,4-Seam Fastball,95.2,L,L
570335,2018-10-01,2018,8,Bot,64,1,0,0,0,LAD,COL,641355,459429,,,,455104,435622,518934,571448,596115,S,,foul,Foul,5,0,5,0,-0.04,0.0,R,4-Seam Fastball,95.0,L,L
570335,2018-10-01,2018,8,Top,63,6,2,2,2,LAD,COL,621311,628317,,453568,,518735,571970,571771,457759,592518,S,strikeout,swinging_strike,David Dahl strikes out swinging.,5,0,0,5,-0.234,0.005,R,4-Seam Fastball,92.8,L,R
570335,2018-10-01,2018,8,Top,63,5,2,2,2,LAD,COL,621311,628317,,453568,,518735,571970,571771,457759,592518,S,,foul,Foul,5,0,0,5,0.0,0.0,R,Split-Finger,86.3,L,R
570335,2018-10-01,2018,8,Top,63,4,1,2,2,LAD,COL,621311,628317,,453568,,518735,571970,571771,457759,592518,B,,blocked_ball,Ball In Dirt,5,0,0,5,0.034,0.0,R,Split-Finger,86.5,L,R
570335,2018-10-01,2018,8,Top,63,3,1,1,2,LAD,COL,621311,628317,,453568,,518735,571970,571771,457759,592518,S,,foul,Foul,5,0,0,5,-0.072,0.0,R,4-Seam Fastball,93.0,L,R
570335,2018-10-01,2018,8,Top,63,2,0,1,2,LAD,COL,621311,628317,,453568,,518735,571970,571771,457759,592518,B,,ball,Ball,5,0,0,5,0.029,0.0,R,Split-Finger,85.9,L,R
570335,2018-10-01,2018,8,Top,63,1,0,0,2,LAD,COL,621311,628317,,453568,,518735,571970,571771,457759,592518,S,,swinging_strike,Swinging Strike,5,0,0,5,-0.041,0.0,R,4-Seam Fastball,92.4,L,R
570335,2018-10-01,2018,8,Top,62,5,1,2,1,LAD,COL,518934,628317,453568,,,518735,571970,571771,457759,592518,X,field_out,hit_into_play,"Rockies challenged (play at 1st), call on the field was upheld: DJ LeMahieu grounds out softly, third baseman Justin Turner to first baseman Max Muncy.   Charlie Blackmon to 2nd.",5,0,0,5,-0.247,0.006,R,Slider,85.9,R,R
570335,2018-10-01,2018,8,Top,62,4,0,2,1,LAD,COL,518934,628317,453568,,,518735,571970,571771,457759,592518,B,,ball,Ball,5,0,0,5,0.015,0.0,R,Slider,85.0,R,R
570335,2018-10-01,2018,8,Top,62,3,0,2,1,LAD,COL,518934,628317,453568,,,518735,571970,571771,457759,592518,S,,foul,Foul,5,0,0,5,0.0,0.0,R,4-Seam Fastball,92.9,R,R
570335,2018-10-01,2018,8,Top,62,2,0,1,1,LAD,COL,518934,628317,453568,,,518735,571970,571771,457759,592518,S,,foul,Foul,5,0,0,5,-0.055,0.0,R,Slider,83.9,R,R
570335,2018-10-01,2018,8,Top,62,1,0,0,1,LAD,COL,518934,628317,453568,,,518735,571970,571771,457759,592518,S,,called_strike,Called Strike,5,0,0,5,-0.04,0.0,R,4-Seam Fastball,92.2,R,R
570335,2018-10-01,2018,8,Top,61,6,3,2,1,LAD,COL,453568,518397,,,,518735,571970,571771,457759,592518,X,single,hit_into_play,Charlie Blackmon singles on a ground ball to left fielder Joc Pederson.,5,0,0,5,0.334,-0.006,R,Sinker,93.1,L,L
570335,2018-10-01,2018,8,Top,61,5,2,2,1,LAD,COL,453568,518397,,,,518735,571970,571771,457759,592518,B,,ball,Ball,5,0,0,5,0.102,0.0,R,Sinker,93.5,L,L
570335,2018-10-01,2018,8,Top,61,4,2,1,1,LAD,COL,453568,518397,,,,518735,571970,571771,457759,592518,S,,foul,Foul,5,0,0,5,-0.078,0.0,R,Sinker,93.4,L,L
570335,2018-10-01,2018,8,Top,61,3,1,1,1,LAD,COL,453568,518397,,,,518735,571970,571771,457759,592518,B,,ball,Ball,5,0,0,5,0.059,0.0,R,Sinker,93.6,L,L
570335,2018-10-01,2018,8,Top,61,2,0,1,1,LAD,COL,453568,518397,,,,518735,571970,571771,457759,592518,B,,ball,Ball,5,0,0,5,0.031,0.0,R,Slider,82.9,L,L
570335,2018-10-01,2018,8,Top,61,1,0,0,1,LAD,COL,453568,518397,,,,518735,571970,571771,457759,592518,S,,called_strike,Called Strike,5,0,0,5,-0.042,0.0,R,Sinker,93.6,L,L
570335,2018-10-01,2018,8,Top,60,2,1,0,0,LAD,COL,455104,520980,,,,518735,571970,571771,457759,592518,X,field_out,hit_into_play,Chris Iannetta lines out to third baseman Justin Turner.,5,0,0,5,-0.298,0.006,R,4-Seam Fastball,97.2,R,R
570335,2018-10-01,2018,8,Top,60,1,0,0,0,LAD,COL,455104,520980,,,,518735,571970,571771,457759,592518,B,,ball,Ball,5,0,0,5,0.04,0.0,R,4-Seam Fastball,97.3,R,R
570335,2018-10-01,2018,7,Bot,59,7,3,2,2,LAD,COL,518735,459429,,,457759,455104,435622,518934,571448,596115,S,strikeout,swinging_strike,Yasmani Grandal strikes out swinging.,5,0,5,0,-0.301,-0.002,R,4-Seam Fastball,95.5,R,L
570335,2018-10-01,2018,7,Bot,59,6,3,2,2,LAD,COL,518735,459429,,,457759,455104,435622,518934,571448,596115,S,,foul,Foul,5,0,5,0,0.0,0.0,R,4-Seam Fastball,95.0,R,L
570335,2018-10-01,2018,7,Bot,59,5,3,1,2,LAD,COL,518735,459429,,,457759,455104,435622,518934,571448,596115,S,,foul,Foul,5,0,5,0,-0.052,0.0,R,4-Seam Fastball,95.3,R,L
570335,2018-10-01,2018,7,Bot,59,4,3,0,2,LAD,COL,518735,459429,,,457759,455104,435622,518934,571448,596115,S,,called_strike,Called Strike,5,0,5,0,-0.031,0.0,R,4-Seam Fastball,93.8,R,L
570335,2018-10-01,2018,7,Bot,59,3,2,0,2,LAD,COL,518735,459429,,,457759,455104,435622,518934,571448,596115,B,,ball,Ball,5,0,5,0,0.041,0.0,R,4-Seam Fastball,94.3,R,L
570335,2018-10-01,2018,7,Bot,59,2,1,0,2,LAD,COL,518735,459429,,,457759,455104,435622,518934,571448,596115,B,,ball,Ball,5,0,5,0,0.047,0.0,R,4-Seam Fastball,94.8,R,L
570335,2018-10-01,2018,7,Bot,59,1,0,0,2,LAD,COL,518735,459429,,,457759,455104,435622,518934,571448,596115,B,,ball,Ball,5,0,5,0,0.018,0.0,R,4-Seam Fastball,94.6,R,L
570335,2018-10-01,2018,7,Bot,58,4,1,2,0,LAD,COL,592518,623184,571970,,457759,455104,435622,518934,571448,596115,X,grounded_into_double_play,hit_into_play,"Manny Machado grounds into a double play, pitcher Scott Oberg to second baseman DJ LeMahieu to first baseman Ian Desmond.   Max Muncy out at 2nd.    Manny Machado out at 1st.",5,0,5,0,-0.181,-0.007,R,Slider,87.2,R,R
570335,2018-10-01,2018,7,Bot,58,3,1,1,0,LAD,COL,592518,623184,571970,,457759,455104,435622,518934,571448,596115,S,,swinging_strike_blocked,Swinging Strike (Blocked),5,0,5,0,-0.077,0.0,R,Slider,89.0,R,R
570335,2018-10-01,2018,7,Bot,58,2,1,0,0,LAD,COL,592518,623184,571970,,457759,455104,435622,518934,571448,596115,S,,called_strike,Called Strike,5,0,5,0,-0.058,0.0,R,4-Seam Fastball,95.4,R,R
570335,2018-10-01,2018,7,Bot,58,1,0,0,0,LAD,COL,592518,623184,571970,,457759,455104,435622,518934,571448,596115,B,,ball,Ball,5,0,5,0,0.032,0.0,R,4-Seam Fastball,95.4,R,R
570335,2018-10-01,2018,7,Bot,57,2,0,1,0,LAD,COL,571970,623184,457759,,,455104,435622,518934,571448,596115,X,single,hit_into_play,Max Muncy singles on a sharp line drive to right fielder Carlos Gonzalez.   Justin Turner to 3rd.,5,0,5,0,0.476,0.005,R,Slider,88.2,L,R
570335,2018-10-01,2018,7,Bot,57,1,0,0,0,LAD,COL,571970,623184,457759,,,455104,435622,518934,571448,596115,S,,foul,Foul,5,0,5,0,-0.037,0.0,R,4-Seam Fastball,97.0,L,R
570335,2018-10-01,2018,7,Bot,56,2,0,1,0,LAD,COL,457759,623184,,,,455104,435622,518934,571448,596115,X,single,hit_into_play,Justin Turner singles on a line drive to right fielder Carlos Gonzalez.,5,0,5,0,0.475,0.001,R,4-Seam Fastball,96.5,R,R
570335,2018-10-01,2018,7,Bot,56,1,0,0,0,LAD,COL,457759,623184,,,,455104,435622,518934,571448,596115,S,,foul,Foul,5,0,5,0,-0.04,0.0,R,4-Seam Fastball,95.6,R,R
570335,2018-10-01,2018,7,Top,55,1,0,0,2,LAD,COL,407812,520980,435622,471865,,518735,571970,571771,457759,592518,X,field_out,hit_into_play,Matt Holliday pops out to shortstop Manny Machado.,5,0,0,5,-0.281,0.014,R,4-Seam Fastball,98.1,R,R
570335,2018-10-01,2018,7,Top,54,7,3,2,2,LAD,COL,435622,520980,471865,,,518735,571970,571771,457759,592518,B,walk,ball,Ian Desmond walks.   Carlos Gonzalez to 2nd.,5,0,0,5,0.227,-0.008,R,4-Seam Fastball,99.1,R,R
570335,2018-10-01,2018,7,Top,54,6,3,2,2,LAD,COL,435622,520980,471865,,,518735,571970,571771,457759,592518,S,,foul,Foul,5,0,0,5,0.0,0.0,R,4-Seam Fastball,99.0,R,R
570335,2018-10-01,2018,7,Top,54,5,2,2,2,LAD,COL,435622,520980,471865,,,518735,571970,571771,457759,592518,B,,ball,Ball,5,0,0,5,0.081,0.0,R,4-Seam Fastball,98.7,R,R
570335,2018-10-01,2018,7,Top,54,4,2,1,2,LAD,COL,435622,520980,471865,,,518735,571970,571771,457759,592518,S,,foul,Foul,5,0,0,5,-0.074,0.0,R,Sinker,97.3,R,R
570335,2018-10-01,2018,7,Top,54,3,2,0,2,LAD,COL,435622,520980,471865,,,518735,571970,571771,457759,592518,S,,called_strike,Called Strike,5,0,0,5,-0.058,0.0,R,4-Seam Fastball,97.7,R,R
570335,2018-10-01,2018,7,Top,54,2,1,0,2,LAD,COL,435622,520980,471865,,,518735,571970,571771,457759,592518,B,,ball,Ball,5,0,0,5,0.053,0.0,R,4-Seam Fastball,96.9,R,R
570335,2018-10-01,2018,7,Top,54,1,0,0,2,LAD,COL,435622,520980,471865,,,518735,571970,571771,457759,592518,B,,ball,Ball,5,0,0,5,0.039,0.0,R,Slider,87.1,R,R
570335,2018-10-01,2018,7,Top,53,5,3,1,2,LAD,COL,471865,621111,,,,518735,571970,571771,457759,592518,B,walk,ball,Carlos Gonzalez walks.,5,0,0,5,0.18,-0.003,R,4-Seam Fastball,95.6,L,R
570335,2018-10-01,2018,7,Top,53,4,2,1,2,LAD,COL,471865,621111,,,,518735,571970,571771,457759,592518,B,,ball,Ball,5,0,0,5,0.099,0.0,R,Changeup,90.2,L,R
570335,2018-10-01,2018,7,Top,53,3,1,1,2,LAD,COL,471865,621111,,,,518735,571970,571771,457759,592518,B,,ball,Ball,5,0,0,5,0.049,0.0,R,Knuckle Curve,80.0,L,R
570335,2018-10-01,2018,7,Top,53,2,1,0,2,LAD,COL,471865,621111,,,,518735,571970,571771,457759,592518,S,,foul,Foul,5,0,0,5,-0.048,0.0,R,Changeup,89.6,L,R
570335,2018-10-01,2018,7,Top,53,1,0,0,2,LAD,COL,471865,621111,,,,518735,571970,571771,457759,592518,B,,ball,Ball,5,0,0,5,0.037,0.0,R,4-Seam Fastball,96.2,L,R
570335,2018-10-01,2018,7,Top,52,2,0,1,1,LAD,COL,596115,621111,,,,518735,571970,571771,457759,592518,X,field_out,hit_into_play,Trevor Story flies out to right fielder Yasiel Puig.,5,0,0,5,-0.222,0.004,R,Sinker,96.2,R,R
570335,2018-10-01,2018,7,Top,52,1,0,0,1,LAD,COL,596115,621111,,,,518735,571970,571771,457759,592518,S,,called_strike,Called Strike,5,0,0,5,-0.042,0.0,R,Sinker,96.4,R,R
570335,2018-10-01,2018,7,Top,51,4,1,2,0,LAD,COL,571448,621111,,,,518735,571970,571771,457759,592518,X,field_out,hit_into_play,Nolan Arenado flies out to right fielder Yasiel Puig.,5,0,0,5,-0.187,0.009,R,4-Seam Fastball,97.3,R,R
570335,2018-10-01,2018,7,Top,51,3,1,1,0,LAD,COL,571448,621111,,,,518735,571970,571771,457759,592518,S,,foul,Foul,5,0,0,5,-0.063,0.0,R,4-Seam Fastball,96.1,R,R
570335,2018-10-01,2018,7,Top,51,2,0,1,0,LAD,COL,571448,621111,,,,518735,571970,571771,457759,592518,B,,ball,Ball,5,0,0,5,0.031,0.0,R,Slider,82.7,R,R
570335,2018-10-01,2018,7,Top,51,1,0,0,0,LAD,COL,571448,621111,,,,518735,571970,571771,457759,592518,S,,called_strike,Called Strike,5,0,0,5,-0.04,0.0,R,Cutter,92.7,R,R
570335,2018-10-01,2018,6,Bot,50,3,2,0,2,LAD,COL,592626,643466,621111,,,455104,435622,518934,571448,596115,X,field_out,hit_into_play,Joc Pederson flies out to center fielder Charlie Blackmon.,5,0,5,0,-0.356,-0.003,R,4-Seam Fastball,89.5,L,L
570335,2018-10-01,2018,6,Bot,50,2,1,0,2,LAD,COL,592626,643466,621111,,,455104,435622,518934,571448,596115,B,,ball,Ball,5,0,5,0,0.053,0.0,R,4-Seam Fastball,91.5,L,L
570335,2018-10-01,2018,6,Bot,50,1,0,0,2,LAD,COL,592626,643466,621111,,,455104,435622,518934,571448,596115,B,,ball,Ball,5,0,5,0,0.039,0.0,R,Slider,83.1,L,L
570335,2018-10-01,2018,6,Bot,49,2,1,0,2,LAD,COL,621111,643466,,571771,,455104,435622,518934,571448,596115,X,single,hit_into_play,Walker Buehler singles on a line drive to right fielder Carlos Gonzalez.   Enrique Hernandez scores.,4,0,4,0,0.608,0.021,R,4-Seam Fastball,91.7,R,L
570335,2018-10-01,2018,6,Bot,49,1,0,0,2,LAD,COL,621111,643466,,571771,,455104,435622,518934,571448,596115,B,,ball,Ball,4,0,4,0,0.024,0.0,R,Sinker,92.2,R,L
570335,2018-10-01,2018,6,Bot,48,3,1,1,2,LAD,COL,571771,643466,,,,455104,435622,518934,571448,596115,X,double,hit_into_play,Enrique Hernandez hits a ground-rule double (17) on a line drive to right field.,4,0,4,0,0.598,0.005,R,Sinker,91.7,R,L
570335,2018-10-01,2018,6,Bot,48,2,1,0,2,LAD,COL,571771,643466,,,,455104,435622,518934,571448,596115,S,,foul,Foul,4,0,4,0,-0.048,0.0,R,Changeup,84.9,R,L
570335,2018-10-01,2018,6,Bot,48,1,0,0,2,LAD,COL,571771,643466,,,,455104,435622,518934,571448,596115,B,,ball,Ball,4,0,4,0,0.037,0.0,R,Changeup,83.6,R,L
570335,2018-10-01,2018,6,Bot,47,2,0,1,1,LAD,COL,624577,643466,,,,455104,435622,518934,571448,596115,X,field_out,hit_into_play,Yasiel Puig lines out to right fielder Carlos Gonzalez.,4,0,4,0,-0.222,-0.003,R,4-Seam Fastball,92.8,R,L
570335,2018-10-01,2018,6,Bot,47,1,0,0,1,LAD,COL,624577,643466,,,,455104,435622,518934,571448,596115,S,,swinging_strike,Swinging Strike,4,0,4,0,-0.042,0.0,R,4-Seam Fastball,91.9,R,L
570335,2018-10-01,2018,6,Bot,46,3,2,0,0,LAD,COL,641355,643466,,,,455104,435622,518934,571448,596115,X,field_out,hit_into_play,Cody Bellinger pops out to third baseman Nolan Arenado.,4,0,4,0,-0.37,-0.004,R,Sinker,91.3,L,L
570335,2018-10-01,2018,6,Bot,46,2,1,0,0,LAD,COL,641355,643466,,,,455104,435622,518934,571448,596115,B,,ball,Ball,4,0,4,0,0.072,0.0,R,Sinker,92.2,L,L
570335,2018-10-01,2018,6,Bot,46,1,0,0,0,LAD,COL,641355,643466,,,,455104,435622,518934,571448,596115,B,,ball,Ball,4,0,4,0,0.04,0.0,R,4-Seam Fastball,91.9,L,L
570335,2018-10-01,2018,6,Top,45,1,0,0,2,LAD,COL,621311,621111,,453568,,518735,571970,571771,457759,592518,X,field_out,hit_into_play,David Dahl grounds out to first baseman Max Muncy.,4,0,0,4,-0.287,0.017,R,Changeup,90.4,L,R
570335,2018-10-01,2018,6,Top,44,3,1,1,1,LAD,COL,518934,621111,453568,,,518735,571970,571771,457759,592518,X,field_out,hit_into_play,"DJ LeMahieu grounds out, second baseman Enrique Hernandez to first baseman Max Muncy.   Charlie Blackmon to 2nd.",4,0,0,4,-0.309,0.015,R,Sinker,94.8,R,R
570335,2018-10-01,2018,6,Top,44,2,0,1,1,LAD,COL,518934,621111,453568,,,518735,571970,571771,457759,592518,B,,ball,Ball,4,0,0,4,0.024,0.0,R,4-Seam Fastball,95.5,R,R
570335,2018-10-01,2018,6,Top,44,1,0,0,1,LAD,COL,518934,621111,453568,,,518735,571970,571771,457759,592518,S,,called_strike,Called Strike,4,0,0,4,-0.04,0.0,R,Sinker,95.9,R,R
570335,2018-10-01,2018,6,Top,43,3,1,1,1,LAD,COL,453568,621111,,,,518735,571970,571771,457759,592518,X,single,hit_into_play,Charlie Blackmon singles on a line drive to right fielder Yasiel Puig.,4,0,0,4,0.417,-0.017,R,Changeup,89.2,L,R
570335,2018-10-01,2018,6,Top,43,2,0,1,1,LAD,COL,453568,621111,,,,518735,571970,571771,457759,592518,B,,ball,Ball,4,0,0,4,0.031,0.0,R,Sinker,96.5,L,R
570335,2018-10-01,2018,6,Top,43,1,0,0,1,LAD,COL,453568,621111,,,,518735,571970,571771,457759,592518,S,,swinging_strike,Swinging Strike,4,0,0,4,-0.042,0.0,R,Cutter,92.7,L,R
570335,2018-10-01,2018,6,Top,42,6,3,2,0,LAD,COL,455104,621111,,,,518735,571970,571771,457759,592518,S,strikeout,swinging_strike,Chris Iannetta strikes out swinging.,4,0,0,4,-0.338,0.015,R,Slider,83.7,R,R
570335,2018-10-01,2018,6,Top,42,5,2,2,0,LAD,COL,455104,621111,,,,518735,571970,571771,457759,592518,B,,ball,Ball,4,0,0,4,0.104,0.0,R,4-Seam Fastball,96.8,R,R
570335,2018-10-01,2018,6,Top,42,4,2,1,0,LAD,COL,455104,621111,,,,518735,571970,571771,457759,592518,S,,swinging_strike,Swinging Strike,4,0,0,4,-0.071,0.0,R,Slider,84.6,R,R
570335,2018-10-01,2018,6,Top,42,3,1,1,0,LAD,COL,455104,621111,,,,518735,571970,571771,457759,592518,B,,ball,Ball,4,0,0,4,0.056,0.0,R,Sinker,94.5,R,R
570335,2018-10-01,2018,6,Top,42,2,0,1,0,LAD,COL,455104,621111,,,,518735,571970,571771,457759,592518,B,,ball,Ball,4,0,0,4,0.031,0.0,R,Slider,83.8,R,R
570335,2018-10-01,2018,6,Top,42,1,0,0,0,LAD,COL,455104,621111,,,,518735,571970,571771,457759,592518,S,,swinging_strike,Swinging Strike,4,0,0,4,-0.04,0.0,R,Slider,83.6,R,R
570335,2018-10-01,2018,5,Bot,41,6,3,2,2,LAD,COL,518735,643466,,,,455104,435622,518934,571448,596115,X,field_out,hit_into_play,"Yasmani Grandal grounds out, shortstop Trevor Story to first baseman Ian Desmond.",4,0,4,0,-0.311,-0.002,R,Sinker,91.1,R,L
570335,2018-10-01,2018,5,Bot,41,5,2,2,2,LAD,COL,518735,643466,,,,455104,435622,518934,571448,596115,B,,ball,Ball,4,0,4,0,0.091,0.0,R,Changeup,81.0,R,L
570335,2018-10-01,2018,5,Bot,41,4,1,2,2,LAD,COL,518735,643466,,,,455104,435622,518934,571448,596115,B,,ball,Ball,4,0,4,0,0.047,0.0,R,Slider,82.1,R,L
570335,2018-10-01,2018,5,Bot,41,3,1,1,2,LAD,COL,518735,643466,,,,455104,435622,518934,571448,596115,S,,foul,Foul,4,0,4,0,-0.074,0.0,R,4-Seam Fastball,90.5,R,L
570335,2018-10-01,2018,5,Bot,41,2,1,0,2,LAD,COL,518735,643466,,,,455104,435622,518934,571448,596115,S,,called_strike,Called Strike,4,0,4,0,-0.048,0.0,R,Changeup,80.3,R,L
570335,2018-10-01,2018,5,Bot,41,1,0,0,2,LAD,COL,518735,643466,,,,455104,435622,518934,571448,596115,B,,ball,Ball,4,0,4,0,0.037,0.0,R,Sinker,89.9,R,L
570335,2018-10-01,2018,5,Bot,40,3,1,1,1,LAD,COL,592518,608566,,,,547172,435622,518934,571448,596115,X,field_out,hit_into_play,Manny Machado flies out to center fielder Charlie Blackmon.,4,0,4,0,-0.253,-0.004,R,Sinker,95.0,R,R
570335,2018-10-01,2018,5,Bot,40,2,1,0,1,LAD,COL,592518,608566,,,,547172,435622,518934,571448,596115,S,,swinging_strike,Swinging Strike,4,0,4,0,-0.054,0.0,R,Slider,86.0,R,R
570335,2018-10-01,2018,5,Bot,40,1,0,0,1,LAD,COL,592518,608566,,,,547172,435622,518934,571448,596115,B,,ball,Ball,4,0,4,0,0.043,0.0,R,4-Seam Fastball,96.9,R,R
570335,2018-10-01,2018,5,Bot,39,7,3,2,1,LAD,COL,571970,608566,,592626,,547172,435622,518934,571448,596115,X,home_run,hit_into_play,Max Muncy homers (35) on a fly ball to left center field.   Joc Pederson scores.,2,0,2,0,1.272,0.099,R,4-Seam Fastball,99.0,L,R
570335,2018-10-01,2018,5,Bot,39,6,2,2,1,LAD,COL,571970,608566,,592626,,547172,435622,518934,571448,596115,B,,blocked_ball,Ball In Dirt,2,0,2,0,0.071,0.0,R,Knuckle Curve,82.9,L,R
570335,2018-10-01,2018,5,Bot,39,5,2,2,1,LAD,COL,571970,608566,,592626,,547172,435622,518934,571448,596115,S,,foul,Foul,2,0,2,0,0.0,0.0,R,4-Seam Fastball,98.0,L,R
570335,2018-10-01,2018,5,Bot,39,4,2,1,1,LAD,COL,571970,608566,,592626,,547172,435622,518934,571448,596115,S,,foul,Foul,2,0,2,0,-0.076,0.0,R,4-Seam Fastball,96.9,L,R
570335,2018-10-01,2018,5,Bot,39,3,1,1,1,LAD,COL,571970,608566,,592626,,547172,435622,518934,571448,596115,B,,ball,Ball,2,0,2,0,0.039,0.0,R,Changeup,87.1,L,R
570335,2018-10-01,2018,5,Bot,39,2,0,1,1,LAD,COL,571970,608566,,592626,,547172,435622,518934,571448,596115,B,,ball,Ball,2,0,2,0,0.028,0.0,R,4-Seam Fastball,97.5,L,R
570335,2018-10-01,2018,5,Bot,39,1,0,0,1,LAD,COL,571970,608566,,592626,,547172,435622,518934,571448,596115,S,,called_strike,Called Strike,2,0,2,0,-0.042,0.0,R,Knuckle Curve,83.7,L,R
570335,2018-10-01,2018,5,Bot,38,5,0,2,0,LAD,COL,457759,608566,,592626,,547172,435622,518934,571448,596115,S,strikeout,swinging_strike_blocked,"Justin Turner strikes out swinging, catcher Tony Wolters to first baseman Ian Desmond.",2,0,2,0,-0.202,-0.026,R,Knuckle Curve,86.6,R,R
570335,2018-10-01,2018,5,Bot,38,4,0,2,0,LAD,COL,457759,608566,,592626,,547172,435622,518934,571448,596115,S,,foul,Foul,2,0,2,0,0.0,0.0,R,4-Seam Fastball,97.5,R,R
570335,2018-10-01,2018,5,Bot,38,3,0,2,0,LAD,COL,457759,608566,,592626,,547172,435622,518934,571448,596115,S,,foul,Foul,2,0,2,0,0.0,0.0,R,4-Seam Fastball,97.4,R,R
570335,2018-10-01,2018,5,Bot,38,2,0,1,0,LAD,COL,457759,608566,,592626,,547172,435622,518934,571448,596115,S,,foul,Foul,2,0,2,0,-0.081,0.0,R,4-Seam Fastball,93.9,R,R
570335,2018-10-01,2018,5,Bot,38,1,0,0,0,LAD,COL,457759,608566,,592626,,547172,435622,518934,571448,596115,S,,called_strike,Called Strike,2,0,2,0,-0.035,0.0,R,Sinker,95.5,R,R
570335,2018-10-01,2018,5,Bot,37,2,0,1,0,LAD,COL,592626,608566,,,,547172,435622,518934,571448,596115,X,double,hit_into_play,Joc Pederson doubles (27) on a fly ball to center fielder Charlie Blackmon.,2,0,2,0,0.743,0.039,R,Knuckle Curve,79.5,L,R
570335,2018-10-01,2018,5,Bot,37,1,0,0,0,LAD,COL,592626,608566,,,,547172,435622,518934,571448,596115,S,,foul,Foul,2,0,2,0,-0.04,0.0,R,Slider,84.3,L,R
570335,2018-10-01,2018,5,Top,36,3,0,2,2,LAD,COL,547172,621111,,,,518735,571970,571771,457759,592518,X,field_out,hit_into_play,Tony Wolters grounds out to first baseman Max Muncy.,2,0,0,2,-0.153,0.012,R,4-Seam Fastball,96.1,L,R
570335,2018-10-01,2018,5,Top,36,2,0,1,2,LAD,COL,547172,621111,,,,518735,571970,571771,457759,592518,S,,foul,Foul,2,0,0,2,-0.065,0.0,R,4-Seam Fastball,96.7,L,R
570335,2018-10-01,2018,5,Top,36,1,0,0,2,LAD,COL,547172,621111,,,,518735,571970,571771,457759,592518,S,,called_strike,Called Strike,2,0,0,2,-0.041,0.0,R,Slider,82.8,L,R
570335,2018-10-01,2018,5,Top,35,5,2,2,1,LAD,COL,435622,621111,,,,518735,571970,571771,457759,592518,S,strikeout,swinging_strike,Ian Desmond strikes out swinging.,2,0,0,2,-0.234,0.019,R,Slider,83.2,R,R
570335,2018-10-01,2018,5,Top,35,4,1,2,1,LAD,COL,435622,621111,,,,518735,571970,571771,457759,592518,B,,ball,Ball,2,0,0,2,0.048,0.0,R,4-Seam Fastball,98.3,R,R
570335,2018-10-01,2018,5,Top,35,3,1,1,1,LAD,COL,435622,621111,,,,518735,571970,571771,457759,592518,S,,swinging_strike,Swinging Strike,2,0,0,2,-0.067,0.0,R,Slider,82.6,R,R
570335,2018-10-01,2018,5,Top,35,2,0,1,1,LAD,COL,435622,621111,,,,518735,571970,571771,457759,592518,B,,ball,Ball,2,0,0,2,0.031,0.0,R,Sinker,96.3,R,R
570335,2018-10-01,2018,5,Top,35,1,0,0,1,LAD,COL,435622,621111,,,,518735,571970,571771,457759,592518,S,,foul,Foul,2,0,0,2,-0.042,0.0,R,Sinker,95.0,R,R
570335,2018-10-01,2018,5,Top,34,2,1,0,0,LAD,COL,471865,621111,,,,518735,571970,571771,457759,592518,X,field_out,hit_into_play,Carlos Gonzalez flies out to center fielder Cody Bellinger.,2,0,0,2,-0.298,0.028,R,4-Seam Fastball,95.0,L,R
570335,2018-10-01,2018,5,Top,34,1,0,0,0,LAD,COL,471865,621111,,,,518735,571970,571771,457759,592518,B,,ball,Ball,2,0,0,2,0.04,0.0,R,Sinker,93.9,L,R
570335,2018-10-01,2018,4,Bot,33,5,2,2,2,LAD,COL,621111,608566,571771,624577,,547172,435622,518934,571448,596115,S,strikeout,swinging_strike,Walker Buehler strikes out swinging.,2,0,2,0,-0.238,-0.028,R,Knuckle Curve,83.3,R,R
570335,2018-10-01,2018,4,Bot,33,4,2,1,2,LAD,COL,621111,608566,571771,624577,,547172,435622,518934,571448,596115,S,,swinging_strike,Swinging Strike,2,0,2,0,-0.083,0.0,R,4-Seam Fastball,95.7,R,R
570335,2018-10-01,2018,4,Bot,33,3,1,1,2,LAD,COL,621111,608566,571771,624577,,547172,435622,518934,571448,596115,B,,ball,Ball,2,0,2,0,0.053,0.0,R,4-Seam Fastball,96.4,R,R
570335,2018-10-01,2018,4,Bot,33,2,0,1,2,LAD,COL,621111,608566,571771,624577,,547172,435622,518934,571448,596115,B,,ball,Ball,2,0,2,0,0.026,0.0,R,4-Seam Fastball,96.9,R,R
570335,2018-10-01,2018,4,Bot,33,1,0,0,2,LAD,COL,621111,608566,571771,624577,,547172,435622,518934,571448,596115,S,,swinging_strike,Swinging Strike,2,0,2,0,-0.038,0.0,R,Slider,85.8,R,R
570335,2018-10-01,2018,4,Bot,31,3,1,1,2,LAD,COL,624577,608566,,,,547172,435622,518934,571448,596115,X,double,hit_into_play,"Yasiel Puig doubles (21) on a sharp line drive to center fielder Charlie Blackmon, deflected by left fielder David Dahl.",2,0,2,0,0.598,0.016,R,4-Seam Fastball,98.4,R,R
570335,2018-10-01,2018,4,Bot,31,2,0,1,2,LAD,COL,624577,608566,,,,547172,435622,518934,571448,596115,B,,ball,Ball,2,0,2,0,0.03,0.0,R,Slider,88.3,R,R
570335,2018-10-01,2018,4,Bot,31,1,0,0,2,LAD,COL,624577,608566,,,,547172,435622,518934,571448,596115,S,,swinging_strike,Swinging Strike,2,0,2,0,-0.041,0.0,R,Slider,88.6,R,R
570335,2018-10-01,2018,4,Bot,30,2,1,0,2,LAD,COL,641355,608566,571970,,,547172,435622,518934,571448,596115,X,home_run,hit_into_play,Cody Bellinger homers (25) on a fly ball to right center field.    Max Muncy scores.,0,0,0,0,2.192,0.24,R,Sinker,95.0,L,R
570335,2018-10-01,2018,4,Bot,30,1,0,0,2,LAD,COL,641355,608566,571970,,,547172,435622,518934,571448,596115,B,,ball,Ball,0,0,0,0,0.039,0.0,R,Knuckle Curve,81.1,L,R
570335,2018-10-01,2018,4,Bot,29,4,1,2,1,LAD,COL,518735,608566,571970,,,547172,435622,518934,571448,596115,S,strikeout,swinging_strike_blocked,Yasmani Grandal strikes out swinging.,0,0,0,0,-0.183,-0.034,R,Knuckle Curve,84.9,L,R
570335,2018-10-01,2018,4,Bot,29,3,1,1,1,LAD,COL,518735,608566,571970,,,547172,435622,518934,571448,596115,S,,called_strike,Called Strike,0,0,0,0,-0.063,0.0,R,Changeup,84.5,L,R
570335,2018-10-01,2018,4,Bot,29,2,1,0,1,LAD,COL,518735,608566,571970,,,547172,435622,518934,571448,596115,S,,swinging_strike,Swinging Strike,0,0,0,0,-0.048,0.0,R,Sinker,93.7,L,R
570335,2018-10-01,2018,4,Bot,29,1,0,0,1,LAD,COL,518735,608566,571970,,,547172,435622,518934,571448,596115,B,,ball,Ball,0,0,0,0,0.032,0.0,R,4-Seam Fastball,94.1,L,R
570335,2018-10-01,2018,4,Bot,28,7,2,2,0,LAD,COL,592518,608566,571970,,,547172,435622,518934,571448,596115,S,strikeout,swinging_strike,Manny Machado strikes out swinging.,0,0,0,0,-0.226,-0.04,R,4-Seam Fastball,98.9,R,R
570335,2018-10-01,2018,4,Bot,28,6,2,2,0,LAD,COL,592518,608566,571970,,,547172,435622,518934,571448,596115,S,,foul,Foul,0,0,0,0,0.0,0.0,R,Sinker,96.4,R,R
570335,2018-10-01,2018,4,Bot,28,5,1,2,0,LAD,COL,592518,608566,571970,,,547172,435622,518934,571448,596115,B,,ball,Ball,0,0,0,0,0.041,0.0,R,4-Seam Fastball,98.6,R,R
570335,2018-10-01,2018,4,Bot,28,4,1,2,0,LAD,COL,592518,608566,571970,,,547172,435622,518934,571448,596115,S,,foul,Foul,0,0,0,0,0.0,0.0,R,Slider,86.4,R,R
570335,2018-10-01,2018,4,Bot,28,3,0,2,0,LAD,COL,592518,608566,571970,,,547172,435622,518934,571448,596115,B,,blocked_ball,Ball In Dirt,0,0,0,0,0.019,0.0,R,Knuckle Curve,85.6,R,R
570335,2018-10-01,2018,4,Bot,28,2,0,1,0,LAD,COL,592518,608566,571970,,,547172,435622,518934,571448,596115,S,,swinging_strike,Swinging Strike,0,0,0,0,-0.041,0.0,R,Sinker,95.5,R,R
570335,2018-10-01,2018,4,Bot,28,1,0,0,0,LAD,COL,592518,608566,571970,,,547172,435622,518934,571448,596115,S,,swinging_strike,Swinging Strike,0,0,0,0,-0.037,0.0,R,4-Seam Fastball,98.1,R,R
570335,2018-10-01,2018,4,Bot,27,5,2,2,0,LAD,COL,571970,608566,,,,547172,435622,518934,571448,596115,S,strikeout,swinging_strike,Max Muncy strikes out swinging.   Max Muncy to 1st.  Passed ball by catcher Tony Wolters.,0,0,0,0,0.496,0.043,R,4-Seam Fastball,97.7,L,R
570335,2018-10-01,2018,4,Bot,27,4,2,1,0,LAD,COL,571970,608566,,,,547172,435622,518934,571448,596115,S,,called_strike,Called Strike,0,0,0,0,-0.071,0.0,R,Knuckle Curve,82.3,L,R
570335,2018-10-01,2018,4,Bot,27,3,2,0,0,LAD,COL,571970,608566,,,,547172,435622,518934,571448,596115,S,,swinging_strike,Swinging Strike,0,0,0,0,-0.064,0.0,R,Changeup,85.2,L,R
570335,2018-10-01,2018,4,Bot,27,2,1,0,0,LAD,COL,571970,608566,,,,547172,435622,518934,571448,596115,B,,ball,Ball,0,0,0,0,0.072,0.0,R,Sinker,95.7,L,R
570335,2018-10-01,2018,4,Bot,27,1,0,0,0,LAD,COL,571970,608566,,,,547172,435622,518934,571448,596115,B,,ball,Ball,0,0,0,0,0.04,0.0,R,Sinker,95.7,L,R
570335,2018-10-01,2018,4,Top,26,1,0,0,2,LAD,COL,471865,621111,621311,,,518735,571970,571771,457759,592518,B,truncated_pa,ball,"David Dahl caught stealing 2nd base, catcher Yasmani Grandal to shortstop Manny Machado.",0,0,0,0,-0.264,0.028,R,4-Seam Fastball,96.9,L,R
570335,2018-10-01,2018,4,Top,25,2,0,1,1,LAD,COL,596115,621111,621311,,,518735,571970,571771,457759,592518,X,field_out,hit_into_play,Trevor Story flies out to left fielder Joc Pederson.,0,0,0,0,-0.222,0.034,R,Slider,84.5,R,R
570335,2018-10-01,2018,4,Top,25,1,0,0,1,LAD,COL,596115,621111,621311,,,518735,571970,571771,457759,592518,S,,called_strike,Called Strike,0,0,0,0,-0.04,0.0,R,4-Seam Fastball,96.8,R,R
570335,2018-10-01,2018,4,Top,24,4,2,1,0,LAD,COL,571448,621111,621311,,,518735,571970,571771,457759,592518,X,field_out,hit_into_play,Nolan Arenado pops out to shortstop Manny Machado.,0,0,0,0,-0.291,0.041,R,Slider,83.4,R,R
570335,2018-10-01,2018,4,Top,24,3,2,0,0,LAD,COL,571448,621111,621311,,,518735,571970,571771,457759,592518,S,,swinging_strike,Swinging Strike,0,0,0,0,-0.067,0.0,R,Sinker,97.3,R,R
570335,2018-10-01,2018,4,Top,24,2,1,0,0,LAD,COL,571448,621111,621311,,,518735,571970,571771,457759,592518,B,,ball,Ball,0,0,0,0,0.071,0.0,R,4-Seam Fastball,97.2,R,R
570335,2018-10-01,2018,4,Top,24,1,0,0,0,LAD,COL,571448,621111,621311,,,518735,571970,571771,457759,592518,B,,ball,Ball,0,0,0,0,0.039,0.0,R,Sinker,97.7,R,R
570335,2018-10-01,2018,4,Top,23,10,3,2,0,LAD,COL,621311,621111,,,,518735,571970,571771,457759,592518,B,walk,ball,David Dahl walks.,0,0,0,0,0.357,-0.044,R,Changeup,91.5,L,R
570335,2018-10-01,2018,4,Top,23,9,3,2,0,LAD,COL,621311,621111,,,,518735,571970,571771,457759,592518,S,,foul,Foul,0,0,0,0,0.0,0.0,R,Knuckle Curve,80.7,L,R
570335,2018-10-01,2018,4,Top,23,8,3,2,0,LAD,COL,621311,621111,,,,518735,571970,571771,457759,592518,S,,foul,Foul,0,0,0,0,0.0,0.0,R,4-Seam Fastball,97.8,L,R
570335,2018-10-01,2018,4,Top,23,7,3,2,0,LAD,COL,621311,621111,,,,518735,571970,571771,457759,592518,S,,foul,Foul,0,0,0,0,0.0,0.0,R,Changeup,91.6,L,R
570335,2018-10-01,2018,4,Top,23,6,3,2,0,LAD,COL,621311,621111,,,,518735,571970,571771,457759,592518,S,,foul,Foul,0,0,0,0,0.0,0.0,R,4-Seam Fastball,97.0,L,R
570335,2018-10-01,2018,4,Top,23,5,3,1,0,LAD,COL,621311,621111,,,,518735,571970,571771,457759,592518,S,,foul,Foul,0,0,0,0,-0.09,0.0,R,Sinker,94.9,L,R
570335,2018-10-01,2018,4,Top,23,4,3,0,0,LAD,COL,621311,621111,,,,518735,571970,571771,457759,592518,S,,called_strike,Called Strike,0,0,0,0,-0.082,0.0,R,4-Seam Fastball,95.0,L,R
570335,2018-10-01,2018,4,Top,23,3,2,0,0,LAD,COL,621311,621111,,,,518735,571970,571771,457759,592518,B,,ball,Ball,0,0,0,0,0.141,0.0,R,4-Seam Fastball,95.4,L,R
570335,2018-10-01,2018,4,Top,23,2,1,0,0,LAD,COL,621311,621111,,,,518735,571970,571771,457759,592518,B,,ball,Ball,0,0,0,0,0.072,0.0,R,Knuckle Curve,78.5,L,R
570335,2018-10-01,2018,4,Top,23,1,0,0,0,LAD,COL,621311,621111,,,,518735,571970,571771,457759,592518,B,,ball,Ball,0,0,0,0,0.04,0.0,R,Knuckle Curve,78.5,L,R
570335,2018-10-01,2018,3,Bot,22,7,2,2,2,LAD,COL,457759,608566,621111,,,547172,435622,518934,571448,596115,S,strikeout,swinging_strike_blocked,"Justin Turner strikes out swinging, catcher Tony Wolters to first baseman Ian Desmond.",0,0,0,0,-0.224,-0.026,R,Knuckle Curve,86.5,R,R
570335,2018-10-01,2018,3,Bot,22,6,1,2,2,LAD,COL,457759,608566,621111,,,547172,435622,518934,571448,596115,B,,ball,Ball,0,0,0,0,0.033,0.0,R,4-Seam Fastball,98.7,R,R
570335,2018-10-01,2018,3,Bot,22,5,1,2,2,LAD,COL,457759,608566,621111,,,547172,435622,518934,571448,596115,S,,foul,Foul,0,0,0,0,0.0,0.0,R,Knuckle Curve,85.4,R,R
570335,2018-10-01,2018,3,Bot,22,4,1,2,2,LAD,COL,457759,608566,621111,,,547172,435622,518934,571448,596115,S,,foul,Foul,0,0,0,0,0.0,0.0,R,Knuckle Curve,85.7,R,R
570335,2018-10-01,2018,3,Bot,22,3,1,1,2,LAD,COL,457759,608566,621111,,,547172,435622,518934,571448,596115,S,,foul,Foul,0,0,0,0,-0.061,0.0,R,Sinker,96.3,R,R
570335,2018-10-01,2018,3,Bot,22,2,1,0,2,LAD,COL,457759,608566,621111,,,547172,435622,518934,571448,596115,S,,foul,Foul,0,0,0,0,-0.051,0.0,R,Slider,87.3,R,R
570335,2018-10-01,2018,3,Bot,22,1,0,0,2,LAD,COL,457759,608566,621111,,,547172,435622,518934,571448,596115,B,,ball,Ball,0,0,0,0,0.039,0.0,R,4-Seam Fastball,96.3,R,R
570335,2018-10-01,2018,3,Bot,21,3,1,1,1,LAD,COL,592626,608566,621111,,,547172,435622,518934,571448,596115,X,field_out,hit_into_play,Joc Pederson flies out to center fielder Charlie Blackmon.,0,0,0,0,-0.246,-0.031,R,Slider,85.2,L,R
570335,2018-10-01,2018,3,Bot,21,2,0,1,1,LAD,COL,592626,608566,621111,,,547172,435622,518934,571448,596115,B,,blocked_ball,Ball In Dirt,0,0,0,0,0.024,0.0,R,Changeup,87.5,L,R
570335,2018-10-01,2018,3,Bot,21,1,0,0,1,LAD,COL,592626,608566,621111,,,547172,435622,518934,571448,596115,S,,foul,Foul,0,0,0,0,-0.04,0.0,R,4-Seam Fastball,96.3,L,R
570335,2018-10-01,2018,3,Bot,20,6,3,2,1,LAD,COL,621111,608566,,,,547172,435622,518934,571448,596115,B,walk,ball,Walker Buehler walks.,0,0,0,0,0.338,0.028,R,4-Seam Fastball,97.5,R,R
570335,2018-10-01,2018,3,Bot,20,5,2,2,1,LAD,COL,621111,608566,,,,547172,435622,518934,571448,596115,B,,ball,Ball,0,0,0,0,0.102,0.0,R,Knuckle Curve,86.5,R,R
570335,2018-10-01,2018,3,Bot,20,4,1,2,1,LAD,COL,621111,608566,,,,547172,435622,518934,571448,596115,B,,ball,Ball,0,0,0,0,0.048,0.0,R,Knuckle Curve,85.6,R,R
570335,2018-10-01,2018,3,Bot,20,3,0,2,1,LAD,COL,621111,608566,,,,547172,435622,518934,571448,596115,B,,ball,Ball,0,0,0,0,0.022,0.0,R,4-Seam Fastball,97.6,R,R
570335,2018-10-01,2018,3,Bot,20,2,0,1,1,LAD,COL,621111,608566,,,,547172,435622,518934,571448,596115,S,,called_strike,Called Strike,0,0,0,0,-0.058,0.0,R,Slider,83.8,R,R
570335,2018-10-01,2018,3,Bot,20,1,0,0,1,LAD,COL,621111,608566,,,,547172,435622,518934,571448,596115,S,,called_strike,Called Strike,0,0,0,0,-0.042,0.0,R,4-Seam Fastball,96.3,R,R
570335,2018-10-01,2018,3,Bot,19,1,0,0,0,LAD,COL,571771,608566,,,,547172,435622,518934,571448,596115,X,field_out,hit_into_play,"Enrique Hernandez grounds out sharply, shortstop Trevor Story to first baseman Ian Desmond.",0,0,0,0,-0.258,-0.025,R,4-Seam Fastball,96.8,R,R
570335,2018-10-01,2018,3,Top,18,4,0,2,2,LAD,COL,518934,621111,453568,547172,,518735,571970,571771,457759,592518,X,field_out,hit_into_play,"DJ LeMahieu grounds out, shortstop Manny Machado to first baseman Max Muncy.",0,0,0,0,-0.171,0.048,R,Slider,85.3,R,R
570335,2018-10-01,2018,3,Top,18,3,0,2,2,LAD,COL,518934,621111,453568,547172,,518735,571970,571771,457759,592518,S,,foul,Foul,0,0,0,0,0.0,0.0,R,4-Seam Fastball,99.0,R,R
570335,2018-10-01,2018,3,Top,18,2,0,1,2,LAD,COL,518934,621111,453568,547172,,518735,571970,571771,457759,592518,S,,swinging_strike,Swinging Strike,0,0,0,0,-0.072,0.0,R,Slider,85.6,R,R
570335,2018-10-01,2018,3,Top,18,1,0,0,2,LAD,COL,518934,621111,453568,547172,,518735,571970,571771,457759,592518,S,,swinging_strike,Swinging Strike,0,0,0,0,-0.038,0.0,R,4-Seam Fastball,98.2,R,R
570335,2018-10-01,2018,3,Top,17,6,3,2,2,LAD,COL,453568,621111,,547172,,518735,571970,571771,457759,592518,B,walk,ball,Charlie Blackmon walks.,0,0,0,0,0.123,-0.011,R,4-Seam Fastball,99.0,L,R
570335,2018-10-01,2018,3,Top,17,5,2,2,2,LAD,COL,453568,621111,,547172,,518735,571970,571771,457759,592518,B,,ball,Ball,0,0,0,0,0.05,0.0,R,Sinker,99.4,L,R
570335,2018-10-01,2018,3,Top,17,4,1,2,2,LAD,COL,453568,621111,,547172,,518735,571970,571771,457759,592518,B,,ball,Ball,0,0,0,0,0.034,0.0,R,4-Seam Fastball,97.7,L,R
570335,2018-10-01,2018,3,Top,17,3,0,2,2,LAD,COL,453568,621111,,547172,,518735,571970,571771,457759,592518,B,,ball,Ball,0,0,0,0,0.021,0.0,R,4-Seam Fastball,98.5,L,R
570335,2018-10-01,2018,3,Top,17,2,0,1,2,LAD,COL,453568,621111,,547172,,518735,571970,571771,457759,592518,S,,swinging_strike,Swinging Strike,0,0,0,0,-0.065,0.0,R,4-Seam Fastball,98.3,L,R
570335,2018-10-01,2018,3,Top,17,1,0,0,2,LAD,COL,453568,621111,,547172,,518735,571970,571771,457759,592518,S,,called_strike,Called Strike,0,0,0,0,-0.041,0.0,R,Knuckle Curve,81.9,L,R
570335,2018-10-01,2018,3,Top,16,2,0,1,1,LAD,COL,608566,621111,547172,,,518735,571970,571771,457759,592518,X,sac_bunt,hit_into_play,"German Marquez out on a sacrifice bunt, pitcher Walker Buehler to second baseman Enrique Hernandez.   Tony Wolters to 2nd.",0,0,0,0,-0.106,0.02,R,4-Seam Fastball,97.7,R,R
570335,2018-10-01,2018,3,Top,16,1,0,0,1,LAD,COL,608566,621111,547172,,,518735,571970,571771,457759,592518,S,,foul_bunt,Foul Bunt,0,0,0,0,-0.04,0.0,R,4-Seam Fastball,97.5,R,R
570335,2018-10-01,2018,3,Top,15,5,2,2,0,LAD,COL,547172,621111,435622,,,518735,571970,571771,457759,592518,X,force_out,hit_into_play,"Tony Wolters grounds into a force out, shortstop Manny Machado to second baseman Enrique Hernandez.   Ian Desmond out at 2nd.    Tony Wolters to 1st.",0,0,0,0,-0.323,0.037,R,Sinker,98.4,L,R
570335,2018-10-01,2018,3,Top,15,4,2,1,0,LAD,COL,547172,621111,435622,,,518735,571970,571771,457759,592518,S,,foul,Foul,0,0,0,0,-0.061,0.0,R,Sinker,96.8,L,R
570335,2018-10-01,2018,3,Top,15,3,2,0,0,LAD,COL,547172,621111,435622,,,518735,571970,571771,457759,592518,S,,called_strike,Called Strike,0,0,0,0,-0.067,0.0,R,4-Seam Fastball,97.1,L,R
570335,2018-10-01,2018,3,Top,15,2,1,0,0,LAD,COL,547172,621111,435622,,,518735,571970,571771,457759,592518,B,,ball,Ball,0,0,0,0,0.071,0.0,R,Sinker,97.3,L,R
570335,2018-10-01,2018,3,Top,15,1,0,0,0,LAD,COL,547172,621111,435622,,,518735,571970,571771,457759,592518,B,,ball,Ball,0,0,0,0,0.039,0.0,R,4-Seam Fastball,95.8,L,R
570335,2018-10-01,2018,3,Top,14,2,0,1,0,LAD,COL,435622,621111,,,,518735,571970,571771,457759,592518,B,hit_by_pitch,hit_by_pitch,Ian Desmond hit by pitch.,0,0,0,0,0.477,-0.04,R,Sinker,96.4,R,R
570335,2018-10-01,2018,3,Top,14,1,0,0,0,LAD,COL,435622,621111,,,,518735,571970,571771,457759,592518,S,,called_strike,Called Strike,0,0,0,0,-0.04,0.0,R,4-Seam Fastball,95.7,R,R
570335,2018-10-01,2018,2,Bot,13,4,1,2,2,LAD,COL,624577,608566,,,592518,547172,435622,518934,571448,596115,S,strikeout,swinging_strike,Yasiel Puig strikes out swinging.,0,0,0,0,-0.186,-0.039,R,Slider,87.5,R,R
570335,2018-10-01,2018,2,Bot,13,3,1,1,2,LAD,COL,624577,608566,,,592518,547172,435622,518934,571448,596115,S,,swinging_strike_blocked,Swinging Strike (Blocked),0,0,0,0,-0.076,0.0,R,Slider,88.8,R,R
570335,2018-10-01,2018,2,Bot,13,2,0,1,2,LAD,COL,624577,608566,,,592518,547172,435622,518934,571448,596115,B,,ball,Ball,0,0,0,0,0.015,0.0,R,Sinker,96.2,R,R
570335,2018-10-01,2018,2,Bot,13,1,0,0,2,LAD,COL,624577,608566,,,592518,547172,435622,518934,571448,596115,S,,called_strike,Called Strike,0,0,0,0,-0.032,0.0,R,Sinker,96.1,R,R
570335,2018-10-01,2018,2,Bot,12,3,0,2,1,LAD,COL,641355,608566,,592518,,547172,435622,518934,571448,596115,X,field_out,hit_into_play,"Dodgers challenged (play at 1st), call on the field was upheld: Cody Bellinger grounds out sharply, first baseman Ian Desmond to pitcher German Marquez.   Manny Machado to 3rd.",0,0,0,0,-0.168,-0.032,R,Knuckle Curve,84.8,L,R
570335,2018-10-01,2018,2,Bot,12,2,0,1,1,LAD,COL,641355,608566,,592518,,547172,435622,518934,571448,596115,S,,swinging_strike_blocked,Swinging Strike (Blocked),0,0,0,0,-0.054,0.0,R,Knuckle Curve,83.5,L,R
570335,2018-10-01,2018,2,Bot,12,1,0,0,1,LAD,COL,641355,608566,,592518,,547172,435622,518934,571448,596115,S,,foul,Foul,0,0,0,0,-0.042,0.0,R,4-Seam Fastball,97.7,L,R
570335,2018-10-01,2018,2,Bot,11,2,0,1,0,LAD,COL,518735,608566,592518,,,547172,435622,518934,571448,596115,X,field_out,hit_into_play,Yasmani Grandal flies out to left fielder David Dahl in foul territory.   Manny Machado to 2nd.,0,0,0,0,-0.212,-0.017,R,Sinker,96.3,L,R
570335,2018-10-01,2018,2,Bot,11,1,0,0,0,LAD,COL,518735,608566,592518,,,547172,435622,518934,571448,596115,S,,called_strike,Called Strike,0,0,0,0,-0.037,0.0,R,4-Seam Fastball,97.5,L,R
570335,2018-10-01,2018,2,Bot,10,2,1,0,0,LAD,COL,592518,608566,,,,547172,435622,518934,571448,596115,X,single,hit_into_play,Manny Machado singles on a line drive to center fielder Charlie Blackmon.,0,0,0,0,0.395,0.038,R,Slider,86.9,R,R
570335,2018-10-01,2018,2,Bot,10,1,0,0,0,LAD,COL,592518,608566,,,,547172,435622,518934,571448,596115,B,,ball,Ball,0,0,0,0,0.04,0.0,R,Slider,85.9,R,R
570335,2018-10-01,2018,2,Top,9,6,2,2,2,LAD,COL,471865,621111,,,,518735,571970,571771,457759,592518,S,strikeout,swinging_strike,Carlos Gonzalez strikes out swinging.,0,0,0,0,-0.221,0.01,R,4-Seam Fastball,97.9,L,R
570335,2018-10-01,2018,2,Top,9,5,1,2,2,LAD,COL,471865,621111,,,,518735,571970,571771,457759,592518,B,,ball,Ball,0,0,0,0,0.047,0.0,R,Knuckle Curve,83.3,L,R
570335,2018-10-01,2018,2,Top,9,4,1,2,2,LAD,COL,471865,621111,,,,518735,571970,571771,457759,592518,S,,foul,Foul,0,0,0,0,0.0,0.0,R,4-Seam Fastball,97.5,L,R
570335,2018-10-01,2018,2,Top,9,3,1,1,2,LAD,COL,471865,621111,,,,518735,571970,571771,457759,592518,S,,called_strike,Called Strike,0,0,0,0,-0.074,0.0,R,Cutter,95.7,L,R
570335,2018-10-01,2018,2,Top,9,2,1,0,2,LAD,COL,471865,621111,,,,518735,571970,571771,457759,592518,S,,foul,Foul,0,0,0,0,-0.048,0.0,R,4-Seam Fastball,97.0,L,R
570335,2018-10-01,2018,2,Top,9,1,0,0,2,LAD,COL,471865,621111,,,,518735,571970,571771,457759,592518,B,,ball,Ball,0,0,0,0,0.037,0.0,R,4-Seam Fastball,95.5,L,R
570335,2018-10-01,2018,2,Top,8,1,0,0,1,LAD,COL,596115,621111,,,,518735,571970,571771,457759,592518,X,field_out,hit_into_play,"Trevor Story grounds out softly, pitcher Walker Buehler to first baseman Max Muncy.",0,0,0,0,-0.264,0.017,R,Sinker,97.7,R,R
570335,2018-10-01,2018,2,Top,7,3,1,1,0,LAD,COL,571448,621111,,,,518735,571970,571771,457759,592518,X,field_out,hit_into_play,Nolan Arenado pops out to first baseman Max Muncy in foul territory.,0,0,0,0,-0.249,0.023,R,Slider,85.9,R,R
570335,2018-10-01,2018,2,Top,7,2,0,1,0,LAD,COL,571448,621111,,,,518735,571970,571771,457759,592518,B,,ball,Ball,0,0,0,0,0.031,0.0,R,Sinker,98.6,R,R
570335,2018-10-01,2018,2,Top,7,1,0,0,0,LAD,COL,571448,621111,,,,518735,571970,571771,457759,592518,S,,called_strike,Called Strike,0,0,0,0,-0.04,0.0,R,Slider,88.0,R,R
570335,2018-10-01,2018,1,Bot,6,3,0,2,2,LAD,COL,571970,608566,,,,547172,435622,518934,571448,596115,S,strikeout,swinging_strike,Max Muncy strikes out swinging.,0,0,0,0,-0.153,-0.01,R,Knuckle Curve,86.5,L,R
570335,2018-10-01,2018,1,Bot,6,2,0,1,2,LAD,COL,571970,608566,,,,547172,435622,518934,571448,596115,S,,foul,Foul,0,0,0,0,-0.065,0.0,R,4-Seam Fastball,97.9,L,R
570335,2018-10-01,2018,1,Bot,6,1,0,0,2,LAD,COL,571970,608566,,,,547172,435622,518934,571448,596115,S,,called_strike,Called Strike,0,0,0,0,-0.041,0.0,R,4-Seam Fastball,97.5,L,R
570335,2018-10-01,2018,1,Bot,5,5,2,2,1,LAD,COL,457759,608566,,,,547172,435622,518934,571448,596115,X,field_out,hit_into_play,"Justin Turner grounds out, third baseman Nolan Arenado to first baseman Ian Desmond.",0,0,0,0,-0.234,-0.016,R,Slider,89.5,R,R
570335,2018-10-01,2018,1,Bot,5,4,1,2,1,LAD,COL,457759,608566,,,,547172,435622,518934,571448,596115,B,,ball,Ball,0,0,0,0,0.048,0.0,R,Knuckle Curve,87.2,R,R
570335,2018-10-01,2018,1,Bot,5,3,1,1,1,LAD,COL,457759,608566,,,,547172,435622,518934,571448,596115,S,,foul,Foul,0,0,0,0,-0.067,0.0,R,Sinker,97.8,R,R
570335,2018-10-01,2018,1,Bot,5,2,0,1,1,LAD,COL,457759,608566,,,,547172,435622,518934,571448,596115,B,,ball,Ball,0,0,0,0,0.031,0.0,R,Sinker,95.5,R,R
570335,2018-10-01,2018,1,Bot,5,1,0,0,1,LAD,COL,457759,608566,,,,547172,435622,518934,571448,596115,S,,called_strike,Called Strike,0,0,0,0,-0.042,0.0,R,4-Seam Fastball,98.0,R,R
570335,2018-10-01,2018,1,Bot,4,5,2,2,0,LAD,COL,592626,608566,,,,547172,435622,518934,571448,596115,S,strikeout,swinging_strike,Joc Pederson strikes out swinging.,0,0,0,0,-0.235,-0.021,R,Slider,87.4,L,R
570335,2018-10-01,2018,1,Bot,4,4,1,2,0,LAD,COL,592626,608566,,,,547172,435622,518934,571448,596115,B,,ball,Ball,0,0,0,0,0.048,0.0,R,4-Seam Fastball,98.0,L,R
570335,2018-10-01,2018,1,Bot,4,3,0,2,0,LAD,COL,592626,608566,,,,547172,435622,518934,571448,596115,B,,ball,Ball,0,0,0,0,0.025,0.0,R,Knuckle Curve,85.2,L,R
570335,2018-10-01,2018,1,Bot,4,2,0,1,0,LAD,COL,592626,608566,,,,547172,435622,518934,571448,596115,S,,called_strike,Called Strike,0,0,0,0,-0.057,0.0,R,4-Seam Fastball,97.6,L,R
570335,2018-10-01,2018,1,Bot,4,1,0,0,0,LAD,COL,592626,608566,,,,547172,435622,518934,571448,596115,S,,called_strike,Called Strike,0,0,0,0,-0.04,0.0,R,Sinker,96.7,L,R
570335,2018-10-01,2018,1,Top,3,4,1,2,2,LAD,COL,621311,621111,,,,518735,571970,571771,457759,592518,X,field_out,hit_into_play,"David Dahl grounds out, second baseman Enrique Hernandez to first baseman Max Muncy.",0,0,0,0,-0.174,0.01,R,Knuckle Curve,83.6,L,R
570335,2018-10-01,2018,1,Top,3,3,0,2,2,LAD,COL,621311,621111,,,,518735,571970,571771,457759,592518,B,,ball,Ball,0,0,0,0,0.021,0.0,R,4-Seam Fastball,98.0,L,R
570335,2018-10-01,2018,1,Top,3,2,0,1,2,LAD,COL,621311,621111,,,,518735,571970,571771,457759,592518,S,,swinging_strike,Swinging Strike,0,0,0,0,-0.065,0.0,R,4-Seam Fastball,97.9,L,R
570335,2018-10-01,2018,1,Top,3,1,0,0,2,LAD,COL,621311,621111,,,,518735,571970,571771,457759,592518,S,,swinging_strike,Swinging Strike,0,0,0,0,-0.041,0.0,R,Changeup,92.1,L,R
570335,2018-10-01,2018,1,Top,2,5,2,2,1,LAD,COL,518934,621111,,,,518735,571970,571771,457759,592518,X,field_out,hit_into_play,DJ LeMahieu flies out to left fielder Joc Pederson.,0,0,0,0,-0.234,0.015,R,Slider,86.7,R,R
570335,2018-10-01,2018,1,Top,2,4,2,1,1,LAD,COL,518934,621111,,,,518735,571970,571771,457759,592518,S,,foul,Foul,0,0,0,0,-0.078,0.0,R,4-Seam Fastball,98.2,R,R
570335,2018-10-01,2018,1,Top,2,3,1,1,1,LAD,COL,518934,621111,,,,518735,571970,571771,457759,592518,B,,ball,Ball,0,0,0,0,0.059,0.0,R,Sinker,98.6,R,R
570335,2018-10-01,2018,1,Top,2,2,1,0,1,LAD,COL,518934,621111,,,,518735,571970,571771,457759,592518,S,,called_strike,Called Strike,0,0,0,0,-0.054,0.0,R,4-Seam Fastball,98.9,R,R
570335,2018-10-01,2018,1,Top,2,1,0,0,1,LAD,COL,518934,621111,,,,518735,571970,571771,457759,592518,B,,ball,Ball,0,0,0,0,0.043,0.0,R,Sinker,97.9,R,R
570335,2018-10-01,2018,1,Top,1,4,1,2,0,LAD,COL,453568,621111,,,,518735,571970,571771,457759,592518,X,field_out,hit_into_play,"Charlie Blackmon grounds out, second baseman Enrique Hernandez to first baseman Max Muncy.",0,0,0,0,-0.187,0.022,R,4-Seam Fastball,98.0,L,R
570335,2018-10-01,2018,1,Top,1,3,1,1,0,LAD,COL,453568,621111,,,,518735,571970,571771,457759,592518,S,,foul,Foul,0,0,0,0,-0.063,0.0,R,4-Seam Fastball,97.2,L,R
570335,2018-10-01,2018,1,Top,1,2,1,0,0,LAD,COL,453568,621111,,,,518735,571970,571771,457759,592518,S,,called_strike,Called Strike,0,0,0,0,-0.049,0.0,R,4-Seam Fastball,98.1,L,R
570335,2018-10-01,2018,1,Top,1,1,0,0,0,LAD,COL,453568,621111,,,,518735,571970,571771,457759,592518,B,,ball,Ball,0,0,0,0,0.04,0.0,R,4-Seam Fastball,97.9,L,R
570334,2018-10-01,2018,9,Bot,67,4,1,2,2,CHC,MIL,519203,623352,,595879,,456124,543768,570731,519058,606115,X,field_out,hit_into_play,Anthony Rizzo flies out to right fielder Keon Broxton.,1,3,1,3,-0.202,-0.046,R,Sinker,95.8,L,L
570334,2018-10-01,2018,9,Bot,67,3,1,1,2,CHC,MIL,519203,623352,,595879,,456124,543768,570731,519058,606115,S,,swinging_strike,Swinging Strike,1,3,1,3,-0.072,0.0,R,Sinker,95.9,L,L
570334,2018-10-01,2018,9,Bot,67,2,1,0,2,CHC,MIL,519203,623352,,595879,,456124,543768,570731,519058,606115,S,,foul,Foul,1,3,1,3,-0.036,0.0,R,Sinker,97.3,L,L
570334,2018-10-01,2018,9,Bot,67,1,0,0,2,CHC,MIL,519203,623352,595879,,,456124,543768,570731,519058,606115,B,,ball,Ball,1,3,1,3,0.039,0.002,R,Sinker,97.7,L,L
570334,2018-10-01,2018,9,Bot,66,9,3,2,2,CHC,MIL,595879,623352,,,,456124,543768,570731,519058,606115,X,single,hit_into_play,Javier Baez singles on a line drive to center fielder Lorenzo Cain.,1,3,1,3,0.261,0.03,R,Slider,83.9,R,L
570334,2018-10-01,2018,9,Bot,66,8,3,2,2,CHC,MIL,595879,623352,,,,456124,543768,570731,519058,606115,S,,foul,Foul,1,3,1,3,0.0,0.0,R,Sinker,97.7,R,L
570334,2018-10-01,2018,9,Bot,66,7,3,2,2,CHC,MIL,595879,623352,,,,456124,543768,570731,519058,606115,S,,foul,Foul,1,3,1,3,0.0,0.0,R,Sinker,97.0,R,L
570334,2018-10-01,2018,9,Bot,66,6,3,2,2,CHC,MIL,595879,623352,,,,456124,543768,570731,519058,606115,S,,foul,Foul,1,3,1,3,0.0,0.0,R,Sinker,97.3,R,L
570334,2018-10-01,2018,9,Bot,66,5,3,1,2,CHC,MIL,595879,623352,,,,456124,543768,570731,519058,606115,S,,called_strike,Called Strike,1,3,1,3,-0.085,0.0,R,Sinker,96.4,R,L
570334,2018-10-01,2018,9,Bot,66,4,3,0,2,CHC,MIL,595879,623352,,,,456124,543768,570731,519058,606115,S,,called_strike,Called Strike,1,3,1,3,-0.061,0.0,R,Sinker,96.2,R,L
570334,2018-10-01,2018,9,Bot,66,3,2,0,2,CHC,MIL,595879,623352,,,,456124,543768,570731,519058,606115,B,,ball,Ball,1,3,1,3,0.098,0.0,R,Sinker,95.5,R,L
570334,2018-10-01,2018,9,Bot,66,2,1,0,2,CHC,MIL,595879,623352,,,,456124,543768,570731,519058,606115,B,,ball,Ball,1,3,1,3,0.063,0.0,R,Sinker,96.3,R,L
570334,2018-10-01,2018,9,Bot,66,1,0,0,2,CHC,MIL,595879,623352,,,,456124,543768,570731,519058,606115,B,,ball,Ball,1,3,1,3,0.037,0.0,R,Slider,84.3,R,L
570334,2018-10-01,2018,9,Bot,65,4,2,1,1,CHC,MIL,450314,623352,,,,456124,543768,570731,519058,606115,X,field_out,hit_into_play,Ben Zobrist flies out to right fielder Keon Broxton.,1,3,1,3,-0.312,-0.029,R,Sinker,95.8,R,L
570334,2018-10-01,2018,9,Bot,65,3,1,1,1,CHC,MIL,450314,623352,,,,456124,543768,570731,519058,606115,B,,ball,Ball,1,3,1,3,0.059,0.0,R,Slider,83.0,R,L
570334,2018-10-01,2018,9,Bot,65,2,0,1,1,CHC,MIL,450314,623352,,,,456124,543768,570731,519058,606115,B,,ball,Ball,1,3,1,3,0.031,0.0,R,Sinker,97.8,R,L
570334,2018-10-01,2018,9,Bot,65,1,0,0,1,CHC,MIL,450314,623352,,,,456124,543768,570731,519058,606115,S,,foul,Foul,1,3,1,3,-0.042,0.0,R,Sinker,97.3,R,L
570334,2018-10-01,2018,9,Bot,64,4,0,2,0,CHC,MIL,502517,623352,,,,456124,543768,570731,519058,606115,S,strikeout,swinging_strike,Daniel Murphy strikes out swinging.,1,3,1,3,-0.161,-0.044,R,Sinker,98.0,L,L
570334,2018-10-01,2018,9,Bot,64,3,0,2,0,CHC,MIL,502517,623352,,,,456124,543768,570731,519058,606115,S,,foul,Foul,1,3,1,3,0.0,0.0,R,Sinker,97.9,L,L
570334,2018-10-01,2018,9,Bot,64,2,0,1,0,CHC,MIL,502517,623352,,,,456124,543768,570731,519058,606115,S,,swinging_strike,Swinging Strike,1,3,1,3,-0.057,0.0,R,Slider,84.7,L,L
570334,2018-10-01,2018,9,Bot,64,1,0,0,0,CHC,MIL,502517,623352,,,,456124,543768,570731,519058,606115,S,,called_strike,Called Strike,1,3,1,3,-0.04,0.0,R,Sinker,96.6,L,L
570334,2018-10-01,2018,9,Top,63,3,1,1,2,CHC,MIL,543768,448802,606115,519058,,575929,519203,502517,592178,595879,X,field_out,hit_into_play,"Travis Shaw grounds out softly, catcher Willson Contreras to first baseman Anthony Rizzo.",1,3,3,1,-0.268,0.014,R,Slider,80.0,L,L
570334,2018-10-01,2018,9,Top,63,2,1,0,2,CHC,MIL,543768,448802,606115,519058,,575929,519203,502517,592178,595879,S,,swinging_strike,Swinging Strike,1,3,3,1,-0.044,0.0,R,Sinker,89.2,L,L
570334,2018-10-01,2018,9,Top,63,1,0,0,2,CHC,MIL,543768,448802,606115,519058,,575929,519203,502517,592178,595879,B,,ball,Ball,1,3,3,1,0.032,0.0,R,Sinker,89.2,L,L
570334,2018-10-01,2018,9,Top,62,3,1,1,2,CHC,MIL,606115,448802,519058,,,575929,519203,502517,592178,595879,X,single,hit_into_play,Orlando Arcia singles on a sharp line drive to left fielder Ben Zobrist.   Mike Moustakas to 2nd.,1,3,3,1,0.348,-0.006,R,4-Seam Fastball,89.9,R,L
570334,2018-10-01,2018,9,Top,62,2,1,0,2,CHC,MIL,606115,448802,519058,,,575929,519203,502517,592178,595879,S,,foul,Foul,1,3,3,1,-0.051,0.0,R,4-Seam Fastball,89.3,R,L
570334,2018-10-01,2018,9,Top,62,1,0,0,2,CHC,MIL,606115,448802,519058,,,575929,519203,502517,592178,595879,B,,ball,Ball,1,3,3,1,0.039,0.0,R,Sinker,89.2,R,L
570334,2018-10-01,2018,9,Top,61,4,2,1,1,CHC,MIL,456124,448802,519058,,,575929,519203,502517,592178,595879,X,field_out,hit_into_play,Erik Kratz pops out to first baseman Anthony Rizzo in foul territory.,1,3,3,1,-0.302,0.009,R,4-Seam Fastball,89.1,R,L
570334,2018-10-01,2018,9,Top,61,3,2,0,1,CHC,MIL,456124,448802,519058,,,575929,519203,502517,592178,595879,S,,called_strike,Called Strike,1,3,3,1,-0.057,0.0,R,4-Seam Fastball,89.0,R,L
570334,2018-10-01,2018,9,Top,61,2,1,0,1,CHC,MIL,456124,448802,519058,,,575929,519203,502517,592178,595879,B,,ball,Ball,1,3,3,1,0.064,0.0,R,4-Seam Fastball,89.8,R,L
570334,2018-10-01,2018,9,Top,61,1,0,0,1,CHC,MIL,456124,448802,519058,,,575929,519203,502517,592178,595879,B,,ball,Ball,1,3,3,1,0.032,0.0,R,4-Seam Fastball,90.0,R,L
570334,2018-10-01,2018,9,Top,60,2,0,1,1,CHC,MIL,519058,448802,,,,575929,519203,502517,592178,595879,X,single,hit_into_play,Mike Moustakas singles on a sharp ground ball to center fielder Albert Almora.,1,3,3,1,0.448,-0.008,R,Sinker,90.1,L,L
570334,2018-10-01,2018,9,Top,60,1,0,0,1,CHC,MIL,519058,448802,,,,575929,519203,502517,592178,595879,S,,called_strike,Called Strike,1,3,3,1,-0.042,0.0,R,Sinker,90.1,L,L
570334,2018-10-01,2018,9,Top,59,3,1,1,0,CHC,MIL,570731,448802,,,,575929,519203,502517,592178,595879,X,field_out,hit_into_play,"Jonathan Schoop grounds out, third baseman Kris Bryant to first baseman Anthony Rizzo.",1,3,3,1,-0.249,0.007,R,4-Seam Fastball,88.7,R,L
570334,2018-10-01,2018,9,Top,59,2,1,0,0,CHC,MIL,570731,448802,,,,575929,519203,502517,592178,595879,S,,foul_tip,Foul Tip,1,3,3,1,-0.049,0.0,R,Changeup,83.1,R,L
570334,2018-10-01,2018,9,Top,59,1,0,0,0,CHC,MIL,570731,448802,,,,575929,519203,502517,592178,595879,B,,ball,Ball,1,3,3,1,0.04,0.0,R,4-Seam Fastball,89.4,R,L
570334,2018-10-01,2018,8,Bot,58,7,2,2,2,CHC,MIL,575929,623352,,,,456124,543768,570731,519058,606115,S,strikeout,swinging_strike,Willson Contreras strikes out swinging.,1,3,1,3,-0.221,-0.016,R,Sinker,98.8,R,L
570334,2018-10-01,2018,8,Bot,58,6,1,2,2,CHC,MIL,575929,623352,,,,456124,543768,570731,519058,606115,B,,ball,Ball,1,3,1,3,0.047,0.0,R,Slider,83.7,R,L
570334,2018-10-01,2018,8,Bot,58,5,1,2,2,CHC,MIL,575929,623352,,,,456124,543768,570731,519058,606115,S,,foul,Foul,1,3,1,3,0.0,0.0,R,Sinker,99.2,R,L
570334,2018-10-01,2018,8,Bot,58,4,1,2,2,CHC,MIL,575929,623352,,,,456124,543768,570731,519058,606115,S,,foul,Foul,1,3,1,3,0.0,0.0,R,Sinker,98.8,R,L
570334,2018-10-01,2018,8,Bot,58,3,1,1,2,CHC,MIL,575929,623352,,,,456124,543768,570731,519058,606115,S,,foul,Foul,1,3,1,3,-0.074,0.0,R,Sinker,97.6,R,L
570334,2018-10-01,2018,8,Bot,58,2,1,0,2,CHC,MIL,575929,623352,,,,456124,543768,570731,519058,606115,S,,called_strike,Called Strike,1,3,1,3,-0.048,0.0,R,Sinker,96.8,R,L
570334,2018-10-01,2018,8,Bot,58,1,0,0,2,CHC,MIL,575929,623352,,,,456124,543768,570731,519058,606115,B,,ball,Ball,1,3,1,3,0.037,0.0,R,Sinker,97.6,R,L
570334,2018-10-01,2018,8,Bot,57,2,0,1,1,CHC,MIL,546991,623352,,,,456124,543768,570731,519058,606115,X,field_out,hit_into_play,Albert Almora lines out to second baseman Jonathan Schoop.,1,3,1,3,-0.222,-0.028,R,Sinker,98.4,R,L
570334,2018-10-01,2018,8,Bot,57,1,0,0,1,CHC,MIL,546991,623352,,,,456124,543768,570731,519058,606115,S,,called_strike,Called Strike,1,3,1,3,-0.042,0.0,R,Sinker,98.5,R,L
570334,2018-10-01,2018,8,Bot,56,5,1,2,0,CHC,MIL,518792,623352,,,,456124,543768,570731,519058,606115,S,strikeout,called_strike,Jason Heyward called out on strikes.,1,3,1,3,-0.187,-0.041,R,Slider,83.4,L,L
570334,2018-10-01,2018,8,Bot,56,4,1,2,0,CHC,MIL,518792,623352,,,,456124,543768,570731,519058,606115,S,,foul,Foul,1,3,1,3,0.0,0.0,R,Sinker,98.2,L,L
570334,2018-10-01,2018,8,Bot,56,3,1,1,0,CHC,MIL,518792,623352,,,,456124,543768,570731,519058,606115,S,,foul,Foul,1,3,1,3,-0.063,0.0,R,Sinker,97.5,L,L
570334,2018-10-01,2018,8,Bot,56,2,1,0,0,CHC,MIL,518792,623352,,,,456124,543768,570731,519058,606115,S,,called_strike,Called Strike,1,3,1,3,-0.049,0.0,R,Sinker,97.5,L,L
570334,2018-10-01,2018,8,Bot,56,1,0,0,0,CHC,MIL,518792,623352,,,,456124,543768,570731,519058,606115,B,,ball,Ball,1,3,1,3,0.04,0.0,R,Sinker,97.9,L,L
570334,2018-10-01,2018,8,Top,55,8,3,2,2,CHC,MIL,542583,445213,,,456715,575929,519203,502517,592178,595879,X,field_out,hit_into_play,Jesus Aguilar flies out to left fielder Ben Zobrist.,1,3,3,1,-0.316,0.022,R,Slider,87.8,R,R
570334,2018-10-01,2018,8,Top,55,7,3,2,2,CHC,MIL,542583,445213,,,456715,575929,519203,502517,592178,595879,S,,foul,Foul,1,3,3,1,0.0,0.0,R,Sinker,93.9,R,R
570334,2018-10-01,2018,8,Top,55,6,3,2,2,CHC,MIL,542583,445213,,,456715,575929,519203,502517,592178,595879,S,,foul,Foul,1,3,3,1,0.0,0.0,R,Sinker,94.3,R,R
570334,2018-10-01,2018,8,Top,55,5,2,2,2,CHC,MIL,542583,445213,,,456715,575929,519203,502517,592178,595879,B,,ball,Ball,1,3,3,1,0.068,0.0,R,Sinker,93.9,R,R
570334,2018-10-01,2018,8,Top,55,4,1,2,2,CHC,MIL,542583,445213,,,456715,575929,519203,502517,592178,595879,B,,ball,Ball,1,3,3,1,0.047,0.0,R,Sinker,94.0,R,R
570334,2018-10-01,2018,8,Top,55,3,0,2,1,CHC,MIL,542583,445213,460075,,456715,575929,519203,502517,592178,595879,B,,ball,Ball,1,3,3,1,0.035,0.041,R,Changeup,88.4,R,R
570334,2018-10-01,2018,8,Top,55,2,0,1,1,CHC,MIL,542583,445213,460075,,456715,575929,519203,502517,592178,595879,S,,foul,Foul,1,3,3,1,-0.071,0.0,R,Sinker,93.1,R,R
570334,2018-10-01,2018,8,Top,55,1,0,0,1,CHC,MIL,542583,445213,460075,,456715,575929,519203,502517,592178,595879,S,,called_strike,Called Strike,1,3,3,1,-0.057,0.0,R,Sinker,93.4,R,R
570334,2018-10-01,2018,8,Top,54,5,2,2,1,CHC,MIL,460075,445213,456715,,570267,575929,519203,502517,592178,595879,X,single,hit_into_play,Ryan Braun singles on a line drive to center fielder Ian Happ.   Domingo Santana scores.    Lorenzo Cain to 3rd.,1,2,2,1,0.535,-0.088,R,Sinker,94.0,R,R
570334,2018-10-01,2018,8,Top,54,4,2,1,1,CHC,MIL,460075,445213,456715,,570267,575929,519203,502517,592178,595879,S,,swinging_strike,Swinging Strike,1,2,2,1,-0.082,0.0,R,Sinker,93.4,R,R
570334,2018-10-01,2018,8,Top,54,3,1,1,1,CHC,MIL,460075,445213,456715,,570267,575929,519203,502517,592178,595879,B,,ball,Ball,1,2,2,1,0.03,0.0,R,Sinker,93.7,R,R
570334,2018-10-01,2018,8,Top,54,2,1,0,1,CHC,MIL,460075,445213,456715,,570267,575929,519203,502517,592178,595879,S,,called_strike,Called Strike,1,2,2,1,-0.056,0.0,R,Sinker,92.3,R,R
570334,2018-10-01,2018,8,Top,54,1,0,0,1,CHC,MIL,460075,445213,456715,,570267,575929,519203,502517,592178,595879,B,,ball,Ball,1,2,2,1,0.031,0.0,R,Sinker,91.4,R,R
570334,2018-10-01,2018,8,Top,53,6,2,2,0,CHC,MIL,592885,600968,456715,,570267,575929,519203,502517,592178,595879,S,strikeout,swinging_strike,Christian Yelich strikes out swinging.,1,2,2,1,-0.259,0.052,R,Slider,87.3,L,L
570334,2018-10-01,2018,8,Top,53,5,1,2,0,CHC,MIL,592885,600968,456715,,570267,575929,519203,502517,592178,595879,B,,ball,Ball,1,2,2,1,0.048,0.0,R,Slider,87.7,L,L
570334,2018-10-01,2018,8,Top,53,4,0,2,0,CHC,MIL,592885,600968,456715,,570267,575929,519203,502517,592178,595879,B,,ball,Ball,1,2,2,1,0.006,0.0,R,Slider,88.0,L,L
570334,2018-10-01,2018,8,Top,53,3,0,2,0,CHC,MIL,592885,600968,456715,,570267,575929,519203,502517,592178,595879,S,,foul,Foul,1,2,2,1,0.0,0.0,R,Sinker,93.4,L,L
570334,2018-10-01,2018,8,Top,53,2,0,1,0,CHC,MIL,592885,600968,456715,,570267,575929,519203,502517,592178,595879,S,,foul,Foul,1,2,2,1,-0.055,0.0,R,Sinker,93.9,L,L
570334,2018-10-01,2018,8,Top,53,1,0,0,0,CHC,MIL,592885,600968,456715,,570267,575929,519203,502517,592178,595879,S,,foul,Foul,1,2,2,1,-0.055,0.0,R,Sinker,92.7,L,L
570334,2018-10-01,2018,8,Top,52,6,3,2,0,CHC,MIL,456715,518553,,570267,606115,575929,519203,502517,592178,595879,X,single,hit_into_play,Lorenzo Cain singles on a line drive to center fielder Ian Happ.   Orlando Arcia scores.    Domingo Santana to 3rd.,1,1,1,1,0.5,-0.102,R,Sinker,90.9,R,R
570334,2018-10-01,2018,8,Top,52,5,3,1,0,CHC,MIL,456715,518553,,570267,606115,575929,519203,502517,592178,595879,S,,called_strike,Called Strike,1,1,1,1,-0.13,0.0,R,Sinker,90.4,R,R
570334,2018-10-01,2018,8,Top,52,4,2,1,0,CHC,MIL,456715,518553,,570267,606115,575929,519203,502517,592178,595879,B,,ball,Ball,1,1,1,1,0.129,0.0,R,Sinker,89.8,R,R
570334,2018-10-01,2018,8,Top,52,3,2,0,0,CHC,MIL,456715,518553,,570267,606115,575929,519203,502517,592178,595879,S,,foul,Foul,1,1,1,1,-0.052,0.0,R,Sinker,90.0,R,R
570334,2018-10-01,2018,8,Top,52,2,1,0,0,CHC,MIL,456715,518553,,570267,606115,575929,519203,502517,592178,595879,B,,ball,Ball,1,1,1,1,0.045,0.0,R,Sinker,90.9,R,R
570334,2018-10-01,2018,8,Top,52,1,0,0,0,CHC,MIL,456715,518553,,570267,606115,575929,519203,502517,592178,595879,B,,ball,Ball,1,1,1,1,0.027,0.0,R,Sinker,88.9,R,R
570334,2018-10-01,2018,8,Top,51,5,3,1,0,CHC,MIL,570267,458677,606115,,,575929,519203,502517,592178,595879,X,double,hit_into_play,Domingo Santana doubles (14) on a ground ball to left fielder Ben Zobrist.   Orlando Arcia to 3rd.,1,1,1,1,0.563,-0.201,R,4-Seam Fastball,95.2,R,L
570334,2018-10-01,2018,8,Top,51,4,2,1,0,CHC,MIL,570267,458677,606115,,,575929,519203,502517,592178,595879,B,,ball,Ball,1,1,1,1,0.113,0.0,R,4-Seam Fastball,95.1,R,L
570334,2018-10-01,2018,8,Top,51,3,2,0,0,CHC,MIL,570267,458677,606115,,,575929,519203,502517,592178,595879,S,,foul,Foul,1,1,1,1,-0.067,0.0,R,4-Seam Fastball,96.4,R,L
570334,2018-10-01,2018,8,Top,51,2,1,0,0,CHC,MIL,570267,458677,606115,,,575929,519203,502517,592178,595879,B,,blocked_ball,Ball In Dirt,1,1,1,1,0.071,0.0,R,4-Seam Fastball,96.7,R,L
570334,2018-10-01,2018,8,Top,51,1,0,0,0,CHC,MIL,570267,458677,606115,,,575929,519203,502517,592178,595879,B,,ball,Ball,1,1,1,1,0.039,0.0,R,4-Seam Fastball,96.1,R,L
570334,2018-10-01,2018,8,Top,50,3,0,2,0,CHC,MIL,606115,458677,,,,575929,519203,502517,592178,595879,X,single,hit_into_play,Orlando Arcia singles on a ground ball to center fielder Ian Happ.,1,1,1,1,0.532,-0.068,R,Slider,86.4,R,L
570334,2018-10-01,2018,8,Top,50,2,0,1,0,CHC,MIL,606115,458677,,,,575929,519203,502517,592178,595879,S,,swinging_strike,Swinging Strike,1,1,1,1,-0.057,0.0,R,4-Seam Fastball,95.7,R,L
570334,2018-10-01,2018,8,Top,50,1,0,0,0,CHC,MIL,606115,458677,,,,575929,519203,502517,592178,595879,S,,called_strike,Called Strike,1,1,1,1,-0.04,0.0,R,4-Seam Fastball,96.1,R,L
570334,2018-10-01,2018,7,Bot,49,3,1,1,2,CHC,MIL,600303,608349,,,,456124,542583,570731,519058,606115,X,field_out,hit_into_play,"Tommy La Stella grounds out, second baseman Jonathan Schoop to first baseman Jesus Aguilar.",1,1,1,1,-0.247,-0.02,R,Knuckle Curve,83.0,L,R
570334,2018-10-01,2018,7,Bot,49,2,1,0,2,CHC,MIL,600303,608349,,,,456124,542583,570731,519058,606115,S,,swinging_strike,Swinging Strike,1,1,1,1,-0.048,0.0,R,Knuckle Curve,82.2,L,R
570334,2018-10-01,2018,7,Bot,49,1,0,0,2,CHC,MIL,600303,608349,,,,456124,542583,570731,519058,606115,B,,ball,Ball,1,1,1,1,0.037,0.0,R,4-Seam Fastball,97.4,L,R
570334,2018-10-01,2018,7,Bot,48,5,2,2,1,CHC,MIL,592178,608349,,,,456124,542583,570731,519058,606115,S,strikeout,swinging_strike,Kris Bryant strikes out swinging.,1,1,1,1,-0.234,-0.028,R,4-Seam Fastball,97.4,R,R
570334,2018-10-01,2018,7,Bot,48,4,2,1,1,CHC,MIL,592178,608349,,,,456124,542583,570731,519058,606115,S,,foul,Foul,1,1,1,1,-0.078,0.0,R,Knuckle Curve,82.5,R,R
570334,2018-10-01,2018,7,Bot,48,3,1,1,1,CHC,MIL,592178,608349,,,,456124,542583,570731,519058,606115,B,,ball,Ball,1,1,1,1,0.059,0.0,R,Knuckle Curve,82.3,R,R
570334,2018-10-01,2018,7,Bot,48,2,1,0,1,CHC,MIL,592178,608349,,,,456124,542583,570731,519058,606115,S,,foul,Foul,1,1,1,1,-0.054,0.0,R,4-Seam Fastball,96.8,R,R
570334,2018-10-01,2018,7,Bot,48,1,0,0,1,CHC,MIL,592178,608349,,,,456124,542583,570731,519058,606115,B,,ball,Ball,1,1,1,1,0.043,0.0,R,Knuckle Curve,82.5,R,R
570334,2018-10-01,2018,7,Bot,47,2,0,1,0,CHC,MIL,519203,608349,,,,456124,542583,570731,519058,606115,X,field_out,hit_into_play,"Anthony Rizzo grounds out, second baseman Jonathan Schoop to first baseman Jesus Aguilar.",1,1,1,1,-0.218,-0.038,R,Knuckle Curve,82.4,L,R
570334,2018-10-01,2018,7,Bot,47,1,0,0,0,CHC,MIL,519203,608349,,,,456124,542583,570731,519058,606115,S,,called_strike,Called Strike,1,1,1,1,-0.04,0.0,R,Knuckle Curve,82.6,L,R
570334,2018-10-01,2018,7,Top,46,2,0,1,2,CHC,MIL,456124,445926,,,,575929,519203,502517,592178,595879,X,field_out,hit_into_play,"Erik Kratz grounds out, second baseman Daniel Murphy to first baseman Anthony Rizzo.",1,1,1,1,-0.218,0.019,R,Sinker,93.9,R,R
570334,2018-10-01,2018,7,Top,46,1,0,0,2,CHC,MIL,456124,445926,,,,575929,519203,502517,592178,595879,S,,called_strike,Called Strike,1,1,1,1,-0.041,0.0,R,Sinker,94.3,R,R
570334,2018-10-01,2018,7,Top,45,3,1,1,1,CHC,MIL,519058,445926,,,,575929,519203,502517,592178,595879,X,field_out,hit_into_play,"Mike Moustakas grounds out, third baseman Kris Bryant to first baseman Anthony Rizzo.",1,1,1,1,-0.253,0.028,R,Sinker,94.1,L,R
570334,2018-10-01,2018,7,Top,45,2,1,0,1,CHC,MIL,519058,445926,,,,575929,519203,502517,592178,595879,S,,called_strike,Called Strike,1,1,1,1,-0.054,0.0,R,Sinker,93.7,L,R
570334,2018-10-01,2018,7,Top,45,1,0,0,1,CHC,MIL,519058,445926,,,,575929,519203,502517,592178,595879,B,,ball,Ball,1,1,1,1,0.043,0.0,R,Sinker,94.0,L,R
570334,2018-10-01,2018,7,Top,44,1,0,0,0,CHC,MIL,570731,445926,,,,575929,519203,502517,592178,595879,X,field_out,hit_into_play,"Jonathan Schoop grounds out, third baseman Kris Bryant to first baseman Anthony Rizzo.",1,1,1,1,-0.258,0.039,R,Sinker,93.0,R,R
570334,2018-10-01,2018,6,Bot,43,6,3,2,2,CHC,MIL,595879,465657,450314,502517,,456124,542583,570731,519058,606115,S,strikeout,swinging_strike,Javier Baez strikes out swinging.,1,1,1,1,-0.303,-0.065,R,4-Seam Fastball,94.6,R,R
570334,2018-10-01,2018,6,Bot,43,5,3,1,2,CHC,MIL,595879,465657,450314,502517,,456124,542583,570731,519058,606115,S,,foul,Foul,1,1,1,1,-0.101,0.0,R,4-Seam Fastball,93.7,R,R
570334,2018-10-01,2018,6,Bot,43,4,2,1,2,CHC,MIL,595879,465657,450314,502517,,456124,542583,570731,519058,606115,B,,ball,Ball,1,1,1,1,0.084,0.0,R,4-Seam Fastball,93.7,R,R
570334,2018-10-01,2018,6,Bot,43,3,1,1,2,CHC,MIL,595879,465657,450314,502517,,456124,542583,570731,519058,606115,B,,ball,Ball,1,1,1,1,0.053,0.0,R,4-Seam Fastball,93.0,R,R
570334,2018-10-01,2018,6,Bot,43,2,1,0,2,CHC,MIL,595879,465657,450314,502517,,456124,542583,570731,519058,606115,S,,called_strike,Called Strike,1,1,1,1,-0.044,0.0,R,4-Seam Fastball,92.4,R,R
570334,2018-10-01,2018,6,Bot,43,1,0,0,2,CHC,MIL,595879,465657,450314,502517,,456124,542583,570731,519058,606115,B,,ball,Ball,1,1,1,1,0.032,0.0,R,4-Seam Fastball,92.4,R,R
570334,2018-10-01,2018,6,Bot,42,4,3,0,2,CHC,MIL,450314,458584,502517,,,456124,542583,570731,519058,606115,B,walk,blocked_ball,Ben Zobrist walks.   Daniel Murphy to 2nd.,1,1,1,1,0.086,0.029,R,Cutter,88.9,R,L
570334,2018-10-01,2018,6,Bot,42,3,2,0,2,CHC,MIL,450314,458584,502517,,,456124,542583,570731,519058,606115,B,,ball,Ball,1,1,1,1,0.089,0.0,R,Cutter,87.8,R,L
570334,2018-10-01,2018,6,Bot,42,2,1,0,2,CHC,MIL,450314,458584,502517,,,456124,542583,570731,519058,606115,B,,ball,Ball,1,1,1,1,0.053,0.0,R,Cutter,87.6,R,L
570334,2018-10-01,2018,6,Bot,42,1,0,0,2,CHC,MIL,450314,458584,502517,,,456124,542583,570731,519058,606115,B,,ball,Ball,1,1,1,1,0.039,0.0,R,Cutter,88.1,R,L
570334,2018-10-01,2018,6,Bot,41,4,2,1,2,CHC,MIL,502517,458584,,,,456124,542583,570731,519058,606115,X,single,hit_into_play,Daniel Murphy singles on a line drive to right fielder Christian Yelich.,1,1,1,1,0.276,0.019,R,Cutter,86.9,L,L
570334,2018-10-01,2018,6,Bot,41,3,1,1,2,CHC,MIL,502517,458584,,,,456124,542583,570731,519058,606115,B,,ball,Ball,1,1,1,1,0.049,0.0,R,Curveball,76.7,L,L
570334,2018-10-01,2018,6,Bot,41,2,1,0,2,CHC,MIL,502517,458584,,,,456124,542583,570731,519058,606115,S,,foul,Foul,1,1,1,1,-0.048,0.0,R,Cutter,86.6,L,L
570334,2018-10-01,2018,6,Bot,41,1,0,0,2,CHC,MIL,502517,458584,,,,456124,542583,570731,519058,606115,B,,ball,Ball,1,1,1,1,0.037,0.0,R,Cutter,87.0,L,L
570334,2018-10-01,2018,6,Bot,40,2,1,0,0,CHC,MIL,575929,468504,664023,,,456124,542583,570731,519058,606115,X,grounded_into_double_play,hit_into_play,"Willson Contreras grounds into a double play, pitcher Jhoulys Chacin to second baseman Jonathan Schoop to first baseman Jesus Aguilar.   Ian Happ out at 2nd.    Willson Contreras out at 1st.",1,1,1,1,-0.381,-0.108,R,Slider,80.4,R,R
570334,2018-10-01,2018,6,Bot,40,1,0,0,0,CHC,MIL,575929,468504,664023,,,456124,542583,570731,519058,606115,B,,ball,Ball,1,1,1,1,0.039,0.0,R,Sinker,89.7,R,R
570334,2018-10-01,2018,6,Bot,39,6,3,2,0,CHC,MIL,664023,468504,,,,456124,542583,570731,519058,606115,B,walk,ball,Ian Happ walks.,1,1,1,1,0.357,0.051,R,Slider,81.5,L,R
570334,2018-10-01,2018,6,Bot,39,5,3,1,0,CHC,MIL,664023,468504,,,,456124,542583,570731,519058,606115,S,,foul,Foul,1,1,1,1,-0.09,0.0,R,Slider,80.4,L,R
570334,2018-10-01,2018,6,Bot,39,4,3,0,0,CHC,MIL,664023,468504,,,,456124,542583,570731,519058,606115,S,,called_strike,Called Strike,1,1,1,1,-0.082,0.0,R,Sinker,90.4,L,R
570334,2018-10-01,2018,6,Bot,39,3,2,0,0,CHC,MIL,664023,468504,,,,456124,542583,570731,519058,606115,B,,ball,Ball,1,1,1,1,0.141,0.0,R,Slider,79.1,L,R
570334,2018-10-01,2018,6,Bot,39,2,1,0,0,CHC,MIL,664023,468504,,,,456124,542583,570731,519058,606115,B,,ball,Ball,1,1,1,1,0.072,0.0,R,Slider,79.6,L,R
570334,2018-10-01,2018,6,Bot,39,1,0,0,0,CHC,MIL,664023,468504,,,,456124,542583,570731,519058,606115,B,,ball,Ball,1,1,1,1,0.04,0.0,R,Slider,78.6,L,R
570334,2018-10-01,2018,6,Top,38,5,2,2,1,CHC,MIL,542583,445926,592885,,,575929,519203,502517,592178,595879,X,grounded_into_double_play,hit_into_play,"Jesus Aguilar grounds into a double play, third baseman Kris Bryant to second baseman Daniel Murphy to first baseman Anthony Rizzo.   Christian Yelich out at 2nd.    Jesus Aguilar out at 1st.",1,1,1,1,-0.281,0.078,R,Sinker,94.7,R,R
570334,2018-10-01,2018,6,Top,38,4,1,2,1,CHC,MIL,542583,445926,592885,,,575929,519203,502517,592178,595879,B,,ball,Ball,1,1,1,1,0.034,0.0,R,Cutter,92.6,R,R
570334,2018-10-01,2018,6,Top,38,3,0,2,1,CHC,MIL,542583,445926,592885,,,575929,519203,502517,592178,595879,B,,ball,Ball,1,1,1,1,0.015,0.0,R,4-Seam Fastball,94.3,R,R
570334,2018-10-01,2018,6,Top,38,2,0,1,1,CHC,MIL,542583,445926,592885,,,575929,519203,502517,592178,595879,S,,swinging_strike,Swinging Strike,1,1,1,1,-0.055,0.0,R,4-Seam Fastball,94.1,R,R
570334,2018-10-01,2018,6,Top,38,1,0,0,1,CHC,MIL,542583,445926,592885,,,575929,519203,502517,592178,595879,S,,called_strike,Called Strike,1,1,1,1,-0.04,0.0,R,Cutter,93.1,R,R
570334,2018-10-01,2018,6,Top,37,5,2,2,0,CHC,MIL,460075,445926,592885,,,575929,519203,502517,592178,595879,S,strikeout,foul_tip,Ryan Braun strikes out on a foul tip.,1,1,1,1,-0.226,0.049,R,4-Seam Fastball,92.7,R,R
570334,2018-10-01,2018,6,Top,37,4,2,1,0,CHC,MIL,460075,445926,592885,,,575929,519203,502517,592178,595879,S,,swinging_strike,Swinging Strike,1,1,1,1,-0.061,0.0,R,Cutter,91.6,R,R
570334,2018-10-01,2018,6,Top,37,3,2,0,0,CHC,MIL,460075,445926,592885,,,575929,519203,502517,592178,595879,S,,called_strike,Called Strike,1,1,1,1,-0.067,0.0,R,Sinker,93.8,R,R
570334,2018-10-01,2018,6,Top,37,2,1,0,0,CHC,MIL,460075,445926,592885,,,575929,519203,502517,592178,595879,B,,ball,Ball,1,1,1,1,0.071,0.0,R,Sinker,93.8,R,R
570334,2018-10-01,2018,6,Top,37,1,0,0,0,CHC,MIL,460075,445926,592885,,,575929,519203,502517,592178,595879,B,,ball,Ball,1,1,1,1,0.039,0.0,R,Sinker,93.4,R,R
570334,2018-10-01,2018,6,Top,36,6,3,2,0,CHC,MIL,592885,500779,,,,575929,519203,502517,592178,595879,X,single,hit_into_play,Christian Yelich singles on a sharp ground ball to left fielder Kyle Schwarber.,1,1,1,1,0.355,-0.053,R,Sinker,92.5,L,L
570334,2018-10-01,2018,6,Top,36,5,2,2,0,CHC,MIL,592885,500779,,,,575929,519203,502517,592178,595879,B,,ball,Ball,1,1,1,1,0.104,0.0,R,Curveball,77.5,L,L
570334,2018-10-01,2018,6,Top,36,4,2,1,0,CHC,MIL,592885,500779,,,,575929,519203,502517,592178,595879,S,,called_strike,Called Strike,1,1,1,1,-0.071,0.0,R,Sinker,91.7,L,L
570334,2018-10-01,2018,6,Top,36,3,2,0,0,CHC,MIL,592885,500779,,,,575929,519203,502517,592178,595879,S,,called_strike,Called Strike,1,1,1,1,-0.064,0.0,R,Sinker,91.6,L,L
570334,2018-10-01,2018,6,Top,36,2,1,0,0,CHC,MIL,592885,500779,,,,575929,519203,502517,592178,595879,B,,ball,Ball,1,1,1,1,0.072,0.0,R,Sinker,90.9,L,L
570334,2018-10-01,2018,6,Top,36,1,0,0,0,CHC,MIL,592885,500779,,,,575929,519203,502517,592178,595879,B,,ball,Ball,1,1,1,1,0.04,0.0,R,Curveball,76.0,L,L
570334,2018-10-01,2018,5,Bot,35,6,3,2,2,CHC,MIL,518792,468504,,,,456124,542583,570731,519058,606115,X,field_out,hit_into_play,Jason Heyward flies out to right fielder Christian Yelich.,1,1,1,1,-0.311,-0.014,R,Slider,81.3,L,R
570334,2018-10-01,2018,5,Bot,35,5,3,1,2,CHC,MIL,518792,468504,,,,456124,542583,570731,519058,606115,S,,called_strike,Called Strike,1,1,1,1,-0.085,0.0,R,Split-Finger,87.3,L,R
570334,2018-10-01,2018,5,Bot,35,4,2,1,2,CHC,MIL,518792,468504,,,,456124,542583,570731,519058,606115,B,,ball,Ball,1,1,1,1,0.099,0.0,R,Slider,79.2,L,R
570334,2018-10-01,2018,5,Bot,35,3,1,1,2,CHC,MIL,518792,468504,,,,456124,542583,570731,519058,606115,B,,ball,Ball,1,1,1,1,0.049,0.0,R,Slider,79.5,L,R
570334,2018-10-01,2018,5,Bot,35,2,0,1,2,CHC,MIL,518792,468504,,,,456124,542583,570731,519058,606115,B,,ball,Ball,1,1,1,1,0.03,0.0,R,Slider,81.0,L,R
570334,2018-10-01,2018,5,Bot,35,1,0,0,2,CHC,MIL,518792,468504,,,,456124,542583,570731,519058,606115,S,,foul,Foul,1,1,1,1,-0.041,0.0,R,Slider,82.5,L,R
570334,2018-10-01,2018,5,Bot,34,7,3,2,1,CHC,MIL,656941,468504,,,,456124,542583,570731,519058,606115,S,strikeout,called_strike,Kyle Schwarber called out on strikes.,1,1,1,1,-0.336,-0.022,R,Slider,82.5,L,R
570334,2018-10-01,2018,5,Bot,34,6,3,2,1,CHC,MIL,656941,468504,,,,456124,542583,570731,519058,606115,S,,foul,Foul,1,1,1,1,0.0,0.0,R,Slider,82.4,L,R
570334,2018-10-01,2018,5,Bot,34,5,2,2,1,CHC,MIL,656941,468504,,,,456124,542583,570731,519058,606115,B,,ball,Ball,1,1,1,1,0.102,0.0,R,Slider,82.0,L,R
570334,2018-10-01,2018,5,Bot,34,4,1,2,1,CHC,MIL,656941,468504,,,,456124,542583,570731,519058,606115,B,,ball,Ball,1,1,1,1,0.048,0.0,R,Slider,79.9,L,R
570334,2018-10-01,2018,5,Bot,34,3,1,1,1,CHC,MIL,656941,468504,,,,456124,542583,570731,519058,606115,S,,swinging_strike,Swinging Strike,1,1,1,1,-0.067,0.0,R,Slider,82.0,L,R
570334,2018-10-01,2018,5,Bot,34,2,1,0,1,CHC,MIL,656941,468504,,,,456124,542583,570731,519058,606115,S,,called_strike,Called Strike,1,1,1,1,-0.054,0.0,R,Slider,79.9,L,R
570334,2018-10-01,2018,5,Bot,34,1,0,0,1,CHC,MIL,656941,468504,,,,456124,542583,570731,519058,606115,B,,ball,Ball,1,1,1,1,0.043,0.0,R,Slider,81.7,L,R
570334,2018-10-01,2018,5,Bot,33,1,0,0,0,CHC,MIL,592178,468504,,,,456124,542583,570731,519058,606115,X,field_out,hit_into_play,Kris Bryant flies out to center fielder Lorenzo Cain.,1,1,1,1,-0.258,-0.029,R,Slider,82.1,R,R
570334,2018-10-01,2018,5,Bot,32,2,0,1,0,CHC,MIL,519203,468504,,,,456124,542583,570731,519058,606115,X,home_run,hit_into_play,Anthony Rizzo homers (25) on a fly ball to right field.,0,1,0,1,1.154,0.158,R,4-Seam Fastball,91.9,L,R
570334,2018-10-01,2018,5,Bot,32,1,0,0,0,CHC,MIL,519203,468504,,,,456124,542583,570731,519058,606115,S,,swinging_strike,Swinging Strike,0,1,0,1,-0.04,0.0,R,Slider,80.9,L,R
570334,2018-10-01,2018,5,Top,31,1,0,0,2,CHC,MIL,456715,500779,,606115,,575929,519203,502517,592178,595879,X,field_out,hit_into_play,Lorenzo Cain flies out to center fielder Jason Heyward.,0,1,1,0,-0.287,0.037,R,4-Seam Fastball,91.0,R,L
570334,2018-10-01,2018,5,Top,30,1,0,0,1,CHC,MIL,468504,500779,606115,,,575929,519203,502517,592178,595879,X,sac_bunt,hit_into_play,"Jhoulys Chacin out on a sacrifice bunt, pitcher Jose Quintana to second baseman Daniel Murphy.   Orlando Arcia to 2nd.",0,1,1,0,-0.145,0.017,R,4-Seam Fastball,92.1,R,L
570334,2018-10-01,2018,5,Top,29,2,1,0,1,CHC,MIL,606115,500779,,,,575929,519203,502517,592178,595879,X,single,hit_into_play,Orlando Arcia singles on a line drive to left fielder Kyle Schwarber.,0,1,1,0,0.364,-0.026,R,Curveball,76.6,R,L
570334,2018-10-01,2018,5,Top,29,1,0,0,1,CHC,MIL,606115,500779,,,,575929,519203,502517,592178,595879,B,,ball,Ball,0,1,1,0,0.043,0.0,R,Curveball,76.4,R,L
570334,2018-10-01,2018,5,Top,28,4,1,2,0,CHC,MIL,456124,500779,,,,575929,519203,502517,592178,595879,S,strikeout,swinging_strike,Erik Kratz strikes out swinging.,0,1,1,0,-0.187,0.023,R,4-Seam Fastball,92.2,R,L
570334,2018-10-01,2018,5,Top,28,3,1,1,0,CHC,MIL,456124,500779,,,,575929,519203,502517,592178,595879,S,,foul,Foul,0,1,1,0,-0.063,0.0,R,4-Seam Fastball,92.0,R,L
570334,2018-10-01,2018,5,Top,28,2,1,0,0,CHC,MIL,456124,500779,,,,575929,519203,502517,592178,595879,S,,called_strike,Called Strike,0,1,1,0,-0.049,0.0,R,Curveball,76.5,R,L
570334,2018-10-01,2018,5,Top,28,1,0,0,0,CHC,MIL,456124,500779,,,,575929,519203,502517,592178,595879,B,,ball,Ball,0,1,1,0,0.04,0.0,R,Curveball,77.5,R,L
570334,2018-10-01,2018,4,Bot,27,4,3,0,2,CHC,MIL,595879,468504,,,,456124,542583,570731,519058,606115,X,field_out,hit_into_play,Javier Baez flies out to left fielder Ryan Braun.,0,1,0,1,-0.457,-0.013,R,Slider,79.7,R,R
570334,2018-10-01,2018,4,Bot,27,3,2,0,2,CHC,MIL,595879,468504,,,,456124,542583,570731,519058,606115,B,,ball,Ball,0,1,0,1,0.098,0.0,R,Slider,80.8,R,R
570334,2018-10-01,2018,4,Bot,27,2,1,0,2,CHC,MIL,595879,468504,,,,456124,542583,570731,519058,606115,B,,ball,Ball,0,1,0,1,0.063,0.0,R,Slider,82.0,R,R
570334,2018-10-01,2018,4,Bot,27,1,0,0,2,CHC,MIL,595879,468504,,,,456124,542583,570731,519058,606115,B,,ball,Ball,0,1,0,1,0.037,0.0,R,Slider,80.8,R,R
570334,2018-10-01,2018,4,Bot,26,3,0,2,1,CHC,MIL,450314,468504,,,,456124,542583,570731,519058,606115,X,field_out,hit_into_play,Ben Zobrist flies out to right fielder Christian Yelich.,0,1,0,1,-0.164,-0.022,R,4-Seam Fastball,90.0,L,R
570334,2018-10-01,2018,4,Bot,26,2,0,1,1,CHC,MIL,450314,468504,,,,456124,542583,570731,519058,606115,S,,foul,Foul,0,1,0,1,-0.058,0.0,R,Sinker,90.6,L,R
570334,2018-10-01,2018,4,Bot,26,1,0,0,1,CHC,MIL,450314,468504,,,,456124,542583,570731,519058,606115,S,,called_strike,Called Strike,0,1,0,1,-0.042,0.0,R,4-Seam Fastball,90.2,L,R
570334,2018-10-01,2018,4,Bot,25,1,0,0,0,CHC,MIL,502517,468504,,,,456124,542583,570731,519058,606115,X,field_out,hit_into_play,Daniel Murphy pops out to third baseman Mike Moustakas in foul territory.,0,1,0,1,-0.258,-0.03,R,4-Seam Fastball,91.4,L,R
570334,2018-10-01,2018,4,Top,24,7,3,2,2,CHC,MIL,519058,500779,,,,575929,519203,502517,592178,595879,S,strikeout,swinging_strike,Mike Moustakas strikes out swinging.,0,1,1,0,-0.311,0.011,R,Slurve,76.8,L,L
570334,2018-10-01,2018,4,Top,24,6,2,2,2,CHC,MIL,519058,500779,,,,575929,519203,502517,592178,595879,B,,ball,Ball,0,1,1,0,0.091,0.0,R,Slurve,77.7,L,L
570334,2018-10-01,2018,4,Top,24,5,2,2,2,CHC,MIL,519058,500779,,,,575929,519203,502517,592178,595879,S,,foul,Foul,0,1,1,0,0.0,0.0,R,4-Seam Fastball,92.6,L,L
570334,2018-10-01,2018,4,Top,24,4,2,1,2,CHC,MIL,519058,500779,,,,575929,519203,502517,592178,595879,S,,foul,Foul,0,1,1,0,-0.076,0.0,R,Sinker,92.8,L,L
570334,2018-10-01,2018,4,Top,24,3,1,1,2,CHC,MIL,519058,500779,,,,575929,519203,502517,592178,595879,B,,ball,Ball,0,1,1,0,0.049,0.0,R,Sinker,93.4,L,L
570334,2018-10-01,2018,4,Top,24,2,0,1,2,CHC,MIL,519058,500779,,,,575929,519203,502517,592178,595879,B,,ball,Ball,0,1,1,0,0.03,0.0,R,4-Seam Fastball,91.6,L,L
570334,2018-10-01,2018,4,Top,24,1,0,0,2,CHC,MIL,519058,500779,,,,575929,519203,502517,592178,595879,S,,called_strike,Called Strike,0,1,1,0,-0.041,0.0,R,Sinker,93.0,L,L
570334,2018-10-01,2018,4,Top,23,2,1,0,1,CHC,MIL,570731,500779,,,,575929,519203,502517,592178,595879,X,field_out,hit_into_play,Jonathan Schoop flies out to left fielder Kyle Schwarber.,0,1,1,0,-0.306,0.016,R,4-Seam Fastball,92.7,R,L
570334,2018-10-01,2018,4,Top,23,1,0,0,1,CHC,MIL,570731,500779,,,,575929,519203,502517,592178,595879,B,,ball,Ball,0,1,1,0,0.043,0.0,R,Curveball,77.3,R,L
570334,2018-10-01,2018,4,Top,22,4,1,2,0,CHC,MIL,542583,500779,,,,575929,519203,502517,592178,595879,S,strikeout,called_strike,Jesus Aguilar called out on strikes.,0,1,1,0,-0.187,0.023,R,4-Seam Fastball,91.3,R,L
570334,2018-10-01,2018,4,Top,22,3,0,2,0,CHC,MIL,542583,500779,,,,575929,519203,502517,592178,595879,B,,ball,Ball,0,1,1,0,0.025,0.0,R,Curveball,76.3,R,L
570334,2018-10-01,2018,4,Top,22,2,0,1,0,CHC,MIL,542583,500779,,,,575929,519203,502517,592178,595879,S,,swinging_strike,Swinging Strike,0,1,1,0,-0.057,0.0,R,Curveball,76.5,R,L
570334,2018-10-01,2018,4,Top,22,1,0,0,0,CHC,MIL,542583,500779,,,,575929,519203,502517,592178,595879,S,,called_strike,Called Strike,0,1,1,0,-0.04,0.0,R,Curveball,77.5,R,L
570334,2018-10-01,2018,3,Bot,21,4,1,2,2,CHC,MIL,575929,468504,,,,456124,542583,570731,519058,606115,X,field_out,hit_into_play,"Willson Contreras grounds out sharply, third baseman Mike Moustakas to first baseman Jesus Aguilar.",0,1,0,1,-0.174,-0.013,R,Sinker,91.2,R,R
570334,2018-10-01,2018,3,Bot,21,3,1,1,2,CHC,MIL,575929,468504,,,,456124,542583,570731,519058,606115,S,,swinging_strike,Swinging Strike,0,1,0,1,-0.074,0.0,R,Slider,81.6,R,R
570334,2018-10-01,2018,3,Bot,21,2,0,1,2,CHC,MIL,575929,468504,,,,456124,542583,570731,519058,606115,B,,ball,Ball,0,1,0,1,0.03,0.0,R,Slider,79.5,R,R
570334,2018-10-01,2018,3,Bot,21,1,0,0,2,CHC,MIL,575929,468504,,,,456124,542583,570731,519058,606115,S,,swinging_strike,Swinging Strike,0,1,0,1,-0.041,0.0,R,Slider,81.0,R,R
570334,2018-10-01,2018,3,Bot,20,4,1,2,1,CHC,MIL,500779,468504,,,,456124,542583,570731,519058,606115,S,strikeout,called_strike,Jose Quintana called out on strikes.,0,1,0,1,-0.185,-0.019,R,Slider,80.4,R,R
570334,2018-10-01,2018,3,Bot,20,3,1,1,1,CHC,MIL,500779,468504,,,,456124,542583,570731,519058,606115,S,,called_strike,Called Strike,0,1,0,1,-0.067,0.0,R,Sinker,89.8,R,R
570334,2018-10-01,2018,3,Bot,20,2,1,0,1,CHC,MIL,500779,468504,,,,456124,542583,570731,519058,606115,S,,called_strike,Called Strike,0,1,0,1,-0.054,0.0,R,4-Seam Fastball,90.4,R,R
570334,2018-10-01,2018,3,Bot,20,1,0,0,1,CHC,MIL,500779,468504,,,,456124,542583,570731,519058,606115,B,,ball,Ball,0,1,0,1,0.043,0.0,R,Sinker,89.4,R,R
570334,2018-10-01,2018,3,Bot,19,4,2,1,0,CHC,MIL,518792,468504,,,,456124,542583,570731,519058,606115,X,field_out,hit_into_play,"Jason Heyward grounds out, first baseman Jesus Aguilar to pitcher Jhoulys Chacin.",0,1,0,1,-0.306,-0.027,R,Sinker,91.4,L,R
570334,2018-10-01,2018,3,Bot,19,3,1,1,0,CHC,MIL,518792,468504,,,,456124,542583,570731,519058,606115,B,,ball,Ball,0,1,0,1,0.056,0.0,R,4-Seam Fastball,91.0,L,R
570334,2018-10-01,2018,3,Bot,19,2,0,1,0,CHC,MIL,518792,468504,,,,456124,542583,570731,519058,606115,B,,ball,Ball,0,1,0,1,0.031,0.0,R,4-Seam Fastball,90.1,L,R
570334,2018-10-01,2018,3,Bot,19,1,0,0,0,CHC,MIL,518792,468504,,,,456124,542583,570731,519058,606115,S,,foul,Foul,0,1,0,1,-0.04,0.0,R,4-Seam Fastball,90.3,L,R
570334,2018-10-01,2018,3,Top,18,5,2,2,2,CHC,MIL,460075,500779,,592885,,575929,519203,502517,592178,595879,S,strikeout,swinging_strike_blocked,"Ryan Braun strikes out swinging, catcher Willson Contreras to first baseman Anthony Rizzo.",0,1,1,0,-0.234,0.033,R,Curveball,77.6,R,L
570334,2018-10-01,2018,3,Top,18,4,1,2,2,CHC,MIL,460075,500779,592885,,,575929,519203,502517,592178,595879,B,,blocked_ball,Ball In Dirt,0,1,1,0,0.033,-0.01,R,Curveball,77.4,R,L
570334,2018-10-01,2018,3,Top,18,3,1,1,2,CHC,MIL,460075,500779,592885,,,575929,519203,502517,592178,595879,S,,foul,Foul,0,1,1,0,-0.061,0.0,R,4-Seam Fastball,92.4,R,L
570334,2018-10-01,2018,3,Top,18,2,1,0,2,CHC,MIL,460075,500779,592885,,,575929,519203,502517,592178,595879,S,,foul,Foul,0,1,1,0,-0.051,0.0,R,4-Seam Fastball,92.6,R,L
570334,2018-10-01,2018,3,Top,18,1,0,0,2,CHC,MIL,460075,500779,592885,,,575929,519203,502517,592178,595879,B,,ball,Ball,0,1,1,0,0.039,0.0,R,4-Seam Fastball,92.3,R,L
570334,2018-10-01,2018,3,Top,17,3,1,1,2,CHC,MIL,592885,500779,,,606115,575929,519203,502517,592178,595879,X,single,hit_into_play,Christian Yelich singles on a ground ball to center fielder Jason Heyward.   Orlando Arcia scores.,0,0,0,0,0.726,-0.105,R,Sinker,91.7,L,L
570334,2018-10-01,2018,3,Top,17,2,0,1,2,CHC,MIL,592885,500779,,,606115,575929,519203,502517,592178,595879,B,,ball,Ball,0,0,0,0,0.015,0.0,R,4-Seam Fastball,91.6,L,L
570334,2018-10-01,2018,3,Top,17,1,0,0,2,CHC,MIL,592885,500779,,,606115,575929,519203,502517,592178,595879,S,,foul_bunt,Foul Bunt,0,0,0,0,-0.032,0.0,R,Sinker,91.9,L,L
570334,2018-10-01,2018,3,Top,16,3,1,1,1,CHC,MIL,456715,500779,,606115,,575929,519203,502517,592178,595879,X,field_out,hit_into_play,"Lorenzo Cain grounds out, shortstop Javier Baez to first baseman Anthony Rizzo.   Orlando Arcia to 3rd.",0,0,0,0,-0.249,0.034,R,4-Seam Fastball,92.9,R,L
570334,2018-10-01,2018,3,Top,16,2,1,0,1,CHC,MIL,456715,500779,,606115,,575929,519203,502517,592178,595879,S,,called_strike,Called Strike,0,0,0,0,-0.044,0.0,R,Sinker,91.8,R,L
570334,2018-10-01,2018,3,Top,16,1,0,0,1,CHC,MIL,456715,500779,,606115,,575929,519203,502517,592178,595879,B,,ball,Ball,0,0,0,0,0.03,0.0,R,4-Seam Fastball,91.6,R,L
570334,2018-10-01,2018,3,Top,15,4,1,2,0,CHC,MIL,468504,500779,606115,,,575929,519203,502517,592178,595879,X,sac_bunt,hit_into_play,Jhoulys Chacin out on a sacrifice bunt to first baseman Anthony Rizzo.   Orlando Arcia to 2nd.,0,0,0,0,-0.032,0.018,R,4-Seam Fastball,92.1,R,L
570334,2018-10-01,2018,3,Top,15,3,1,1,0,CHC,MIL,468504,500779,606115,,,575929,519203,502517,592178,595879,S,,called_strike,Called Strike,0,0,0,0,-0.05,0.0,R,Curveball,76.8,R,L
570334,2018-10-01,2018,3,Top,15,2,0,1,0,CHC,MIL,468504,500779,606115,,,575929,519203,502517,592178,595879,B,,ball,Ball,0,0,0,0,0.028,0.0,R,Curveball,76.5,R,L
570334,2018-10-01,2018,3,Top,15,1,0,0,0,CHC,MIL,468504,500779,606115,,,575929,519203,502517,592178,595879,S,,foul_bunt,Foul Bunt,0,0,0,0,-0.037,0.0,R,4-Seam Fastball,91.3,R,L
570334,2018-10-01,2018,3,Top,14,6,3,2,0,CHC,MIL,606115,500779,,,,575929,519203,502517,592178,595879,X,single,hit_into_play,Orlando Arcia singles on a sharp line drive to center fielder Jason Heyward.,0,0,0,0,0.355,-0.04,R,4-Seam Fastball,92.3,R,L
570334,2018-10-01,2018,3,Top,14,5,3,1,0,CHC,MIL,606115,500779,,,,575929,519203,502517,592178,595879,S,,foul,Foul,0,0,0,0,-0.09,0.0,R,4-Seam Fastball,91.9,R,L
570334,2018-10-01,2018,3,Top,14,4,2,1,0,CHC,MIL,606115,500779,,,,575929,519203,502517,592178,595879,B,,ball,Ball,0,0,0,0,0.123,0.0,R,4-Seam Fastball,91.4,R,L
570334,2018-10-01,2018,3,Top,14,3,1,1,0,CHC,MIL,606115,500779,,,,575929,519203,502517,592178,595879,B,,ball,Ball,0,0,0,0,0.056,0.0,R,Curveball,76.4,R,L
570334,2018-10-01,2018,3,Top,14,2,0,1,0,CHC,MIL,606115,500779,,,,575929,519203,502517,592178,595879,B,,ball,Ball,0,0,0,0,0.031,0.0,R,Curveball,77.4,R,L
570334,2018-10-01,2018,3,Top,14,1,0,0,0,CHC,MIL,606115,500779,,,,575929,519203,502517,592178,595879,S,,called_strike,Called Strike,0,0,0,0,-0.04,0.0,R,4-Seam Fastball,91.7,R,L
570334,2018-10-01,2018,2,Bot,13,6,2,2,1,CHC,MIL,656941,468504,592178,,,456124,542583,570731,519058,606115,X,grounded_into_double_play,hit_into_play,"Kyle Schwarber grounds into a double play, first baseman Jesus Aguilar to shortstop Orlando Arcia to first baseman Jesus Aguilar.   Kris Bryant out at 2nd.    Kyle Schwarber out at 1st.",0,0,0,0,-0.281,-0.053,R,Sinker,90.9,L,R
570334,2018-10-01,2018,2,Bot,13,5,2,2,1,CHC,MIL,656941,468504,592178,,,456124,542583,570731,519058,606115,S,,foul,Foul,0,0,0,0,0.0,0.0,R,Slider,79.4,L,R
570334,2018-10-01,2018,2,Bot,13,4,1,2,1,CHC,MIL,656941,468504,592178,,,456124,542583,570731,519058,606115,B,,ball,Ball,0,0,0,0,0.034,0.0,R,Sinker,90.8,L,R
570334,2018-10-01,2018,2,Bot,13,3,0,2,1,CHC,MIL,656941,468504,592178,,,456124,542583,570731,519058,606115,B,,ball,Ball,0,0,0,0,0.015,0.0,R,Sinker,89.4,L,R
570334,2018-10-01,2018,2,Bot,13,2,0,1,1,CHC,MIL,656941,468504,592178,,,456124,542583,570731,519058,606115,S,,foul,Foul,0,0,0,0,-0.055,0.0,R,Sinker,91.6,L,R
570334,2018-10-01,2018,2,Bot,13,1,0,0,1,CHC,MIL,656941,468504,592178,,,456124,542583,570731,519058,606115,S,,called_strike,Called Strike,0,0,0,0,-0.04,0.0,R,Slider,79.5,L,R
570334,2018-10-01,2018,2,Bot,12,5,3,1,1,CHC,MIL,592178,468504,,,,456124,542583,570731,519058,606115,B,walk,ball,Kris Bryant walks.,0,0,0,0,0.23,0.026,R,Slider,79.6,R,R
570334,2018-10-01,2018,2,Bot,12,4,2,1,1,CHC,MIL,592178,468504,,,,456124,542583,570731,519058,606115,B,,ball,Ball,0,0,0,0,0.132,0.0,R,Sinker,92.5,R,R
570334,2018-10-01,2018,2,Bot,12,3,1,1,1,CHC,MIL,592178,468504,,,,456124,542583,570731,519058,606115,B,,ball,Ball,0,0,0,0,0.059,0.0,R,Sinker,92.4,R,R
570334,2018-10-01,2018,2,Bot,12,2,1,0,1,CHC,MIL,592178,468504,,,,456124,542583,570731,519058,606115,S,,foul,Foul,0,0,0,0,-0.054,0.0,R,Sinker,91.3,R,R
570334,2018-10-01,2018,2,Bot,12,1,0,0,1,CHC,MIL,592178,468504,,,,456124,542583,570731,519058,606115,B,,ball,Ball,0,0,0,0,0.043,0.0,R,Sinker,91.4,R,R
570334,2018-10-01,2018,2,Bot,11,9,2,2,0,CHC,MIL,519203,468504,,,,456124,542583,570731,519058,606115,X,field_out,hit_into_play,Anthony Rizzo flies out to center fielder Lorenzo Cain.,0,0,0,0,-0.235,-0.023,R,Slider,79.9,L,R
570334,2018-10-01,2018,2,Bot,11,8,1,2,0,CHC,MIL,519203,468504,,,,456124,542583,570731,519058,606115,B,,ball,Ball,0,0,0,0,0.048,0.0,R,Slider,81.4,L,R
570334,2018-10-01,2018,2,Bot,11,7,1,2,0,CHC,MIL,519203,468504,,,,456124,542583,570731,519058,606115,S,,foul,Foul,0,0,0,0,0.0,0.0,R,Slider,81.8,L,R
570334,2018-10-01,2018,2,Bot,11,6,1,2,0,CHC,MIL,519203,468504,,,,456124,542583,570731,519058,606115,S,,foul,Foul,0,0,0,0,0.0,0.0,R,Slider,80.5,L,R
570334,2018-10-01,2018,2,Bot,11,5,1,2,0,CHC,MIL,519203,468504,,,,456124,542583,570731,519058,606115,S,,foul,Foul,0,0,0,0,0.0,0.0,R,Sinker,91.5,L,R
570334,2018-10-01,2018,2,Bot,11,4,0,2,0,CHC,MIL,519203,468504,,,,456124,542583,570731,519058,606115,B,,ball,Ball,0,0,0,0,0.025,0.0,R,Slider,81.7,L,R
570334,2018-10-01,2018,2,Bot,11,3,0,2,0,CHC,MIL,519203,468504,,,,456124,542583,570731,519058,606115,S,,foul,Foul,0,0,0,0,0.0,0.0,R,Sinker,92.4,L,R
570334,2018-10-01,2018,2,Bot,11,2,0,1,0,CHC,MIL,519203,468504,,,,456124,542583,570731,519058,606115,S,,foul,Foul,0,0,0,0,-0.057,0.0,R,4-Seam Fastball,91.1,L,R
570334,2018-10-01,2018,2,Bot,11,1,0,0,0,CHC,MIL,519203,468504,,,,456124,542583,570731,519058,606115,S,,called_strike,Called Strike,0,0,0,0,-0.04,0.0,R,Slider,79.3,L,R
570334,2018-10-01,2018,2,Top,10,1,0,0,2,CHC,MIL,456124,500779,542583,,,575929,519203,502517,592178,595879,X,field_out,hit_into_play,Erik Kratz flies out to left fielder Kyle Schwarber.,0,0,0,0,-0.264,0.024,R,4-Seam Fastball,91.8,R,L
570334,2018-10-01,2018,2,Top,9,2,0,1,1,CHC,MIL,519058,500779,542583,,,575929,519203,502517,592178,595879,X,field_out,hit_into_play,Mike Moustakas flies out to right fielder Ben Zobrist.,0,0,0,0,-0.222,0.029,R,Slurve,77.3,L,L
570334,2018-10-01,2018,2,Top,9,1,0,0,1,CHC,MIL,519058,500779,542583,,,575929,519203,502517,592178,595879,S,,called_strike,Called Strike,0,0,0,0,-0.04,0.0,R,Curveball,76.6,L,L
570334,2018-10-01,2018,2,Top,8,1,0,0,0,CHC,MIL,570731,500779,542583,,,575929,519203,502517,592178,595879,X,field_out,hit_into_play,Jonathan Schoop lines out sharply to third baseman Kris Bryant.,0,0,0,0,-0.248,0.035,R,4-Seam Fastball,92.5,R,L
570334,2018-10-01,2018,2,Top,7,4,2,1,0,CHC,MIL,542583,500779,,,,575929,519203,502517,592178,595879,X,single,hit_into_play,Jesus Aguilar singles on a sharp ground ball to center fielder Jason Heyward.,0,0,0,0,0.387,-0.038,R,Changeup,87.0,R,L
570334,2018-10-01,2018,2,Top,7,3,1,1,0,CHC,MIL,542583,500779,,,,575929,519203,502517,592178,595879,B,,ball,Ball,0,0,0,0,0.056,0.0,R,4-Seam Fastball,92.4,R,L
570334,2018-10-01,2018,2,Top,7,2,0,1,0,CHC,MIL,542583,500779,,,,575929,519203,502517,592178,595879,B,,ball,Ball,0,0,0,0,0.031,0.0,R,Curveball,76.8,R,L
570334,2018-10-01,2018,2,Top,7,1,0,0,0,CHC,MIL,542583,500779,,,,575929,519203,502517,592178,595879,S,,foul,Foul,0,0,0,0,-0.04,0.0,R,4-Seam Fastball,92.8,R,L
570334,2018-10-01,2018,1,Bot,6,3,0,2,2,CHC,MIL,595879,468504,,,,456124,542583,570731,519058,606115,S,strikeout,swinging_strike,Javier Baez strikes out swinging.,0,0,0,0,-0.153,-0.01,R,Slider,81.6,R,R
570334,2018-10-01,2018,1,Bot,6,2,0,1,2,CHC,MIL,595879,468504,,,,456124,542583,570731,519058,606115,S,,called_strike,Called Strike,0,0,0,0,-0.065,0.0,R,Sinker,92.3,R,R
570334,2018-10-01,2018,1,Bot,6,1,0,0,2,CHC,MIL,595879,468504,,,,456124,542583,570731,519058,606115,S,,swinging_strike,Swinging Strike,0,0,0,0,-0.041,0.0,R,Sinker,92.7,R,R
570334,2018-10-01,2018,1,Bot,5,5,3,1,1,CHC,MIL,450314,468504,,,,456124,542583,570731,519058,606115,X,field_out,hit_into_play,Ben Zobrist lines out to right fielder Christian Yelich.,0,0,0,0,-0.444,-0.016,R,Sinker,91.6,L,R
570334,2018-10-01,2018,1,Bot,5,4,2,1,1,CHC,MIL,450314,468504,,,,456124,542583,570731,519058,606115,B,,ball,Ball,0,0,0,0,0.132,0.0,R,Slider,80.9,L,R
570334,2018-10-01,2018,1,Bot,5,3,1,1,1,CHC,MIL,450314,468504,,,,456124,542583,570731,519058,606115,B,,ball,Ball,0,0,0,0,0.059,0.0,R,Slider,80.1,L,R
570334,2018-10-01,2018,1,Bot,5,2,1,0,1,CHC,MIL,450314,468504,,,,456124,542583,570731,519058,606115,S,,foul,Foul,0,0,0,0,-0.054,0.0,R,Sinker,91.8,L,R
570334,2018-10-01,2018,1,Bot,5,1,0,0,1,CHC,MIL,450314,468504,,,,456124,542583,570731,519058,606115,B,,ball,Ball,0,0,0,0,0.043,0.0,R,Sinker,92.4,L,R
570334,2018-10-01,2018,1,Bot,4,3,0,2,0,CHC,MIL,502517,468504,,,,456124,542583,570731,519058,606115,X,field_out,hit_into_play,Daniel Murphy flies out to center fielder Lorenzo Cain.,0,0,0,0,-0.161,-0.021,R,Slider,82.2,L,R
570334,2018-10-01,2018,1,Bot,4,2,0,1,0,CHC,MIL,502517,468504,,,,456124,542583,570731,519058,606115,S,,called_strike,Called Strike,0,0,0,0,-0.057,0.0,R,Sinker,88.2,L,R
570334,2018-10-01,2018,1,Bot,4,1,0,0,0,CHC,MIL,502517,468504,,,,456124,542583,570731,519058,606115,S,,called_strike,Called Strike,0,0,0,0,-0.04,0.0,R,Sinker,93.4,L,R
570334,2018-10-01,2018,1,Top,3,3,2,0,1,CHC,MIL,460075,500779,592885,,,575929,519203,502517,592178,595879,X,grounded_into_double_play,hit_into_play,"Ryan Braun grounds into a double play, shortstop Javier Baez to second baseman Daniel Murphy to first baseman Anthony Rizzo.   Christian Yelich out at 2nd.    Ryan Braun out at 1st.",0,0,0,0,-0.422,0.05,R,4-Seam Fastball,92.5,R,L
570334,2018-10-01,2018,1,Top,3,2,1,0,1,CHC,MIL,460075,500779,592885,,,575929,519203,502517,592178,595879,B,,ball,Ball,0,0,0,0,0.064,0.0,R,4-Seam Fastball,92.8,R,L
570334,2018-10-01,2018,1,Top,3,1,0,0,1,CHC,MIL,460075,500779,592885,,,575929,519203,502517,592178,595879,B,,ball,Ball,0,0,0,0,0.032,0.0,R,4-Seam Fastball,92.9,R,L
570334,2018-10-01,2018,1,Top,2,4,1,2,1,CHC,MIL,592885,500779,,,,575929,519203,502517,592178,595879,X,single,hit_into_play,Christian Yelich singles on a ground ball to shortstop Javier Baez.,0,0,0,0,0.485,-0.025,R,Sinker,93.7,L,L
570334,2018-10-01,2018,1,Top,2,3,1,1,1,CHC,MIL,592885,500779,,,,575929,519203,502517,592178,595879,S,,foul,Foul,0,0,0,0,-0.067,0.0,R,Sinker,93.2,L,L
570334,2018-10-01,2018,1,Top,2,2,1,0,1,CHC,MIL,592885,500779,,,,575929,519203,502517,592178,595879,S,,called_strike,Called Strike,0,0,0,0,-0.054,0.0,R,Sinker,93.2,L,L
570334,2018-10-01,2018,1,Top,2,1,0,0,1,CHC,MIL,592885,500779,,,,575929,519203,502517,592178,595879,B,,ball,Ball,0,0,0,0,0.043,0.0,R,Sinker,93.1,L,L
570334,2018-10-01,2018,1,Top,1,1,0,0,0,CHC,MIL,456715,500779,,,,575929,519203,502517,592178,595879,X,field_out,hit_into_play,"Lorenzo Cain grounds out sharply, shortstop Javier Baez to first baseman Anthony Rizzo.",0,0,0,0,-0.258,0.022,R,4-Seam Fastball,93.0,R,L
