game_pk,game_date,inning,inning_topbot,at_bat_index,pitch_in_pa,balls,strikes,outs,home_team_id,away_team_id,batter_id,pitcher_id,event_type,event,play_desc,is_pa_last,RUN1_SB_FL,RUN2_SB_FL,RUN3_SB_FL,RUN1_CS_FL,RUN2_CS_FL,RUN3_CS_FL,RUN1_PK_FL,RUN2_PK_FL,RUN3_PK_FL,runner_id,start_base,end_base,is_out,out_number,runner_event,runner_event_type,movement_reason,is_scoring_event,rbi,earned,catcher_id
570335,2018-10-01,1,Top,0,0,0,0,0,119,115,453568,621111,,,,,,,,,,,,,,,,,,,,,,,,,518735
570335,2018-10-01,1,Top,0,1,0,0,0,119,115,453568,621111,,,,,,,,,,,,,,,,,,,,,,,,,518735
570335,2018-10-01,1,Top,0,2,0,0,0,119,115,453568,621111,,,,,,,,,,,,,,,,,,,,,,,,,518735
570335,2018-10-01,1,Top,0,3,1,0,0,119,115,453568,621111,,,,,,,,,,,,,,,,,,,,,,,,,518735
570335,2018-10-01,1,Top,0,4,1,1,0,119,115,453568,621111,,,,,,,,,,,,,,,,,,,,,,,,,518735
570335,2018-10-01,1,Top,0,5,1,2,0,119,115,453568,621111,,,,,,,,,,,,,,,,,,,,,,,,,518735
570335,2018-10-01,1,Top,0,6,1,2,0,119,115,453568,621111,field_out,Groundout,"Charlie Blackmon grounds out, second baseman Enrique Hernandez to first baseman Max Muncy.",T,,,,,,,,,,453568,,,T,1,Groundout,field_out,,,,,518735
570335,2018-10-01,1,Top,1,0,1,0,1,119,115,518934,621111,,,,,,,,,,,,,,,,,,,,,,,,,518735
570335,2018-10-01,1,Top,1,1,1,1,1,119,115,518934,621111,,,,,,,,,,,,,,,,,,,,,,,,,518735
570335,2018-10-01,1,Top,1,2,2,1,1,119,115,518934,621111,,,,,,,,,,,,,,,,,,,,,,,,,518735
570335,2018-10-01,1,Top,1,3,2,2,1,119,115,518934,621111,,,,,,,,,,,,,,,,,,,,,,,,,518735
570335,2018-10-01,1,Top,1,4,2,2,1,119,115,518934,621111,field_out,Flyout,DJ LeMahieu flies out to left fielder Joc Pederson.,T,,,,,,,,,,518934,,,T,2,Flyout,field_out,,,,,518735
570335,2018-10-01,1,Top,2,0,0,1,2,119,115,621311,621111,,,,,,,,,,,,,,,,,,,,,,,,,518735
570335,2018-10-01,1,Top,2,1,0,2,2,119,115,621311,621111,,,,,,,,,,,,,,,,,,,,,,,,,518735
570335,2018-10-01,1,Top,2,2,1,2,2,119,115,621311,621111,,,,,,,,,,,,,,,,,,,,,,,,,518735
570335,2018-10-01,1,Top,2,3,1,2,2,119,115,621311,621111,field_out,Groundout,"David Dahl grounds out, second baseman Enrique Hernandez to first baseman Max Muncy.",T,,,,,,,,,,621311,,,T,3,Groundout,field_out,,,,,518735
570335,2018-10-01,1,Bot,3,0,0,1,0,119,115,592626,608566,,,,,,,,,,,,,,,,,,,,,,,,,460077
570335,2018-10-01,1,Bot,3,1,0,2,0,119,115,592626,608566,,,,,,,,,,,,,,,,,,,,,,,,,460077
570335,2018-10-01,1,Bot,3,2,1,2,0,119,115,592626,608566,,,,,,,,,,,,,,,,,,,,,,,,,460077
570335,2018-10-01,1,Bot,3,3,2,2,0,119,115,592626,608566,,,,,,,,,,,,,,,,,,,,,,,,,460077
570335,2018-10-01,1,Bot,3,4,2,3,0,119,115,592626,608566,strikeout,Strikeout,Joc Pederson strikes out swinging.,T,,,,,,,,,,592626,,,T,1,Strikeout,strikeout,,,,,460077
570335,2018-10-01,1,Bot,4,0,0,1,1,119,115,457759,608566,,,,,,,,,,,,,,,,,,,,,,,,,460077
570335,2018-10-01,1,Bot,4,1,1,1,1,119,115,457759,608566,,,,,,,,,,,,,,,,,,,,,,,,,460077
570335,2018-10-01,1,Bot,4,2,1,2,1,119,115,457759,608566,,,,,,,,,,,,,,,,,,,,,,,,,460077
570335,2018-10-01,1,Bot,4,3,2,2,1,119,115,457759,608566,,,,,,,,,,,,,,,,,,,,,,,,,460077
570335,2018-10-01,1,Bot,4,4,2,2,1,119,115,457759,608566,field_out,Groundout,"Justin Turner grounds out, third baseman Nolan Arenado to first baseman Ian Desmond.",T,,,,,,,,,,457759,,,T,2,Groundout,field_out,,,,,460077
570335,2018-10-01,1,Bot,5,0,0,1,2,119,115,571970,608566,,,,,,,,,,,,,,,,,,,,,,,,,460077
570335,2018-10-01,1,Bot,5,1,0,2,2,119,115,571970,608566,,,,,,,,,,,,,,,,,,,,,,,,,460077
570335,2018-10-01,1,Bot,5,2,0,3,2,119,115,571970,608566,strikeout,Strikeout,Max Muncy strikes out swinging.,T,,,,,,,,,,571970,,,T,3,Strikeout,strikeout,,,,,460077
570335,2018-10-01,2,Top,6,0,0,1,0,119,115,571448,621111,,,,,,,,,,,,,,,,,,,,,,,,,518735
570335,2018-10-01,2,Top,6,1,1,1,0,119,115,571448,621111,,,,,,,,,,,,,,,,,,,,,,,,,518735
570335,2018-10-01,2,Top,6,2,1,1,0,119,115,571448,621111,field_out,Pop Out,Nolan Arenado pops out to first baseman Max Muncy in foul territory.,T,,,,,,,,,,571448,,,T,1,Pop Out,field_out,,,,,518735
570335,2018-10-01,2,Top,7,0,0,0,1,119,115,596115,621111,field_out,Groundout,"Trevor Story grounds out softly, pitcher Walker Buehler to first baseman Max Muncy.",T,,,,,,,,,,596115,,,T,2,Groundout,field_out,,,,,518735
570335,2018-10-01,2,Top,8,0,1,0,2,119,115,471865,621111,,,,,,,,,,,,,,,,,,,,,,,,,518735
570335,2018-10-01,2,Top,8,1,1,1,2,119,115,471865,621111,,,,,,,,,,,,,,,,,,,,,,,,,518735
570335,2018-10-01,2,Top,8,2,1,2,2,119,115,471865,621111,,,,,,,,,,,,,,,,,,,,,,,,,518735
570335,2018-10-01,2,Top,8,3,1,2,2,119,115,471865,621111,,,,,,,,,,,,,,,,,,,,,,,,,518735
570335,2018-10-01,2,Top,8,4,2,2,2,119,115,471865,621111,,,,,,,,,,,,,,,,,,,,,,,,,518735
570335,2018-10-01,2,Top,8,5,2,3,2,119,115,471865,621111,strikeout,Strikeout,Carlos Gonzalez strikes out swinging.,T,,,,,,,,,,471865,,,T,3,Strikeout,strikeout,,,,,518735
570335,2018-10-01,2,Bot,9,0,1,0,0,119,115,592518,608566,,,,,,,,,,,,,,,,,,,,,,,,,460077
570335,2018-10-01,2,Bot,9,1,1,0,0,119,115,592518,608566,single,Single,Manny Machado singles on a line drive to center fielder Charlie Blackmon.,T,,,,,,,,,,592518,,1B,,,Single,single,,,,,460077
570335,2018-10-01,2,Bot,10,0,0,1,0,119,115,518735,608566,,,,,,,,,,,,,,,,,,,,,,,,,460077
570335,2018-10-01,2,Bot,10,1,0,1,0,119,115,518735,608566,field_out,Flyout,Yasmani Grandal flies out to left fielder David Dahl in foul territory. Manny Machado to 2nd.,T,,,,,,,,,,518735,,,T,1,Flyout,field_out,,,,,460077
570335,2018-10-01,2,Bot,11,0,0,1,1,119,115,641355,608566,,,,,,,,,,,,,,,,,,,,,,,,,460077
570335,2018-10-01,2,Bot,11,1,0,2,1,119,115,641355,608566,,,,,,,,,,,,,,,,,,,,,,,,,460077
570335,2018-10-01,2,Bot,11,2,0,2,1,119,115,641355,608566,field_out,Groundout,"Dodgers challenged (play at 1st), call on the field was upheld: Cody Bellinger grounds out sharply, first baseman Ian Desmond to pitcher German Marquez. Manny Machado to 3rd.",T,,,,,,,,,,641355,,,T,2,Groundout,field_out,,,,,460077
570335,2018-10-01,2,Bot,12,0,0,1,2,119,115,624577,608566,,,,,,,,,,,,,,,,,,,,,,,,,460077
570335,2018-10-01,2,Bot,12,1,1,1,2,119,115,624577,608566,,,,,,,,,,,,,,,,,,,,,,,,,460077
570335,2018-10-01,2,Bot,12,2,1,2,2,119,115,624577,608566,,,,,,,,,,,,,,,,,,,,,,,,,460077
570335,2018-10-01,2,Bot,12,3,1,3,2,119,115,624577,608566,strikeout,Strikeout,Yasiel Puig strikes out swinging.,T,,,,,,,,,,624577,,,T,3,Strikeout,strikeout,,,,,460077
570335,2018-10-01,3,Top,13,0,0,1,0,119,115,435622,621111,,,,,,,,,,,,,,,,,,,,,,,,,518735
570335,2018-10-01,3,Top,13,1,1,1,0,119,115,435622,621111,hit_by_pitch,Hit By Pitch,Ian Desmond hit by pitch.,T,,,,,,,,,,435622,,1B,,,Hit By Pitch,hit_by_pitch,,,,,518735
570335,2018-10-01,3,Top,14,0,1,0,0,119,115,547172,621111,,,,,,,,,,,,,,,,,,,,,,,,,518735
570335,2018-10-01,3,Top,14,1,2,0,0,119,115,547172,621111,,,,,,,,,,,,,,,,,,,,,,,,,518735
570335,2018-10-01,3,Top,14,2,2,0,0,119,115,547172,621111,,,,,,,,,,,,,,,,,,,,,,,,,518735
570335,2018-10-01,3,Top,14,3,2,1,0,119,115,547172,621111,,,,,,,,,,,,,,,,,,,,,,,,,518735
570335,2018-10-01,3,Top,14,4,2,2,0,119,115,547172,621111,,,,,,,,,,,,,,,,,,,,,,,,,518735
570335,2018-10-01,3,Top,14,5,2,2,0,119,115,547172,621111,,,,,,,,,,,,,,,,,,,,,,,,,518735
570335,2018-10-01,3,Top,14,6,2,2,0,119,115,547172,621111,force_out,Forceout,"Tony Wolters grounds into a force out, shortstop Manny Machado to second baseman Enrique Hernandez. Ian Desmond out at 2nd. Tony Wolters to 1st.",T,,,,,,,,,,435622,1B,,T,1,Forceout,force_out,r_force_out,,,,518735
570335,2018-10-01,3,Top,15,0,0,1,1,119,115,608566,621111,,,,,,,,,,,,,,,,,,,,,,,,,518735
570335,2018-10-01,3,Top,15,1,0,1,1,119,115,608566,621111,sac_bunt,Sac Bunt,"German Marquez out on a sacrifice bunt, pitcher Walker Buehler to second baseman Enrique Hernandez. Tony Wolters to 2nd.",T,,,,,,,,,,608566,,,T,2,Sac Bunt,sac_bunt,,,,,518735
570335,2018-10-01,3,Top,16,0,0,1,2,119,115,453568,621111,,,,,,,,,,,,,,,,,,,,,,,,,518735
570335,2018-10-01,3,Top,16,1,0,2,2,119,115,453568,621111,,,,,,,,,,,,,,,,,,,,,,,,,518735
570335,2018-10-01,3,Top,16,2,1,2,2,119,115,453568,621111,,,,,,,,,,,,,,,,,,,,,,,,,518735
570335,2018-10-01,3,Top,16,3,2,2,2,119,115,453568,621111,,,,,,,,,,,,,,,,,,,,,,,,,518735
570335,2018-10-01,3,Top,16,4,3,2,2,119,115,453568,621111,,,,,,,,,,,,,,,,,,,,,,,,,518735
570335,2018-10-01,3,Top,16,5,4,2,2,119,115,453568,621111,walk,Walk,Charlie Blackmon walks.,T,,,,,,,,,,453568,,1B,,,Walk,walk,,,,,518735
570335,2018-10-01,3,Top,17,0,0,0,2,119,115,518934,621111,,,,,,,,,,,,,,,,,,,,,,,,,518735
570335,2018-10-01,3,Top,17,1,0,1,2,119,115,518934,621111,,,,,,,,,,,,,,,,,,,,,,,,,518735
570335,2018-10-01,3,Top,17,2,0,2,2,119,115,518934,621111,,,,,,,,,,,,,,,,,,,,,,,,,518735
570335,2018-10-01,3,Top,17,3,0,2,2,119,115,518934,621111,,,,,,,,,,,,,,,,,,,,,,,,,518735
570335,2018-10-01,3,Top,17,4,0,2,2,119,115,518934,621111,field_out,Groundout,"DJ LeMahieu grounds out, shortstop Manny Machado to first baseman Max Muncy.",T,,,,,,,,,,518934,,,T,3,Groundout,field_out,,,,,518735
570335,2018-10-01,3,Bot,18,0,0,0,0,119,115,571771,608566,field_out,Groundout,"Enrique Hernandez grounds out sharply, shortstop Trevor Story to first baseman Ian Desmond.",T,,,,,,,,,,571771,,,T,1,Groundout,field_out,,,,,460077
570335,2018-10-01,3,Bot,19,0,0,1,1,119,115,621111,608566,,,,,,,,,,,,,,,,,,,,,,,,,460077
570335,2018-10-01,3,Bot,19,1,0,2,1,119,115,621111,608566,,,,,,,,,,,,,,,,,,,,,,,,,460077
570335,2018-10-01,3,Bot,19,2,1,2,1,119,115,621111,608566,,,,,,,,,,,,,,,,,,,,,,,,,460077
570335,2018-10-01,3,Bot,19,3,2,2,1,119,115,621111,608566,,,,,,,,,,,,,,,,,,,,,,,,,460077
570335,2018-10-01,3,Bot,19,4,3,2,1,119,115,621111,608566,,,,,,,,,,,,,,,,,,,,,,,,,460077
570335,2018-10-01,3,Bot,19,5,4,2,1,119,115,621111,608566,walk,Walk,Walker Buehler walks.,T,,,,,,,,,,621111,,1B,,,Walk,walk,,,,,460077
570335,2018-10-01,3,Bot,20,0,0,1,1,119,115,592626,608566,,,,,,,,,,,,,,,,,,,,,,,,,460077
570335,2018-10-01,3,Bot,20,1,1,1,1,119,115,592626,608566,,,,,,,,,,,,,,,,,,,,,,,,,460077
570335,2018-10-01,3,Bot,20,2,1,1,1,119,115,592626,608566,,,,,,,,,,,,,,,,,,,,,,,,,460077
570335,2018-10-01,3,Bot,20,3,1,1,1,119,115,592626,608566,field_out,Flyout,Joc Pederson flies out to center fielder Charlie Blackmon.,T,,,,,,,,,,592626,,,T,2,Flyout,field_out,,,,,460077
570335,2018-10-01,3,Bot,21,0,1,0,2,119,115,457759,608566,,,,,,,,,,,,,,,,,,,,,,,,,460077
570335,2018-10-01,3,Bot,21,1,1,1,2,119,115,457759,608566,,,,,,,,,,,,,,,,,,,,,,,,,460077
570335,2018-10-01,3,Bot,21,2,1,2,2,119,115,457759,608566,,,,,,,,,,,,,,,,,,,,,,,,,460077
570335,2018-10-01,3,Bot,21,3,1,2,2,119,115,457759,608566,,,,,,,,,,,,,,,,,,,,,,,,,460077
570335,2018-10-01,3,Bot,21,4,1,2,2,119,115,457759,608566,,,,,,,,,,,,,,,,,,,,,,,,,460077
570335,2018-10-01,3,Bot,21,5,2,2,2,119,115,457759,608566,,,,,,,,,,,,,,,,,,,,,,,,,460077
570335,2018-10-01,3,Bot,21,6,2,3,2,119,115,457759,608566,strikeout,Strikeout,"Justin Turner strikes out swinging, catcher Tony Wolters to first baseman Ian Desmond.",T,,,,,,,,,,457759,,,T,3,Strikeout,strikeout,,,,,460077
570335,2018-10-01,4,Top,22,0,1,0,0,119,115,621311,621111,,,,,,,,,,,,,,,,,,,,,,,,,518735
570335,2018-10-01,4,Top,22,1,2,0,0,119,115,621311,621111,,,,,,,,,,,,,,,,,,,,,,,,,518735
570335,2018-10-01,4,Top,22,2,3,0,0,119,115,621311,621111,,,,,,,,,,,,,,,,,,,,,,,,,518735
570335,2018-10-01,4,Top,22,3,3,1,0,119,115,621311,621111,,,,,,,,,,,,,,,,,,,,,,,,,518735
570335,2018-10-01,4,Top,22,4,3,2,0,119,115,621311,621111,,,,,,,,,,,,,,,,,,,,,,,,,518735
570335,2018-10-01,4,Top,22,5,3,2,0,119,115,621311,621111,,,,,,,,,,,,,,,,,,,,,,,,,518735
570335,2018-10-01,4,Top,22,6,3,2,0,119,115,621311,621111,,,,,,,,,,,,,,,,,,,,,,,,,518735
570335,2018-10-01,4,Top,22,7,3,2,0,119,115,621311,621111,,,,,,,,,,,,,,,,,,,,,,,,,518735
570335,2018-10-01,4,Top,22,8,3,2,0,119,115,621311,621111,,,,,,,,,,,,,,,,,,,,,,,,,518735
570335,2018-10-01,4,Top,22,9,4,2,0,119,115,621311,621111,walk,Walk,David Dahl walks.,T,,,,,,,,,,621311,,1B,,,Walk,walk,,,,,518735
570335,2018-10-01,4,Top,23,0,1,0,0,119,115,571448,621111,,,,,,,,,,,,,,,,,,,,,,,,,518735
570335,2018-10-01,4,Top,23,1,2,0,0,119,115,571448,621111,,,,,,,,,,,,,,,,,,,,,,,,,518735
570335,2018-10-01,4,Top,23,2,2,1,0,119,115,571448,621111,,,,,,,,,,,,,,,,,,,,,,,,,518735
570335,2018-10-01,4,Top,23,3,2,1,0,119,115,571448,621111,field_out,Pop Out,Nolan Arenado pops out to shortstop Manny Machado.,T,,,,,,,,,,571448,,,T,1,Pop Out,field_out,,,,,518735
570335,2018-10-01,4,Top,24,0,0,0,1,119,115,596115,621111,,,,,,,,,,,,,,,,,,,,,,,,,518735
570335,2018-10-01,4,Top,24,1,0,1,1,119,115,596115,621111,,,,,,,,,,,,,,,,,,,,,,,,,518735
570335,2018-10-01,4,Top,24,2,0,1,1,119,115,596115,621111,field_out,Flyout,Trevor Story flies out to left fielder Joc Pederson.,T,,,,,,,,,,596115,,,T,2,Flyout,field_out,,,,,518735
570335,2018-10-01,4,Top,25,0,0,0,2,119,115,471865,621111,,,,,,,,,,,,,,,,,,,,,,,,,518735
570335,2018-10-01,4,Top,25,1,0,0,2,119,115,471865,621111,,,,,,,,,,,,,,,,,,,,,,,,,518735
570335,2018-10-01,4,Top,25,2,1,0,2,119,115,471865,621111,caught_stealing_2b,Caught Stealing 2B,"David Dahl caught stealing 2nd base, catcher Yasmani Grandal to shortstop Manny Machado.",T,,,,T,,,,,,621311,1B,,T,3,Caught Stealing 2B,caught_stealing_2b,r_caught_stealing_2b,,,,518735
570335,2018-10-01,4,Bot,26,0,1,0,0,119,115,571970,608566,,,,,,,,,,,,,,,,,,,,,,,,,460077
570335,2018-10-01,4,Bot,26,1,2,0,0,119,115,571970,608566,,,,,,,,,,,,,,,,,,,,,,,,,460077
570335,2018-10-01,4,Bot,26,2,2,1,0,119,115,571970,608566,,,,,,,,,,,,,,,,,,,,,,,,,460077
570335,2018-10-01,4,Bot,26,3,2,2,0,119,115,571970,608566,,,,,,,,,,,,,,,,,,,,,,,,,460077
570335,2018-10-01,4,Bot,26,4,2,3,0,119,115,571970,608566,strikeout,Strikeout,Max Muncy strikes out swinging. Max Muncy to 1st. Passed ball by catcher Tony Wolters.,T,,,,,,,,,,571970,,,,,Strikeout,strikeout,,,,,460077
570335,2018-10-01,4,Bot,27,0,0,0,0,119,115,592518,608566,,,,,,,,,,,,,,,,,,,,,,,,,460077
570335,2018-10-01,4,Bot,27,1,0,0,0,119,115,592518,608566,,,,,,,,,,,,,,,,,,,,,,,,,460077
570335,2018-10-01,4,Bot,27,2,0,1,0,119,115,592518,608566,,,,,,,,,,,,,,,,,,,,,,,,,460077
570335,2018-10-01,4,Bot,27,3,0,2,0,119,115,592518,608566,,,,,,,,,,,,,,,,,,,,,,,,,460077
570335,2018-10-01,4,Bot,27,4,1,2,0,119,115,592518,608566,,,,,,,,,,,,,,,,,,,,,,,,,460077
570335,2018-10-01,4,Bot,27,5,1,2,0,119,115,592518,608566,,,,,,,,,,,,,,,,,,,,,,,,,460077
570335,2018-10-01,4,Bot,27,6,2,2,0,119,115,592518,608566,,,,,,,,,,,,,,,,,,,,,,,,,460077
570335,2018-10-01,4,Bot,27,7,2,2,0,119,115,592518,608566,,,,,,,,,,,,,,,,,,,,,,,,,460077
570335,2018-10-01,4,Bot,27,8,2,3,0,119,115,592518,608566,strikeout,Strikeout,Manny Machado strikes out swinging.,T,,,,,,,,,,592518,,,T,1,Strikeout,strikeout,,,,,460077
570335,2018-10-01,4,Bot,28,0,1,0,1,119,115,518735,608566,,,,,,,,,,,,,,,,,,,,,,,,,460077
570335,2018-10-01,4,Bot,28,1,1,1,1,119,115,518735,608566,,,,,,,,,,,,,,,,,,,,,,,,,460077
570335,2018-10-01,4,Bot,28,2,1,2,1,119,115,518735,608566,,,,,,,,,,,,,,,,,,,,,,,,,460077
570335,2018-10-01,4,Bot,28,3,1,3,1,119,115,518735,608566,strikeout,Strikeout,Yasmani Grandal strikes out swinging.,T,,,,,,,,,,518735,,,T,2,Strikeout,strikeout,,,,,460077
570335,2018-10-01,4,Bot,29,0,1,0,2,119,115,641355,608566,,,,,,,,,,,,,,,,,,,,,,,,,460077
570335,2018-10-01,4,Bot,29,1,1,0,2,119,115,641355,608566,home_run,Home Run,Cody Bellinger homers (25) on a fly ball to right center field. Max Muncy scores.,T,,,,,,,,,,641355,,score,,,Home Run,home_run,,T,T,,460077
570335,2018-10-01,4,Bot,30,0,0,1,2,119,115,624577,608566,,,,,,,,,,,,,,,,,,,,,,,,,460077
570335,2018-10-01,4,Bot,30,1,1,1,2,119,115,624577,608566,,,,,,,,,,,,,,,,,,,,,,,,,460077
570335,2018-10-01,4,Bot,30,2,1,1,2,119,115,624577,608566,double,Double,"Yasiel Puig doubles (21) on a sharp line drive to center fielder Charlie Blackmon, deflected by left fielder David Dahl.",T,,,,,,,,,,624577,,2B,,,Double,double,,,,,460077
570335,2018-10-01,4,Bot,31,0,1,0,2,119,115,571771,608566,,,,,,,,,,,,,,,,,,,,,,,,,460077
570335,2018-10-01,4,Bot,31,1,2,0,2,119,115,571771,608566,,,,,,,,,,,,,,,,,,,,,,,,,460077
570335,2018-10-01,4,Bot,31,2,3,0,2,119,115,571771,608566,,,,,,,,,,,,,,,,,,,,,,,,,460077
570335,2018-10-01,4,Bot,31,3,4,0,2,119,115,571771,608566,intent_walk,Intent Walk,German Marquez intentionally walks Enrique Hernandez.,T,,,,,,,,,,571771,,1B,,,Intent Walk,intent_walk,,,,,460077
570335,2018-10-01,4,Bot,32,0,0,0,2,119,115,621111,608566,,,,,,,,,,,,,,,,,,,,,,,,,460077
570335,2018-10-01,4,Bot,32,1,0,1,2,119,115,621111,608566,,,,,,,,,,,,,,,,,,,,,,,,,460077
570335,2018-10-01,4,Bot,32,2,1,1,2,119,115,621111,608566,,,,,,,,,,,,,,,,,,,,,,,,,460077
570335,2018-10-01,4,Bot,32,3,2,1,2,119,115,621111,608566,,,,,,,,,,,,,,,,,,,,,,,,,460077
570335,2018-10-01,4,Bot,32,4,2,2,2,119,115,621111,608566,,,,,,,,,,,,,,,,,,,,,,,,,460077
570335,2018-10-01,4,Bot,32,5,2,3,2,119,115,621111,608566,strikeout,Strikeout,Walker Buehler strikes out swinging.,T,,,,,,,,,,621111,,,T,3,Strikeout,strikeout,,,,,460077
570335,2018-10-01,5,Top,33,0,1,0,0,119,115,471865,621111,,,,,,,,,,,,,,,,,,,,,,,,,518735
570335,2018-10-01,5,Top,33,1,1,0,0,119,115,471865,621111,field_out,Flyout,Carlos Gonzalez flies out to center fielder Cody Bellinger.,T,,,,,,,,,,471865,,,T,1,Flyout,field_out,,,,,518735
570335,2018-10-01,5,Top,34,0,0,0,1,119,115,435622,621111,,,,,,,,,,,,,,,,,,,,,,,,,518735
570335,2018-10-01,5,Top,34,1,0,1,1,119,115,435622,621111,,,,,,,,,,,,,,,,,,,,,,,,,518735
570335,2018-10-01,5,Top,34,2,1,1,1,119,115,435622,621111,,,,,,,,,,,,,,,,,,,,,,,,,518735
570335,2018-10-01,5,Top,34,3,1,2,1,119,115,435622,621111,,,,,,,,,,,,,,,,,,,,,,,,,518735
570335,2018-10-01,5,Top,34,4,2,2,1,119,115,435622,621111,,,,,,,,,,,,,,,,,,,,,,,,,518735
570335,2018-10-01,5,Top,34,5,2,3,1,119,115,435622,621111,strikeout,Strikeout,Ian Desmond strikes out swinging.,T,,,,,,,,,,435622,,,T,2,Strikeout,strikeout,,,,,518735
570335,2018-10-01,5,Top,35,0,0,1,2,119,115,547172,621111,,,,,,,,,,,,,,,,,,,,,,,,,518735
570335,2018-10-01,5,Top,35,1,0,2,2,119,115,547172,621111,,,,,,,,,,,,,,,,,,,,,,,,,518735
570335,2018-10-01,5,Top,35,2,0,2,2,119,115,547172,621111,field_out,Groundout,Tony Wolters grounds out to first baseman Max Muncy.,T,,,,,,,,,,547172,,,T,3,Groundout,field_out,,,,,518735
570335,2018-10-01,5,Bot,36,0,0,1,0,119,115,592626,608566,,,,,,,,,,,,,,,,,,,,,,,,,460077
570335,2018-10-01,5,Bot,36,1,0,1,0,119,115,592626,608566,double,Double,Joc Pederson doubles (27) on a fly ball to center fielder Charlie Blackmon.,T,,,,,,,,,,592626,,2B,,,Double,double,,,,,460077
570335,2018-10-01,5,Bot,37,0,0,1,0,119,115,457759,608566,,,,,,,,,,,,,,,,,,,,,,,,,460077
570335,2018-10-01,5,Bot,37,1,0,2,0,119,115,457759,608566,,,,,,,,,,,,,,,,,,,,,,,,,460077
570335,2018-10-01,5,Bot,37,2,0,2,0,119,115,457759,608566,,,,,,,,,,,,,,,,,,,,,,,,,460077
570335,2018-10-01,5,Bot,37,3,0,2,0,119,115,457759,608566,,,,,,,,,,,,,,,,,,,,,,,,,460077
570335,2018-10-01,5,Bot,37,4,0,3,0,119,115,457759,608566,strikeout,Strikeout,"Justin Turner strikes out swinging, catcher Tony Wolters to first baseman Ian Desmond.",T,,,,,,,,,,457759,,,T,1,Strikeout,strikeout,,,,,460077
570335,2018-10-01,5,Bot,38,0,0,1,1,119,115,571970,608566,,,,,,,,,,,,,,,,,,,,,,,,,460077
570335,2018-10-01,5,Bot,38,1,1,1,1,119,115,571970,608566,,,,,,,,,,,,,,,,,,,,,,,,,460077
570335,2018-10-01,5,Bot,38,2,2,1,1,119,115,571970,608566,,,,,,,,,,,,,,,,,,,,,,,,,460077
570335,2018-10-01,5,Bot,38,3,2,2,1,119,115,571970,608566,,,,,,,,,,,,,,,,,,,,,,,,,460077
570335,2018-10-01,5,Bot,38,4,2,2,1,119,115,571970,608566,,,,,,,,,,,,,,,,,,,,,,,,,460077
570335,2018-10-01,5,Bot,38,5,3,2,1,119,115,571970,608566,,,,,,,,,,,,,,,,,,,,,,,,,460077
570335,2018-10-01,5,Bot,38,6,3,2,1,119,115,571970,608566,home_run,Home Run,Max Muncy homers (35) on a fly ball to left center field. Joc Pederson scores.,T,,,,,,,,,,571970,,score,,,Home Run,home_run,,T,T,T,460077
570335,2018-10-01,5,Bot,39,0,1,0,1,119,115,592518,608566,,,,,,,,,,,,,,,,,,,,,,,,,460077
570335,2018-10-01,5,Bot,39,1,1,1,1,119,115,592518,608566,,,,,,,,,,,,,,,,,,,,,,,,,460077
570335,2018-10-01,5,Bot,39,2,1,1,1,119,115,592518,608566,field_out,Flyout,Manny Machado flies out to center fielder Charlie Blackmon.,T,,,,,,,,,,592518,,,T,2,Flyout,field_out,,,,,460077
570335,2018-10-01,5,Bot,40,0,0,0,2,119,115,518735,643466,,,,,,,,,,,,,,,,,,,,,,,,,460077
570335,2018-10-01,5,Bot,40,1,0,0,2,119,115,518735,643466,,,,,,,,,,,,,,,,,,,,,,,,,460077
570335,2018-10-01,5,Bot,40,2,0,0,2,119,115,518735,643466,,,,,,,,,,,,,,,,,,,,,,,,,460077
570335,2018-10-01,5,Bot,40,3,1,0,2,119,115,518735,643466,,,,,,,,,,,,,,,,,,,,,,,,,460077
570335,2018-10-01,5,Bot,40,4,1,1,2,119,115,518735,643466,,,,,,,,,,,,,,,,,,,,,,,,,460077
570335,2018-10-01,5,Bot,40,5,1,2,2,119,115,518735,643466,,,,,,,,,,,,,,,,,,,,,,,,,460077
570335,2018-10-01,5,Bot,40,6,2,2,2,119,115,518735,643466,,,,,,,,,,,,,,,,,,,,,,,,,460077
570335,2018-10-01,5,Bot,40,7,3,2,2,119,115,518735,643466,,,,,,,,,,,,,,,,,,,,,,,,,460077
570335,2018-10-01,5,Bot,40,8,3,2,2,119,115,518735,643466,field_out,Groundout,"Yasmani Grandal grounds out, shortstop Trevor Story to first baseman Ian Desmond.",T,,,,,,,,,,518735,,,T,3,Groundout,field_out,,,,,460077
570335,2018-10-01,6,Top,41,0,0,1,0,119,115,455104,621111,,,,,,,,,,,,,,,,,,,,,,,,,518735
570335,2018-10-01,6,Top,41,1,1,1,0,119,115,455104,621111,,,,,,,,,,,,,,,,,,,,,,,,,518735
570335,2018-10-01,6,Top,41,2,2,1,0,119,115,455104,621111,,,,,,,,,,,,,,,,,,,,,,,,,518735
570335,2018-10-01,6,Top,41,3,2,2,0,119,115,455104,621111,,,,,,,,,,,,,,,,,,,,,,,,,518735
570335,2018-10-01,6,Top,41,4,3,2,0,119,115,455104,621111,,,,,,,,,,,,,,,,,,,,,,,,,518735
570335,2018-10-01,6,Top,41,5,3,3,0,119,115,455104,621111,strikeout,Strikeout,Chris Iannetta strikes out swinging.,T,,,,,,,,,,455104,,,T,1,Strikeout,strikeout,,,,,518735
570335,2018-10-01,6,Top,42,0,0,1,1,119,115,453568,621111,,,,,,,,,,,,,,,,,,,,,,,,,518735
570335,2018-10-01,6,Top,42,1,1,1,1,119,115,453568,621111,,,,,,,,,,,,,,,,,,,,,,,,,518735
570335,2018-10-01,6,Top,42,2,1,1,1,119,115,453568,621111,single,Single,Charlie Blackmon singles on a line drive to right fielder Yasiel Puig.,T,,,,,,,,,,453568,,1B,,,Single,single,,,,,518735
570335,2018-10-01,6,Top,43,0,0,1,1,119,115,518934,621111,,,,,,,,,,,,,,,,,,,,,,,,,518735
570335,2018-10-01,6,Top,43,1,1,1,1,119,115,518934,621111,,,,,,,,,,,,,,,,,,,,,,,,,518735
570335,2018-10-01,6,Top,43,2,1,1,1,119,115,518934,621111,field_out,Groundout,"DJ LeMahieu grounds out, second baseman Enrique Hernandez to first baseman Max Muncy. Charlie Blackmon to 2nd.",T,,,,,,,,,,518934,,,T,2,Groundout,field_out,,,,,518735
570335,2018-10-01,6,Top,44,0,0,0,2,119,115,621311,621111,field_out,Groundout,David Dahl grounds out to first baseman Max Muncy.,T,,,,,,,,,,621311,,,T,3,Groundout,field_out,,,,,518735
570335,2018-10-01,6,Bot,45,0,1,0,0,119,115,641355,643466,,,,,,,,,,,,,,,,,,,,,,,,,460077
570335,2018-10-01,6,Bot,45,1,2,0,0,119,115,641355,643466,,,,,,,,,,,,,,,,,,,,,,,,,460077
570335,2018-10-01,6,Bot,45,2,2,0,0,119,115,641355,643466,field_out,Pop Out,Cody Bellinger pops out to third baseman Nolan Arenado.,T,,,,,,,,,,641355,,,T,1,Pop Out,field_out,,,,,460077
570335,2018-10-01,6,Bot,46,0,0,1,1,119,115,624577,643466,,,,,,,,,,,,,,,,,,,,,,,,,460077
570335,2018-10-01,6,Bot,46,1,0,1,1,119,115,624577,643466,field_out,Lineout,Yasiel Puig lines out to right fielder Carlos Gonzalez.,T,,,,,,,,,,624577,,,T,2,Lineout,field_out,,,,,460077
570335,2018-10-01,6,Bot,47,0,1,0,2,119,115,571771,643466,,,,,,,,,,,,,,,,,,,,,,,,,460077
570335,2018-10-01,6,Bot,47,1,1,1,2,119,115,571771,643466,,,,,,,,,,,,,,,,,,,,,,,,,460077
570335,2018-10-01,6,Bot,47,2,1,1,2,119,115,571771,643466,double,Double,Enrique Hernandez hits a ground-rule double (17) on a line drive to right field.,T,,,,,,,,,,571771,,2B,,,Double,double,,,,,460077
570335,2018-10-01,6,Bot,48,0,1,0,2,119,115,621111,643466,,,,,,,,,,,,,,,,,,,,,,,,,460077
570335,2018-10-01,6,Bot,48,1,1,0,2,119,115,621111,643466,single,Single,Walker Buehler singles on a line drive to right fielder Carlos Gonzalez. Enrique Hernandez scores.,T,,,,,,,,,,621111,,1B,,,Single,single,,,,,460077
570335,2018-10-01,6,Bot,49,0,1,0,2,119,115,592626,643466,,,,,,,,,,,,,,,,,,,,,,,,,460077
570335,2018-10-01,6,Bot,49,1,2,0,2,119,115,592626,643466,,,,,,,,,,,,,,,,,,,,,,,,,460077
570335,2018-10-01,6,Bot,49,2,2,0,2,119,115,592626,643466,field_out,Flyout,Joc Pederson flies out to center fielder Charlie Blackmon.,T,,,,,,,,,,592626,,,T,3,Flyout,field_out,,,,,460077
570335,2018-10-01,7,Top,50,0,0,1,0,119,115,571448,621111,,,,,,,,,,,,,,,,,,,,,,,,,518735
570335,2018-10-01,7,Top,50,1,1,1,0,119,115,571448,621111,,,,,,,,,,,,,,,,,,,,,,,,,518735
570335,2018-10-01,7,Top,50,2,1,2,0,119,115,571448,621111,,,,,,,,,,,,,,,,,,,,,,,,,518735
570335,2018-10-01,7,Top,50,3,1,2,0,119,115,571448,621111,field_out,Flyout,Nolan Arenado flies out to right fielder Yasiel Puig.,T,,,,,,,,,,571448,,,T,1,Flyout,field_out,,,,,518735
570335,2018-10-01,7,Top,51,0,0,1,1,119,115,596115,621111,,,,,,,,,,,,,,,,,,,,,,,,,518735
570335,2018-10-01,7,Top,51,1,0,1,1,119,115,596115,621111,field_out,Flyout,Trevor Story flies out to right fielder Yasiel Puig.,T,,,,,,,,,,596115,,,T,2,Flyout,field_out,,,,,518735
570335,2018-10-01,7,Top,52,0,1,0,2,119,115,471865,621111,,,,,,,,,,,,,,,,,,,,,,,,,518735
570335,2018-10-01,7,Top,52,1,1,1,2,119,115,471865,621111,,,,,,,,,,,,,,,,,,,,,,,,,518735
570335,2018-10-01,7,Top,52,2,2,1,2,119,115,471865,621111,,,,,,,,,,,,,,,,,,,,,,,,,518735
570335,2018-10-01,7,Top,52,3,3,1,2,119,115,471865,621111,,,,,,,,,,,,,,,,,,,,,,,,,518735
570335,2018-10-01,7,Top,52,4,4,1,2,119,115,471865,621111,walk,Walk,Carlos Gonzalez walks.,T,,,,,,,,,,471865,,1B,,,Walk,walk,,,,,518735
570335,2018-10-01,7,Top,53,0,0,0,2,119,115,435622,520980,,,,,,,,,,,,,,,,,,,,,,,,,518735
570335,2018-10-01,7,Top,53,1,0,0,2,119,115,435622,520980,,,,,,,,,,,,,,,,,,,,,,,,,518735
570335,2018-10-01,7,Top,53,2,1,0,2,119,115,435622,520980,,,,,,,,,,,,,,,,,,,,,,,,,518735
570335,2018-10-01,7,Top,53,3,2,0,2,119,115,435622,520980,,,,,,,,,,,,,,,,,,,,,,,,,518735
570335,2018-10-01,7,Top,53,4,2,1,2,119,115,435622,520980,,,,,,,,,,,,,,,,,,,,,,,,,518735
570335,2018-10-01,7,Top,53,5,2,2,2,119,115,435622,520980,,,,,,,,,,,,,,,,,,,,,,,,,518735
570335,2018-10-01,7,Top,53,6,3,2,2,119,115,435622,520980,,,,,,,,,,,,,,,,,,,,,,,,,518735
570335,2018-10-01,7,Top,53,7,3,2,2,119,115,435622,520980,,,,,,,,,,,,,,,,,,,,,,,,,518735
570335,2018-10-01,7,Top,53,8,4,2,2,119,115,435622,520980,walk,Walk,Ian Desmond walks. Carlos Gonzalez to 2nd.,T,,,,,,,,,,471865,1B,2B,,,Walk,walk,r_adv_force,,,,518735
570335,2018-10-01,7,Top,54,0,0,0,2,119,115,407812,520980,,,,,,,,,,,,,,,,,,,,,,,,,518735
570335,2018-10-01,7,Top,54,1,0,0,2,119,115,407812,520980,,,,,,,,,,,,,,,,,,,,,,,,,518735
570335,2018-10-01,7,Top,54,2,0,0,2,119,115,407812,520980,field_out,Pop Out,Matt Holliday pops out to shortstop Manny Machado.,T,,,,,,,,,,407812,,,T,3,Pop Out,field_out,,,,,518735
570335,2018-10-01,7,Bot,55,0,0,0,0,119,115,457759,623184,,,,,,,,,,,,,,,,,,,,,,,,,460077
570335,2018-10-01,7,Bot,55,1,0,1,0,119,115,457759,623184,,,,,,,,,,,,,,,,,,,,,,,,,460077
570335,2018-10-01,7,Bot,55,2,0,1,0,119,115,457759,623184,single,Single,Justin Turner singles on a line drive to right fielder Carlos Gonzalez.,T,,,,,,,,,,457759,,1B,,,Single,single,,,,,460077
570335,2018-10-01,7,Bot,56,0,0,1,0,119,115,571970,623184,,,,,,,,,,,,,,,,,,,,,,,,,460077
570335,2018-10-01,7,Bot,56,1,0,1,0,119,115,571970,623184,single,Single,Max Muncy singles on a sharp line drive to right fielder Carlos Gonzalez. Justin Turner to 3rd.,T,,,,,,,,,,571970,,1B,,,Single,single,,,,,460077
570335,2018-10-01,7,Bot,57,0,1,0,0,119,115,592518,623184,,,,,,,,,,,,,,,,,,,,,,,,,460077
570335,2018-10-01,7,Bot,57,1,1,1,0,119,115,592518,623184,,,,,,,,,,,,,,,,,,,,,,,,,460077
570335,2018-10-01,7,Bot,57,2,1,2,0,119,115,592518,623184,,,,,,,,,,,,,,,,,,,,,,,,,460077
570335,2018-10-01,7,Bot,57,3,1,2,0,119,115,592518,623184,grounded_into_double_play,Grounded Into DP,"Manny Machado grounds into a double play, pitcher Scott Oberg to second baseman DJ LeMahieu to first baseman Ian Desmond. Max Muncy out at 2nd. Manny Machado out at 1st.",T,,,,,,,,,,571970,1B,,T,1,Grounded Into DP,grounded_into_double_play,r_force_out,,,,460077
570335,2018-10-01,7,Bot,58,0,0,0,2,119,115,518735,459429,,,,,,,,,,,,,,,,,,,,,,,,,460077
570335,2018-10-01,7,Bot,58,1,0,0,2,119,115,518735,459429,,,,,,,,,,,,,,,,,,,,,,,,,460077
570335,2018-10-01,7,Bot,58,2,1,0,2,119,115,518735,459429,,,,,,,,,,,,,,,,,,,,,,,,,460077
570335,2018-10-01,7,Bot,58,3,2,0,2,119,115,518735,459429,,,,,,,,,,,,,,,,,,,,,,,,,460077
570335,2018-10-01,7,Bot,58,4,3,0,2,119,115,518735,459429,,,,,,,,,,,,,,,,,,,,,,,,,460077
570335,2018-10-01,7,Bot,58,5,3,1,2,119,115,518735,459429,,,,,,,,,,,,,,,,,,,,,,,,,460077
570335,2018-10-01,7,Bot,58,6,3,2,2,119,115,518735,459429,,,,,,,,,,,,,,,,,,,,,,,,,460077
570335,2018-10-01,7,Bot,58,7,3,2,2,119,115,518735,459429,,,,,,,,,,,,,,,,,,,,,,,,,460077
570335,2018-10-01,7,Bot,58,8,3,3,2,119,115,518735,459429,strikeout,Strikeout,Yasmani Grandal strikes out swinging.,T,,,,,,,,,,518735,,,T,3,Strikeout,strikeout,,,,,460077
570335,2018-10-01,8,Top,59,0,1,0,0,119,115,455104,520980,,,,,,,,,,,,,,,,,,,,,,,,,518735
570335,2018-10-01,8,Top,59,1,1,0,0,119,115,455104,520980,field_out,Lineout,Chris Iannetta lines out to third baseman Justin Turner.,T,,,,,,,,,,455104,,,T,1,Lineout,field_out,,,,,518735
570335,2018-10-01,8,Top,60,0,0,0,1,119,115,453568,518397,,,,,,,,,,,,,,,,,,,,,,,,,518735
570335,2018-10-01,8,Top,60,1,0,0,1,119,115,453568,518397,,,,,,,,,,,,,,,,,,,,,,,,,518735
570335,2018-10-01,8,Top,60,2,0,1,1,119,115,453568,518397,,,,,,,,,,,,,,,,,,,,,,,,,518735
570335,2018-10-01,8,Top,60,3,1,1,1,119,115,453568,518397,,,,,,,,,,,,,,,,,,,,,,,,,518735
570335,2018-10-01,8,Top,60,4,2,1,1,119,115,453568,518397,,,,,,,,,,,,,,,,,,,,,,,,,518735
570335,2018-10-01,8,Top,60,5,2,2,1,119,115,453568,518397,,,,,,,,,,,,,,,,,,,,,,,,,518735
570335,2018-10-01,8,Top,60,6,3,2,1,119,115,453568,518397,,,,,,,,,,,,,,,,,,,,,,,,,518735
570335,2018-10-01,8,Top,60,7,3,2,1,119,115,453568,518397,single,Single,Charlie Blackmon singles on a ground ball to left fielder Joc Pederson.,T,,,,,,,,,,453568,,1B,,,Single,single,,,,,518735
570335,2018-10-01,8,Top,61,0,0,0,1,119,115,518934,628317,,,,,,,,,,,,,,,,,,,,,,,,,518735
570335,2018-10-01,8,Top,61,1,0,0,1,119,115,518934,628317,,,,,,,,,,,,,,,,,,,,,,,,,518735
570335,2018-10-01,8,Top,61,2,0,1,1,119,115,518934,628317,,,,,,,,,,,,,,,,,,,,,,,,,518735
570335,2018-10-01,8,Top,61,3,0,2,1,119,115,518934,628317,,,,,,,,,,,,,,,,,,,,,,,,,518735
570335,2018-10-01,8,Top,61,4,0,2,1,119,115,518934,628317,,,,,,,,,,,,,,,,,,,,,,,,,518735
570335,2018-10-01,8,Top,61,5,1,2,1,119,115,518934,628317,,,,,,,,,,,,,,,,,,,,,,,,,518735
570335,2018-10-01,8,Top,61,6,1,2,1,119,115,518934,628317,field_out,Groundout,"Rockies challenged (play at 1st), call on the field was upheld: DJ LeMahieu grounds out softly, third baseman Justin Turner to first baseman Max Muncy. Charlie Blackmon to 2nd.",T,,,,,,,,,,518934,,,T,2,Groundout,field_out,,,,,518735
570335,2018-10-01,8,Top,62,0,0,1,2,119,115,621311,628317,,,,,,,,,,,,,,,,,,,,,,,,,518735
570335,2018-10-01,8,Top,62,1,1,1,2,119,115,621311,628317,,,,,,,,,,,,,,,,,,,,,,,,,518735
570335,2018-10-01,8,Top,62,2,1,2,2,119,115,621311,628317,,,,,,,,,,,,,,,,,,,,,,,,,518735
570335,2018-10-01,8,Top,62,3,2,2,2,119,115,621311,628317,,,,,,,,,,,,,,,,,,,,,,,,,518735
570335,2018-10-01,8,Top,62,4,2,2,2,119,115,621311,628317,,,,,,,,,,,,,,,,,,,,,,,,,518735
570335,2018-10-01,8,Top,62,5,2,3,2,119,115,621311,628317,strikeout,Strikeout,David Dahl strikes out swinging.,T,,,,,,,,,,621311,,,T,3,Strikeout,strikeout,,,,,518735
570335,2018-10-01,8,Bot,63,0,0,1,0,119,115,641355,459429,,,,,,,,,,,,,,,,,,,,,,,,,460077
570335,2018-10-01,8,Bot,63,1,0,2,0,119,115,641355,459429,,,,,,,,,,,,,,,,,,,,,,,,,460077
570335,2018-10-01,8,Bot,63,2,1,2,0,119,115,641355,459429,,,,,,,,,,,,,,,,,,,,,,,,,460077
570335,2018-10-01,8,Bot,63,3,2,2,0,119,115,641355,459429,,,,,,,,,,,,,,,,,,,,,,,,,460077
570335,2018-10-01,8,Bot,63,4,3,2,0,119,115,641355,459429,,,,,,,,,,,,,,,,,,,,,,,,,460077
570335,2018-10-01,8,Bot,63,5,3,2,0,119,115,641355,459429,field_out,Groundout,Cody Bellinger grounds out to first baseman Ian Desmond.,T,,,,,,,,,,641355,,,T,1,Groundout,field_out,,,,,460077
570335,2018-10-01,8,Bot,64,0,0,1,1,119,115,624577,459429,,,,,,,,,,,,,,,,,,,,,,,,,460077
570335,2018-10-01,8,Bot,64,1,0,1,1,119,115,624577,459429,field_out,Groundout,"Yasiel Puig grounds out, third baseman Nolan Arenado to first baseman Ian Desmond.",T,,,,,,,,,,624577,,,T,2,Groundout,field_out,,,,,460077
570335,2018-10-01,8,Bot,65,0,0,0,2,119,115,571771,597113,,,,,,,,,,,,,,,,,,,,,,,,,460077
570335,2018-10-01,8,Bot,65,1,0,0,2,119,115,571771,597113,,,,,,,,,,,,,,,,,,,,,,,,,460077
570335,2018-10-01,8,Bot,65,2,0,0,2,119,115,571771,597113,field_out,Groundout,"Enrique Hernandez grounds out, third baseman Nolan Arenado to first baseman Ian Desmond.",T,,,,,,,,,,571771,,,T,3,Groundout,field_out,,,,,460077
570335,2018-10-01,9,Top,66,0,0,0,0,119,115,571448,445276,,,,,,,,,,,,,,,,,,,,,,,,,518735
570335,2018-10-01,9,Top,66,1,0,0,0,119,115,571448,445276,,,,,,,,,,,,,,,,,,,,,,,,,518735
570335,2018-10-01,9,Top,66,2,0,0,0,119,115,571448,445276,,,,,,,,,,,,,,,,,,,,,,,,,518735
570335,2018-10-01,9,Top,66,3,0,0,0,119,115,571448,445276,home_run,Home Run,Nolan Arenado homers (38) on a fly ball to left field.,T,,,,,,,,,,571448,,score,,,Home Run,home_run,,T,T,T,518735
570335,2018-10-01,9,Top,67,0,0,1,0,119,115,596115,445276,,,,,,,,,,,,,,,,,,,,,,,,,518735
570335,2018-10-01,9,Top,67,1,0,2,0,119,115,596115,445276,,,,,,,,,,,,,,,,,,,,,,,,,518735
570335,2018-10-01,9,Top,67,2,1,2,0,119,115,596115,445276,,,,,,,,,,,,,,,,,,,,,,,,,518735
570335,2018-10-01,9,Top,67,3,1,2,0,119,115,596115,445276,,,,,,,,,,,,,,,,,,,,,,,,,518735
570335,2018-10-01,9,Top,67,4,2,2,0,119,115,596115,445276,,,,,,,,,,,,,,,,,,,,,,,,,518735
570335,2018-10-01,9,Top,67,5,2,2,0,119,115,596115,445276,,,,,,,,,,,,,,,,,,,,,,,,,518735
570335,2018-10-01,9,Top,67,6,2,2,0,119,115,596115,445276,,,,,,,,,,,,,,,,,,,,,,,,,518735
570335,2018-10-01,9,Top,67,7,3,2,0,119,115,596115,445276,,,,,,,,,,,,,,,,,,,,,,,,,518735
570335,2018-10-01,9,Top,67,8,3,2,0,119,115,596115,445276,home_run,Home Run,Trevor Story homers (37) on a fly ball to right center field.,T,,,,,,,,,,596115,,score,,,Home Run,home_run,,T,T,T,518735
570335,2018-10-01,9,Top,68,0,0,0,0,119,115,471865,445276,,,,,,,,,,,,,,,,,,,,,,,,,518735
570335,2018-10-01,9,Top,68,1,0,0,0,119,115,471865,445276,field_out,Groundout,Carlos Gonzalez grounds out to first baseman Cody Bellinger.,T,,,,,,,,,,471865,,,T,1,Groundout,field_out,,,,,518735
570335,2018-10-01,9,Top,69,0,0,1,1,119,115,435622,445276,,,,,,,,,,,,,,,,,,,,,,,,,518735
570335,2018-10-01,9,Top,69,1,0,2,1,119,115,435622,445276,,,,,,,,,,,,,,,,,,,,,,,,,518735
570335,2018-10-01,9,Top,69,2,1,2,1,119,115,435622,445276,,,,,,,,,,,,,,,,,,,,,,,,,518735
570335,2018-10-01,9,Top,69,3,2,2,1,119,115,435622,445276,,,,,,,,,,,,,,,,,,,,,,,,,518735
570335,2018-10-01,9,Top,69,4,2,2,1,119,115,435622,445276,,,,,,,,,,,,,,,,,,,,,,,,,518735
570335,2018-10-01,9,Top,69,5,2,3,1,119,115,435622,445276,strikeout,Strikeout,Ian Desmond called out on strikes.,T,,,,,,,,,,435622,,,T,2,Strikeout,strikeout,,,,,518735
570335,2018-10-01,9,Top,70,0,0,0,2,119,115,467827,445276,,,,,,,,,,,,,,,,,,,,,,,,,518735
570335,2018-10-01,9,Top,70,1,0,1,2,119,115,467827,445276,,,,,,,,,,,,,,,,,,,,,,,,,518735
570335,2018-10-01,9,Top,70,2,0,2,2,119,115,467827,445276,,,,,,,,,,,,,,,,,,,,,,,,,518735
570335,2018-10-01,9,Top,70,3,0,2,2,119,115,467827,445276,,,,,,,,,,,,,,,,,,,,,,,,,518735
570335,2018-10-01,9,Top,70,4,0,3,2,119,115,467827,445276,strikeout,Strikeout,Gerardo Parra strikes out swinging.,T,,,,,,,,,,467827,,,T,3,Strikeout,strikeout,,,,,518735
570334,2018-10-01,1,Top,0,0,0,0,0,112,158,456715,500779,,,,,,,,,,,,,,,,,,,,,,,,,575929
570334,2018-10-01,1,Top,0,1,0,0,0,112,158,456715,500779,,,,,,,,,,,,,,,,,,,,,,,,,575929
570334,2018-10-01,1,Top,0,2,0,0,0,112,158,456715,500779,,,,,,,,,,,,,,,,,,,,,,,,,575929
570334,2018-10-01,1,Top,0,3,0,0,0,112,158,456715,500779,field_out,Groundout,"Lorenzo Cain grounds out sharply, shortstop Javier Baez to first baseman Anthony Rizzo.",T,,,,,,,,,,456715,,,T,1,Groundout,field_out,,,,,575929
570334,2018-10-01,1,Top,1,0,1,0,1,112,158,592885,500779,,,,,,,,,,,,,,,,,,,,,,,,,575929
570334,2018-10-01,1,Top,1,1,1,1,1,112,158,592885,500779,,,,,,,,,,,,,,,,,,,,,,,,,575929
570334,2018-10-01,1,Top,1,2,1,2,1,112,158,592885,500779,,,,,,,,,,,,,,,,,,,,,,,,,575929
570334,2018-10-01,1,Top,1,3,1,2,1,112,158,592885,500779,single,Single,Christian Yelich singles on a ground ball to shortstop Javier Baez.,T,,,,,,,,,,592885,,1B,,,Single,single,,,,,575929
570334,2018-10-01,1,Top,2,0,1,0,1,112,158,460075,500779,,,,,,,,,,,,,,,,,,,,,,,,,575929
570334,2018-10-01,1,Top,2,1,2,0,1,112,158,460075,500779,,,,,,,,,,,,,,,,,,,,,,,,,575929
570334,2018-10-01,1,Top,2,2,2,0,1,112,158,460075,500779,grounded_into_double_play,Grounded Into DP,"Ryan Braun grounds into a double play, shortstop Javier Baez to second baseman Daniel Murphy to first baseman Anthony Rizzo. Christian Yelich out at 2nd. Ryan Braun out at 1st.",T,,,,,,,,,,592885,1B,,T,2,Grounded Into DP,grounded_into_double_play,r_force_out,,,,575929
570334,2018-10-01,1,Bot,3,0,0,1,0,112,158,502517,468504,,,,,,,,,,,,,,,,,,,,,,,,,456124
570334,2018-10-01,1,Bot,3,1,0,2,0,112,158,502517,468504,,,,,,,,,,,,,,,,,,,,,,,,,456124
570334,2018-10-01,1,Bot,3,2,0,2,0,112,158,502517,468504,field_out,Flyout,Daniel Murphy flies out to center fielder Lorenzo Cain.,T,,,,,,,,,,502517,,,T,1,Flyout,field_out,,,,,456124
570334,2018-10-01,1,Bot,4,0,1,0,1,112,158,450314,468504,,,,,,,,,,,,,,,,,,,,,,,,,456124
570334,2018-10-01,1,Bot,4,1,1,1,1,112,158,450314,468504,,,,,,,,,,,,,,,,,,,,,,,,,456124
570334,2018-10-01,1,Bot,4,2,2,1,1,112,158,450314,468504,,,,,,,,,,,,,,,,,,,,,,,,,456124
570334,2018-10-01,1,Bot,4,3,3,1,1,112,158,450314,468504,,,,,,,,,,,,,,,,,,,,,,,,,456124
570334,2018-10-01,1,Bot,4,4,3,1,1,112,158,450314,468504,field_out,Lineout,Ben Zobrist lines out to right fielder Christian Yelich.,T,,,,,,,,,,450314,,,T,2,Lineout,field_out,,,,,456124
570334,2018-10-01,1,Bot,5,0,0,1,2,112,158,595879,468504,,,,,,,,,,,,,,,,,,,,,,,,,456124
570334,2018-10-01,1,Bot,5,1,0,2,2,112,158,595879,468504,,,,,,,,,,,,,,,,,,,,,,,,,456124
570334,2018-10-01,1,Bot,5,2,0,3,2,112,158,595879,468504,strikeout,Strikeout,Javier Baez strikes out swinging.,T,,,,,,,,,,595879,,,T,3,Strikeout,strikeout,,,,,456124
570334,2018-10-01,2,Top,6,0,0,1,0,112,158,542583,500779,,,,,,,,,,,,,,,,,,,,,,,,,575929
570334,2018-10-01,2,Top,6,1,1,1,0,112,158,542583,500779,,,,,,,,,,,,,,,,,,,,,,,,,575929
570334,2018-10-01,2,Top,6,2,2,1,0,112,158,542583,500779,,,,,,,,,,,,,,,,,,,,,,,,,575929
570334,2018-10-01,2,Top,6,3,2,1,0,112,158,542583,500779,single,Single,Jesus Aguilar singles on a sharp ground ball to center fielder Jason Heyward.,T,,,,,,,,,,542583,,1B,,,Single,single,,,,,575929
570334,2018-10-01,2,Top,7,0,0,0,0,112,158,570731,500779,field_out,Lineout,Jonathan Schoop lines out sharply to third baseman Kris Bryant.,T,,,,,,,,,,570731,,,T,1,Lineout,field_out,,,,,575929
570334,2018-10-01,2,Top,8,0,0,1,1,112,158,519058,500779,,,,,,,,,,,,,,,,,,,,,,,,,575929
570334,2018-10-01,2,Top,8,1,0,1,1,112,158,519058,500779,field_out,Flyout,Mike Moustakas flies out to right fielder Ben Zobrist.,T,,,,,,,,,,519058,,,T,2,Flyout,field_out,,,,,575929
570334,2018-10-01,2,Top,9,0,0,0,2,112,158,456124,500779,field_out,Flyout,Erik Kratz flies out to left fielder Kyle Schwarber.,T,,,,,,,,,,456124,,,T,3,Flyout,field_out,,,,,575929
570334,2018-10-01,2,Bot,10,0,0,1,0,112,158,519203,468504,,,,,,,,,,,,,,,,,,,,,,,,,456124
570334,2018-10-01,2,Bot,10,1,0,2,0,112,158,519203,468504,,,,,,,,,,,,,,,,,,,,,,,,,456124
570334,2018-10-01,2,Bot,10,2,0,2,0,112,158,519203,468504,,,,,,,,,,,,,,,,,,,,,,,,,456124
570334,2018-10-01,2,Bot,10,3,1,2,0,112,158,519203,468504,,,,,,,,,,,,,,,,,,,,,,,,,456124
570334,2018-10-01,2,Bot,10,4,1,2,0,112,158,519203,468504,,,,,,,,,,,,,,,,,,,,,,,,,456124
570334,2018-10-01,2,Bot,10,5,1,2,0,112,158,519203,468504,,,,,,,,,,,,,,,,,,,,,,,,,456124
570334,2018-10-01,2,Bot,10,6,1,2,0,112,158,519203,468504,,,,,,,,,,,,,,,,,,,,,,,,,456124
570334,2018-10-01,2,Bot,10,7,2,2,0,112,158,519203,468504,,,,,,,,,,,,,,,,,,,,,,,,,456124
570334,2018-10-01,2,Bot,10,8,2,2,0,112,158,519203,468504,field_out,Flyout,Anthony Rizzo flies out to center fielder Lorenzo Cain.,T,,,,,,,,,,519203,,,T,1,Flyout,field_out,,,,,456124
570334,2018-10-01,2,Bot,11,0,1,0,1,112,158,592178,468504,,,,,,,,,,,,,,,,,,,,,,,,,456124
570334,2018-10-01,2,Bot,11,1,1,1,1,112,158,592178,468504,,,,,,,,,,,,,,,,,,,,,,,,,456124
570334,2018-10-01,2,Bot,11,2,2,1,1,112,158,592178,468504,,,,,,,,,,,,,,,,,,,,,,,,,456124
570334,2018-10-01,2,Bot,11,3,3,1,1,112,158,592178,468504,,,,,,,,,,,,,,,,,,,,,,,,,456124
570334,2018-10-01,2,Bot,11,4,4,1,1,112,158,592178,468504,walk,Walk,Kris Bryant walks.,T,,,,,,,,,,592178,,1B,,,Walk,walk,,,,,456124
570334,2018-10-01,2,Bot,12,0,0,1,1,112,158,656941,468504,,,,,,,,,,,,,,,,,,,,,,,,,456124
570334,2018-10-01,2,Bot,12,1,0,2,1,112,158,656941,468504,,,,,,,,,,,,,,,,,,,,,,,,,456124
570334,2018-10-01,2,Bot,12,2,1,2,1,112,158,656941,468504,,,,,,,,,,,,,,,,,,,,,,,,,456124
570334,2018-10-01,2,Bot,12,3,2,2,1,112,158,656941,468504,,,,,,,,,,,,,,,,,,,,,,,,,456124
570334,2018-10-01,2,Bot,12,4,2,2,1,112,158,656941,468504,,,,,,,,,,,,,,,,,,,,,,,,,456124
570334,2018-10-01,2,Bot,12,5,2,2,1,112,158,656941,468504,,,,,,,,,,,,,,,,,,,,,,,,,456124
570334,2018-10-01,2,Bot,12,6,2,2,1,112,158,656941,468504,grounded_into_double_play,Grounded Into DP,"Kyle Schwarber grounds into a double play, first baseman Jesus Aguilar to shortstop Orlando Arcia to first baseman Jesus Aguilar. Kris Bryant out at 2nd. Kyle Schwarber out at 1st.",T,,,,,,,,,,592178,1B,,T,2,Grounded Into DP,grounded_into_double_play,r_force_out,,,,456124
570334,2018-10-01,3,Top,13,0,0,1,0,112,158,606115,500779,,,,,,,,,,,,,,,,,,,,,,,,,575929
570334,2018-10-01,3,Top,13,1,1,1,0,112,158,606115,500779,,,,,,,,,,,,,,,,,,,,,,,,,575929
570334,2018-10-01,3,Top,13,2,2,1,0,112,158,606115,500779,,,,,,,,,,,,,,,,,,,,,,,,,575929
570334,2018-10-01,3,Top,13,3,3,1,0,112,158,606115,500779,,,,,,,,,,,,,,,,,,,,,,,,,575929
570334,2018-10-01,3,Top,13,4,3,2,0,112,158,606115,500779,,,,,,,,,,,,,,,,,,,,,,,,,575929
570334,2018-10-01,3,Top,13,5,3,2,0,112,158,606115,500779,single,Single,Orlando Arcia singles on a sharp line drive to center fielder Jason Heyward.,T,,,,,,,,,,606115,,1B,,,Single,single,,,,,575929
570334,2018-10-01,3,Top,14,0,0,1,0,112,158,468504,500779,,,,,,,,,,,,,,,,,,,,,,,,,575929
570334,2018-10-01,3,Top,14,1,0,1,0,112,158,468504,500779,,,,,,,,,,,,,,,,,,,,,,,,,575929
570334,2018-10-01,3,Top,14,2,0,1,0,112,158,468504,500779,,,,,,,,,,,,,,,,,,,,,,,,,575929
570334,2018-10-01,3,Top,14,3,1,1,0,112,158,468504,500779,,,,,,,,,,,,,,,,,,,,,,,,,575929
570334,2018-10-01,3,Top,14,4,1,2,0,112,158,468504,500779,,,,,,,,,,,,,,,,,,,,,,,,,575929
570334,2018-10-01,3,Top,14,5,1,2,0,112,158,468504,500779,sac_bunt,Sac Bunt,Jhoulys Chacin out on a sacrifice bunt to first baseman Anthony Rizzo. Orlando Arcia to 2nd.,T,,,,,,,,,,468504,,,T,1,Sac Bunt,sac_bunt,,,,,575929
570334,2018-10-01,3,Top,15,0,1,0,1,112,158,456715,500779,,,,,,,,,,,,,,,,,,,,,,,,,575929
570334,2018-10-01,3,Top,15,1,1,1,1,112,158,456715,500779,,,,,,,,,,,,,,,,,,,,,,,,,575929
570334,2018-10-01,3,Top,15,2,1,1,1,112,158,456715,500779,field_out,Groundout,"Lorenzo Cain grounds out, shortstop Javier Baez to first baseman Anthony Rizzo. Orlando Arcia to 3rd.",T,,,,,,,,,,456715,,,T,2,Groundout,field_out,,,,,575929
570334,2018-10-01,3,Top,16,0,0,1,2,112,158,592885,500779,,,,,,,,,,,,,,,,,,,,,,,,,575929
570334,2018-10-01,3,Top,16,1,1,1,2,112,158,592885,500779,,,,,,,,,,,,,,,,,,,,,,,,,575929
570334,2018-10-01,3,Top,16,2,1,1,2,112,158,592885,500779,single,Single,Christian Yelich singles on a ground ball to center fielder Jason Heyward. Orlando Arcia scores.,T,,,,,,,,,,592885,,1B,,,Single,single,,,,,575929
570334,2018-10-01,3,Top,17,0,1,0,2,112,158,460075,500779,,,,,,,,,,,,,,,,,,,,,,,,,575929
570334,2018-10-01,3,Top,17,1,1,1,2,112,158,460075,500779,,,,,,,,,,,,,,,,,,,,,,,,,575929
570334,2018-10-01,3,Top,17,2,1,2,2,112,158,460075,500779,,,,,,,,,,,,,,,,,,,,,,,,,575929
570334,2018-10-01,3,Top,17,3,2,2,2,112,158,460075,500779,,,,,,,,,,,,,,,,,,,,,,,,,575929
570334,2018-10-01,3,Top,17,4,2,2,2,112,158,460075,500779,,,,,,,,,,,,,,,,,,,,,,,,,575929
570334,2018-10-01,3,Top,17,5,2,3,2,112,158,460075,500779,strikeout,Strikeout,"Ryan Braun strikes out swinging, catcher Willson Contreras to first baseman Anthony Rizzo.",T,T,,,,,,,,,592885,1B,2B,,,Stolen Base 2B,stolen_base_2b,r_stolen_base_2b,,,,575929
570334,2018-10-01,3,Bot,18,0,0,1,0,112,158,518792,468504,,,,,,,,,,,,,,,,,,,,,,,,,456124
570334,2018-10-01,3,Bot,18,1,1,1,0,112,158,518792,468504,,,,,,,,,,,,,,,,,,,,,,,,,456124
570334,2018-10-01,3,Bot,18,2,2,1,0,112,158,518792,468504,,,,,,,,,,,,,,,,,,,,,,,,,456124
570334,2018-10-01,3,Bot,18,3,2,1,0,112,158,518792,468504,field_out,Groundout,"Jason Heyward grounds out, first baseman Jesus Aguilar to pitcher Jhoulys Chacin.",T,,,,,,,,,,518792,,,T,1,Groundout,field_out,,,,,456124
570334,2018-10-01,3,Bot,19,0,1,0,1,112,158,500779,468504,,,,,,,,,,,,,,,,,,,,,,,,,456124
570334,2018-10-01,3,Bot,19,1,1,1,1,112,158,500779,468504,,,,,,,,,,,,,,,,,,,,,,,,,456124
570334,2018-10-01,3,Bot,19,2,1,2,1,112,158,500779,468504,,,,,,,,,,,,,,,,,,,,,,,,,456124
570334,2018-10-01,3,Bot,19,3,1,3,1,112,158,500779,468504,strikeout,Strikeout,Jose Quintana called out on strikes.,T,,,,,,,,,,500779,,,T,2,Strikeout,strikeout,,,,,456124
570334,2018-10-01,3,Bot,20,0,0,1,2,112,158,575929,468504,,,,,,,,,,,,,,,,,,,,,,,,,456124
570334,2018-10-01,3,Bot,20,1,1,1,2,112,158,575929,468504,,,,,,,,,,,,,,,,,,,,,,,,,456124
570334,2018-10-01,3,Bot,20,2,1,2,2,112,158,575929,468504,,,,,,,,,,,,,,,,,,,,,,,,,456124
570334,2018-10-01,3,Bot,20,3,1,2,2,112,158,575929,468504,field_out,Groundout,"Willson Contreras grounds out sharply, third baseman Mike Moustakas to first baseman Jesus Aguilar.",T,,,,,,,,,,575929,,,T,3,Groundout,field_out,,,,,456124
570334,2018-10-01,4,Top,21,0,0,1,0,112,158,542583,500779,,,,,,,,,,,,,,,,,,,,,,,,,575929
570334,2018-10-01,4,Top,21,1,0,2,0,112,158,542583,500779,,,,,,,,,,,,,,,,,,,,,,,,,575929
570334,2018-10-01,4,Top,21,2,1,2,0,112,158,542583,500779,,,,,,,,,,,,,,,,,,,,,,,,,575929
570334,2018-10-01,4,Top,21,3,1,3,0,112,158,542583,500779,strikeout,Strikeout,Jesus Aguilar called out on strikes.,T,,,,,,,,,,542583,,,T,1,Strikeout,strikeout,,,,,575929
570334,2018-10-01,4,Top,22,0,1,0,1,112,158,570731,500779,,,,,,,,,,,,,,,,,,,,,,,,,575929
570334,2018-10-01,4,Top,22,1,1,0,1,112,158,570731,500779,field_out,Flyout,Jonathan Schoop flies out to left fielder Kyle Schwarber.,T,,,,,,,,,,570731,,,T,2,Flyout,field_out,,,,,575929
570334,2018-10-01,4,Top,23,0,0,1,2,112,158,519058,500779,,,,,,,,,,,,,,,,,,,,,,,,,575929
570334,2018-10-01,4,Top,23,1,1,1,2,112,158,519058,500779,,,,,,,,,,,,,,,,,,,,,,,,,575929
570334,2018-10-01,4,Top,23,2,2,1,2,112,158,519058,500779,,,,,,,,,,,,,,,,,,,,,,,,,575929
570334,2018-10-01,4,Top,23,3,2,2,2,112,158,519058,500779,,,,,,,,,,,,,,,,,,,,,,,,,575929
570334,2018-10-01,4,Top,23,4,2,2,2,112,158,519058,500779,,,,,,,,,,,,,,,,,,,,,,,,,575929
570334,2018-10-01,4,Top,23,5,3,2,2,112,158,519058,500779,,,,,,,,,,,,,,,,,,,,,,,,,575929
570334,2018-10-01,4,Top,23,6,3,3,2,112,158,519058,500779,strikeout,Strikeout,Mike Moustakas strikes out swinging.,T,,,,,,,,,,519058,,,T,3,Strikeout,strikeout,,,,,575929
570334,2018-10-01,4,Bot,24,0,0,0,0,112,158,502517,468504,field_out,Pop Out,Daniel Murphy pops out to third baseman Mike Moustakas in foul territory.,T,,,,,,,,,,502517,,,T,1,Pop Out,field_out,,,,,456124
570334,2018-10-01,4,Bot,25,0,0,1,1,112,158,450314,468504,,,,,,,,,,,,,,,,,,,,,,,,,456124
570334,2018-10-01,4,Bot,25,1,0,2,1,112,158,450314,468504,,,,,,,,,,,,,,,,,,,,,,,,,456124
570334,2018-10-01,4,Bot,25,2,0,2,1,112,158,450314,468504,field_out,Flyout,Ben Zobrist flies out to right fielder Christian Yelich.,T,,,,,,,,,,450314,,,T,2,Flyout,field_out,,,,,456124
570334,2018-10-01,4,Bot,26,0,1,0,2,112,158,595879,468504,,,,,,,,,,,,,,,,,,,,,,,,,456124
570334,2018-10-01,4,Bot,26,1,2,0,2,112,158,595879,468504,,,,,,,,,,,,,,,,,,,,,,,,,456124
570334,2018-10-01,4,Bot,26,2,3,0,2,112,158,595879,468504,,,,,,,,,,,,,,,,,,,,,,,,,456124
570334,2018-10-01,4,Bot,26,3,3,0,2,112,158,595879,468504,field_out,Flyout,Javier Baez flies out to left fielder Ryan Braun.,T,,,,,,,,,,595879,,,T,3,Flyout,field_out,,,,,456124
570334,2018-10-01,5,Top,27,0,1,0,0,112,158,456124,500779,,,,,,,,,,,,,,,,,,,,,,,,,575929
570334,2018-10-01,5,Top,27,1,1,1,0,112,158,456124,500779,,,,,,,,,,,,,,,,,,,,,,,,,575929
570334,2018-10-01,5,Top,27,2,1,2,0,112,158,456124,500779,,,,,,,,,,,,,,,,,,,,,,,,,575929
570334,2018-10-01,5,Top,27,3,1,3,0,112,158,456124,500779,strikeout,Strikeout,Erik Kratz strikes out swinging.,T,,,,,,,,,,456124,,,T,1,Strikeout,strikeout,,,,,575929
570334,2018-10-01,5,Top,28,0,1,0,1,112,158,606115,500779,,,,,,,,,,,,,,,,,,,,,,,,,575929
570334,2018-10-01,5,Top,28,1,1,0,1,112,158,606115,500779,single,Single,Orlando Arcia singles on a line drive to left fielder Kyle Schwarber.,T,,,,,,,,,,606115,,1B,,,Single,single,,,,,575929
570334,2018-10-01,5,Top,29,0,0,0,1,112,158,468504,500779,sac_bunt,Sac Bunt,"Jhoulys Chacin out on a sacrifice bunt, pitcher Jose Quintana to second baseman Daniel Murphy. Orlando Arcia to 2nd.",T,,,,,,,,,,468504,,,T,2,Sac Bunt,sac_bunt,,,,,575929
570334,2018-10-01,5,Top,30,0,0,0,2,112,158,456715,500779,,,,,,,,,,,,,,,,,,,,,,,,,575929
570334,2018-10-01,5,Top,30,1,0,0,2,112,158,456715,500779,field_out,Flyout,Lorenzo Cain flies out to center fielder Jason Heyward.,T,,,,,,,,,,456715,,,T,3,Flyout,field_out,,,,,575929
570334,2018-10-01,5,Bot,31,0,0,1,0,112,158,519203,468504,,,,,,,,,,,,,,,,,,,,,,,,,456124
570334,2018-10-01,5,Bot,31,1,0,1,0,112,158,519203,468504,home_run,Home Run,Anthony Rizzo homers (25) on a fly ball to right field.,T,,,,,,,,,,519203,,score,,,Home Run,home_run,,T,T,T,456124
570334,2018-10-01,5,Bot,32,0,0,0,0,112,158,592178,468504,field_out,Flyout,Kris Bryant flies out to center fielder Lorenzo Cain.,T,,,,,,,,,,592178,,,T,1,Flyout,field_out,,,,,456124
570334,2018-10-01,5,Bot,33,0,1,0,1,112,158,656941,468504,,,,,,,,,,,,,,,,,,,,,,,,,456124
570334,2018-10-01,5,Bot,33,1,1,1,1,112,158,656941,468504,,,,,,,,,,,,,,,,,,,,,,,,,456124
570334,2018-10-01,5,Bot,33,2,1,2,1,112,158,656941,468504,,,,,,,,,,,,,,,,,,,,,,,,,456124
570334,2018-10-01,5,Bot,33,3,2,2,1,112,158,656941,468504,,,,,,,,,,,,,,,,,,,,,,,,,456124
570334,2018-10-01,5,Bot,33,4,3,2,1,112,158,656941,468504,,,,,,,,,,,,,,,,,,,,,,,,,456124
570334,2018-10-01,5,Bot,33,5,3,2,1,112,158,656941,468504,,,,,,,,,,,,,,,,,,,,,,,,,456124
570334,2018-10-01,5,Bot,33,6,3,3,1,112,158,656941,468504,strikeout,Strikeout,Kyle Schwarber called out on strikes.,T,,,,,,,,,,656941,,,T,2,Strikeout,strikeout,,,,,456124
570334,2018-10-01,5,Bot,34,0,0,1,2,112,158,518792,468504,,,,,,,,,,,,,,,,,,,,,,,,,456124
570334,2018-10-01,5,Bot,34,1,1,1,2,112,158,518792,468504,,,,,,,,,,,,,,,,,,,,,,,,,456124
570334,2018-10-01,5,Bot,34,2,2,1,2,112,158,518792,468504,,,,,,,,,,,,,,,,,,,,,,,,,456124
570334,2018-10-01,5,Bot,34,3,3,1,2,112,158,518792,468504,,,,,,,,,,,,,,,,,,,,,,,,,456124
570334,2018-10-01,5,Bot,34,4,3,2,2,112,158,518792,468504,,,,,,,,,,,,,,,,,,,,,,,,,456124
570334,2018-10-01,5,Bot,34,5,3,2,2,112,158,518792,468504,field_out,Flyout,Jason Heyward flies out to right fielder Christian Yelich.,T,,,,,,,,,,518792,,,T,3,Flyout,field_out,,,,,456124
570334,2018-10-01,6,Top,35,0,1,0,0,112,158,592885,500779,,,,,,,,,,,,,,,,,,,,,,,,,575929
570334,2018-10-01,6,Top,35,1,2,0,0,112,158,592885,500779,,,,,,,,,,,,,,,,,,,,,,,,,575929
570334,2018-10-01,6,Top,35,2,2,1,0,112,158,592885,500779,,,,,,,,,,,,,,,,,,,,,,,,,575929
570334,2018-10-01,6,Top,35,3,2,2,0,112,158,592885,500779,,,,,,,,,,,,,,,,,,,,,,,,,575929
570334,2018-10-01,6,Top,35,4,3,2,0,112,158,592885,500779,,,,,,,,,,,,,,,,,,,,,,,,,575929
570334,2018-10-01,6,Top,35,5,3,2,0,112,158,592885,500779,single,Single,Christian Yelich singles on a sharp ground ball to left fielder Kyle Schwarber.,T,,,,,,,,,,592885,,1B,,,Single,single,,,,,575929
570334,2018-10-01,6,Top,36,0,0,0,0,112,158,460075,445926,,,,,,,,,,,,,,,,,,,,,,,,,575929
570334,2018-10-01,6,Top,36,1,0,0,0,112,158,460075,445926,,,,,,,,,,,,,,,,,,,,,,,,,575929
570334,2018-10-01,6,Top,36,2,0,0,0,112,158,460075,445926,,,,,,,,,,,,,,,,,,,,,,,,,575929
570334,2018-10-01,6,Top,36,3,0,0,0,112,158,460075,445926,,,,,,,,,,,,,,,,,,,,,,,,,575929
570334,2018-10-01,6,Top,36,4,0,0,0,112,158,460075,445926,,,,,,,,,,,,,,,,,,,,,,,,,575929
570334,2018-10-01,6,Top,36,5,1,0,0,112,158,460075,445926,,,,,,,,,,,,,,,,,,,,,,,,,575929
570334,2018-10-01,6,Top,36,6,2,0,0,112,158,460075,445926,,,,,,,,,,,,,,,,,,,,,,,,,575929
570334,2018-10-01,6,Top,36,7,2,1,0,112,158,460075,445926,,,,,,,,,,,,,,,,,,,,,,,,,575929
570334,2018-10-01,6,Top,36,8,2,2,0,112,158,460075,445926,,,,,,,,,,,,,,,,,,,,,,,,,575929
570334,2018-10-01,6,Top,36,9,2,3,0,112,158,460075,445926,strikeout,Strikeout,Ryan Braun strikes out on a foul tip.,T,,,,,,,,,,460075,,,T,1,Strikeout,strikeout,,,,,575929
570334,2018-10-01,6,Top,37,0,0,1,1,112,158,542583,445926,,,,,,,,,,,,,,,,,,,,,,,,,575929
570334,2018-10-01,6,Top,37,1,0,1,1,112,158,542583,445926,,,,,,,,,,,,,,,,,,,,,,,,,575929
570334,2018-10-01,6,Top,37,2,0,2,1,112,158,542583,445926,,,,,,,,,,,,,,,,,,,,,,,,,575929
570334,2018-10-01,6,Top,37,3,1,2,1,112,158,542583,445926,,,,,,,,,,,,,,,,,,,,,,,,,575929
570334,2018-10-01,6,Top,37,4,2,2,1,112,158,542583,445926,,,,,,,,,,,,,,,,,,,,,,,,,575929
570334,2018-10-01,6,Top,37,5,2,2,1,112,158,542583,445926,grounded_into_double_play,Grounded Into DP,"Jesus Aguilar grounds into a double play, third baseman Kris Bryant to second baseman Daniel Murphy to first baseman Anthony Rizzo. Christian Yelich out at 2nd. Jesus Aguilar out at 1st.",T,,,,,,,,,,592885,1B,,T,2,Grounded Into DP,grounded_into_double_play,r_force_out,,,,575929
570334,2018-10-01,6,Bot,38,0,1,0,0,112,158,664023,468504,,,,,,,,,,,,,,,,,,,,,,,,,456124
570334,2018-10-01,6,Bot,38,1,2,0,0,112,158,664023,468504,,,,,,,,,,,,,,,,,,,,,,,,,456124
570334,2018-10-01,6,Bot,38,2,3,0,0,112,158,664023,468504,,,,,,,,,,,,,,,,,,,,,,,,,456124
570334,2018-10-01,6,Bot,38,3,3,1,0,112,158,664023,468504,,,,,,,,,,,,,,,,,,,,,,,,,456124
570334,2018-10-01,6,Bot,38,4,3,2,0,112,158,664023,468504,,,,,,,,,,,,,,,,,,,,,,,,,456124
570334,2018-10-01,6,Bot,38,5,4,2,0,112,158,664023,468504,walk,Walk,Ian Happ walks.,T,,,,,,,,,,664023,,1B,,,Walk,walk,,,,,456124
570334,2018-10-01,6,Bot,39,0,0,0,0,112,158,575929,468504,,,,,,,,,,,,,,,,,,,,,,,,,456124
570334,2018-10-01,6,Bot,39,1,1,0,0,112,158,575929,468504,,,,,,,,,,,,,,,,,,,,,,,,,456124
570334,2018-10-01,6,Bot,39,2,1,0,0,112,158,575929,468504,,,,,,,,,,,,,,,,,,,,,,,,,456124
570334,2018-10-01,6,Bot,39,3,1,0,0,112,158,575929,468504,grounded_into_double_play,Grounded Into DP,"Willson Contreras grounds into a double play, pitcher Jhoulys Chacin to second baseman Jonathan Schoop to first baseman Jesus Aguilar. Ian Happ out at 2nd. Willson Contreras out at 1st.",T,,,,,,,,,,664023,1B,,T,1,Grounded Into DP,grounded_into_double_play,r_force_out,,,,456124
570334,2018-10-01,6,Bot,40,0,0,0,2,112,158,502517,458584,,,,,,,,,,,,,,,,,,,,,,,,,456124
570334,2018-10-01,6,Bot,40,1,0,0,2,112,158,502517,458584,,,,,,,,,,,,,,,,,,,,,,,,,456124
570334,2018-10-01,6,Bot,40,2,1,0,2,112,158,502517,458584,,,,,,,,,,,,,,,,,,,,,,,,,456124
570334,2018-10-01,6,Bot,40,3,1,1,2,112,158,502517,458584,,,,,,,,,,,,,,,,,,,,,,,,,456124
570334,2018-10-01,6,Bot,40,4,2,1,2,112,158,502517,458584,,,,,,,,,,,,,,,,,,,,,,,,,456124
570334,2018-10-01,6,Bot,40,5,2,1,2,112,158,502517,458584,single,Single,Daniel Murphy singles on a line drive to right fielder Christian Yelich.,T,,,,,,,,,,502517,,1B,,,Single,single,,,,,456124
570334,2018-10-01,6,Bot,41,0,1,0,2,112,158,450314,458584,,,,,,,,,,,,,,,,,,,,,,,,,456124
570334,2018-10-01,6,Bot,41,1,2,0,2,112,158,450314,458584,,,,,,,,,,,,,,,,,,,,,,,,,456124
570334,2018-10-01,6,Bot,41,2,3,0,2,112,158,450314,458584,,,,,,,,,,,,,,,,,,,,,,,,,456124
570334,2018-10-01,6,Bot,41,3,4,0,2,112,158,450314,458584,walk,Walk,Ben Zobrist walks. Daniel Murphy to 2nd.,T,,,,,,,,,,502517,1B,2B,,,Walk,walk,r_adv_force,,,,456124
570334,2018-10-01,6,Bot,42,0,0,0,2,112,158,595879,465657,,,,,,,,,,,,,,,,,,,,,,,,,456124
570334,2018-10-01,6,Bot,42,1,0,0,2,112,158,595879,465657,,,,,,,,,,,,,,,,,,,,,,,,,456124
570334,2018-10-01,6,Bot,42,2,1,0,2,112,158,595879,465657,,,,,,,,,,,,,,,,,,,,,,,,,456124
570334,2018-10-01,6,Bot,42,3,1,1,2,112,158,595879,465657,,,,,,,,,,,,,,,,,,,,,,,,,456124
570334,2018-10-01,6,Bot,42,4,2,1,2,112,158,595879,465657,,,,,,,,,,,,,,,,,,,,,,,,,456124
570334,2018-10-01,6,Bot,42,5,3,1,2,112,158,595879,465657,,,,,,,,,,,,,,,,,,,,,,,,,456124
570334,2018-10-01,6,Bot,42,6,3,2,2,112,158,595879,465657,,,,,,,,,,,,,,,,,,,,,,,,,456124
570334,2018-10-01,6,Bot,42,7,3,3,2,112,158,595879,465657,strikeout,Strikeout,Javier Baez strikes out swinging.,T,,,,,,,,,,595879,,,T,3,Strikeout,strikeout,,,,,456124
570334,2018-10-01,7,Top,43,0,0,0,0,112,158,570731,445926,field_out,Groundout,"Jonathan Schoop grounds out, third baseman Kris Bryant to first baseman Anthony Rizzo.",T,,,,,,,,,,570731,,,T,1,Groundout,field_out,,,,,575929
570334,2018-10-01,7,Top,44,0,1,0,1,112,158,519058,445926,,,,,,,,,,,,,,,,,,,,,,,,,575929
570334,2018-10-01,7,Top,44,1,1,1,1,112,158,519058,445926,,,,,,,,,,,,,,,,,,,,,,,,,575929
570334,2018-10-01,7,Top,44,2,1,1,1,112,158,519058,445926,field_out,Groundout,"Mike Moustakas grounds out, third baseman Kris Bryant to first baseman Anthony Rizzo.",T,,,,,,,,,,519058,,,T,2,Groundout,field_out,,,,,575929
570334,2018-10-01,7,Top,45,0,0,1,2,112,158,456124,445926,,,,,,,,,,,,,,,,,,,,,,,,,575929
570334,2018-10-01,7,Top,45,1,0,1,2,112,158,456124,445926,field_out,Groundout,"Erik Kratz grounds out, second baseman Daniel Murphy to first baseman Anthony Rizzo.",T,,,,,,,,,,456124,,,T,3,Groundout,field_out,,,,,575929
570334,2018-10-01,7,Bot,46,0,0,0,0,112,158,519203,608349,,,,,,,,,,,,,,,,,,,,,,,,,456124
570334,2018-10-01,7,Bot,46,1,0,1,0,112,158,519203,608349,,,,,,,,,,,,,,,,,,,,,,,,,456124
570334,2018-10-01,7,Bot,46,2,0,1,0,112,158,519203,608349,field_out,Groundout,"Anthony Rizzo grounds out, second baseman Jonathan Schoop to first baseman Jesus Aguilar.",T,,,,,,,,,,519203,,,T,1,Groundout,field_out,,,,,456124
570334,2018-10-01,7,Bot,47,0,1,0,1,112,158,592178,608349,,,,,,,,,,,,,,,,,,,,,,,,,456124
570334,2018-10-01,7,Bot,47,1,1,1,1,112,158,592178,608349,,,,,,,,,,,,,,,,,,,,,,,,,456124
570334,2018-10-01,7,Bot,47,2,2,1,1,112,158,592178,608349,,,,,,,,,,,,,,,,,,,,,,,,,456124
570334,2018-10-01,7,Bot,47,3,2,2,1,112,158,592178,608349,,,,,,,,,,,,,,,,,,,,,,,,,456124
570334,2018-10-01,7,Bot,47,4,2,3,1,112,158,592178,608349,strikeout,Strikeout,Kris Bryant strikes out swinging.,T,,,,,,,,,,592178,,,T,2,Strikeout,strikeout,,,,,456124
570334,2018-10-01,7,Bot,48,0,0,0,2,112,158,600303,608349,,,,,,,,,,,,,,,,,,,,,,,,,456124
570334,2018-10-01,7,Bot,48,1,1,0,2,112,158,600303,608349,,,,,,,,,,,,,,,,,,,,,,,,,456124
570334,2018-10-01,7,Bot,48,2,1,1,2,112,158,600303,608349,,,,,,,,,,,,,,,,,,,,,,,,,456124
570334,2018-10-01,7,Bot,48,3,1,1,2,112,158,600303,608349,field_out,Groundout,"Tommy La Stella grounds out, second baseman Jonathan Schoop to first baseman Jesus Aguilar.",T,,,,,,,,,,600303,,,T,3,Groundout,field_out,,,,,456124
570334,2018-10-01,8,Top,49,0,0,0,0,112,158,606115,458677,,,,,,,,,,,,,,,,,,,,,,,,,575929
570334,2018-10-01,8,Top,49,1,0,1,0,112,158,606115,458677,,,,,,,,,,,,,,,,,,,,,,,,,575929
570334,2018-10-01,8,Top,49,2,0,2,0,112,158,606115,458677,,,,,,,,,,,,,,,,,,,,,,,,,575929
570334,2018-10-01,8,Top,49,3,0,2,0,112,158,606115,458677,single,Single,Orlando Arcia singles on a ground ball to center fielder Ian Happ.,T,,,,,,,,,,606115,,1B,,,Single,single,,,,,575929
570334,2018-10-01,8,Top,50,0,0,0,0,112,158,570267,458677,,,,,,,,,,,,,,,,,,,,,,,,,575929
570334,2018-10-01,8,Top,50,1,0,0,0,112,158,570267,458677,,,,,,,,,,,,,,,,,,,,,,,,,575929
570334,2018-10-01,8,Top,50,2,1,0,0,112,158,570267,458677,,,,,,,,,,,,,,,,,,,,,,,,,575929
570334,2018-10-01,8,Top,50,3,2,0,0,112,158,570267,458677,,,,,,,,,,,,,,,,,,,,,,,,,575929
570334,2018-10-01,8,Top,50,4,2,1,0,112,158,570267,458677,,,,,,,,,,,,,,,,,,,,,,,,,575929
570334,2018-10-01,8,Top,50,5,2,1,0,112,158,570267,458677,,,,,,,,,,,,,,,,,,,,,,,,,575929
570334,2018-10-01,8,Top,50,6,3,1,0,112,158,570267,458677,,,,,,,,,,,,,,,,,,,,,,,,,575929
570334,2018-10-01,8,Top,50,7,3,1,0,112,158,570267,458677,double,Double,Domingo Santana doubles (14) on a ground ball to left fielder Ben Zobrist. Orlando Arcia to 3rd.,T,,,,,,,,,,570267,,2B,,,Double,double,,,,,575929
570334,2018-10-01,8,Top,51,0,0,0,0,112,158,456715,518553,,,,,,,,,,,,,,,,,,,,,,,,,575929
570334,2018-10-01,8,Top,51,1,0,0,0,112,158,456715,518553,,,,,,,,,,,,,,,,,,,,,,,,,575929
570334,2018-10-01,8,Top,51,2,1,0,0,112,158,456715,518553,,,,,,,,,,,,,,,,,,,,,,,,,575929
570334,2018-10-01,8,Top,51,3,2,0,0,112,158,456715,518553,,,,,,,,,,,,,,,,,,,,,,,,,575929
570334,2018-10-01,8,Top,51,4,2,1,0,112,158,456715,518553,,,,,,,,,,,,,,,,,,,,,,,,,575929
570334,2018-10-01,8,Top,51,5,3,1,0,112,158,456715,518553,,,,,,,,,,,,,,,,,,,,,,,,,575929
570334,2018-10-01,8,Top,51,6,3,2,0,112,158,456715,518553,,,,,,,,,,,,,,,,,,,,,,,,,575929
570334,2018-10-01,8,Top,51,7,3,2,0,112,158,456715,518553,single,Single,Lorenzo Cain singles on a line drive to center fielder Ian Happ. Orlando Arcia scores. Domingo Santana to 3rd.,T,,,,,,,,,,456715,,1B,,,Single,single,,,,,575929
570334,2018-10-01,8,Top,52,0,0,0,0,112,158,592885,600968,,,,,,,,,,,,,,,,,,,,,,,,,575929
570334,2018-10-01,8,Top,52,1,0,0,0,112,158,592885,600968,,,,,,,,,,,,,,,,,,,,,,,,,575929
570334,2018-10-01,8,Top,52,2,0,1,0,112,158,592885,600968,,,,,,,,,,,,,,,,,,,,,,,,,575929
570334,2018-10-01,8,Top,52,3,0,2,0,112,158,592885,600968,,,,,,,,,,,,,,,,,,,,,,,,,575929
570334,2018-10-01,8,Top,52,4,0,2,0,112,158,592885,600968,,,,,,,,,,,,,,,,,,,,,,,,,575929
570334,2018-10-01,8,Top,52,5,1,2,0,112,158,592885,600968,,,,,,,,,,,,,,,,,,,,,,,,,575929
570334,2018-10-01,8,Top,52,6,2,2,0,112,158,592885,600968,,,,,,,,,,,,,,,,,,,,,,,,,575929
570334,2018-10-01,8,Top,52,7,2,3,0,112,158,592885,600968,strikeout,Strikeout,Christian Yelich strikes out swinging.,T,,,,,,,,,,592885,,,T,1,Strikeout,strikeout,,,,,575929
570334,2018-10-01,8,Top,53,0,0,0,1,112,158,460075,445213,,,,,,,,,,,,,,,,,,,,,,,,,575929
570334,2018-10-01,8,Top,53,1,0,0,1,112,158,460075,445213,,,,,,,,,,,,,,,,,,,,,,,,,575929
570334,2018-10-01,8,Top,53,2,1,0,1,112,158,460075,445213,,,,,,,,,,,,,,,,,,,,,,,,,575929
570334,2018-10-01,8,Top,53,3,1,0,1,112,158,460075,445213,,,,,,,,,,,,,,,,,,,,,,,,,575929
570334,2018-10-01,8,Top,53,4,1,1,1,112,158,460075,445213,,,,,,,,,,,,,,,,,,,,,,,,,575929
570334,2018-10-01,8,Top,53,5,2,1,1,112,158,460075,445213,,,,,,,,,,,,,,,,,,,,,,,,,575929
570334,2018-10-01,8,Top,53,6,2,2,1,112,158,460075,445213,,,,,,,,,,,,,,,,,,,,,,,,,575929
570334,2018-10-01,8,Top,53,7,2,2,1,112,158,460075,445213,single,Single,Ryan Braun singles on a line drive to center fielder Ian Happ. Domingo Santana scores. Lorenzo Cain to 3rd.,T,,,,,,,,,,460075,,1B,,,Single,single,,,,,575929
570334,2018-10-01,8,Top,54,0,0,1,1,112,158,542583,445213,,,,,,,,,,,,,,,,,,,,,,,,,575929
570334,2018-10-01,8,Top,54,1,0,1,1,112,158,542583,445213,,,,,,,,,,,,,,,,,,,,,,,,,575929
570334,2018-10-01,8,Top,54,2,0,2,1,112,158,542583,445213,,,,,,,,,,,,,,,,,,,,,,,,,575929
570334,2018-10-01,8,Top,54,3,1,2,1,112,158,542583,445213,,,,,,,,,,,,,,,,,,,,,,,,,575929
570334,2018-10-01,8,Top,54,4,1,2,2,112,158,542583,445213,,,,,,,,,,,,,,,,,,,,,,,,,575929
570334,2018-10-01,8,Top,54,5,2,2,2,112,158,542583,445213,,,,,,,,,,,,,,,,,,,,,,,,,575929
570334,2018-10-01,8,Top,54,6,3,2,2,112,158,542583,445213,,,,,,,,,,,,,,,,,,,,,,,,,575929
570334,2018-10-01,8,Top,54,7,3,2,2,112,158,542583,445213,,,,,,,,,,,,,,,,,,,,,,,,,575929
570334,2018-10-01,8,Top,54,8,3,2,2,112,158,542583,445213,,,,,,,,,,,,,,,,,,,,,,,,,575929
570334,2018-10-01,8,Top,54,9,3,2,2,112,158,542583,445213,field_out,Flyout,Jesus Aguilar flies out to left fielder Ben Zobrist.,T,,,,T,,,,,,460075,1B,,T,2,Caught Stealing 2B,caught_stealing_2b,r_caught_stealing_2b,,,,575929
570334,2018-10-01,8,Bot,55,0,0,0,0,112,158,518792,623352,,,,,,,,,,,,,,,,,,,,,,,,,456124
570334,2018-10-01,8,Bot,55,1,0,0,0,112,158,518792,623352,,,,,,,,,,,,,,,,,,,,,,,,,456124
570334,2018-10-01,8,Bot,55,2,1,0,0,112,158,518792,623352,,,,,,,,,,,,,,,,,,,,,,,,,456124
570334,2018-10-01,8,Bot,55,3,1,1,0,112,158,518792,623352,,,,,,,,,,,,,,,,,,,,,,,,,456124
570334,2018-10-01,8,Bot,55,4,1,2,0,112,158,518792,623352,,,,,,,,,,,,,,,,,,,,,,,,,456124
570334,2018-10-01,8,Bot,55,5,1,2,0,112,158,518792,623352,,,,,,,,,,,,,,,,,,,,,,,,,456124
570334,2018-10-01,8,Bot,55,6,1,3,0,112,158,518792,623352,strikeout,Strikeout,Jason Heyward called out on strikes.,T,,,,,,,,,,518792,,,T,1,Strikeout,strikeout,,,,,456124
570334,2018-10-01,8,Bot,56,0,0,0,1,112,158,546991,623352,,,,,,,,,,,,,,,,,,,,,,,,,456124
570334,2018-10-01,8,Bot,56,1,0,1,1,112,158,546991,623352,,,,,,,,,,,,,,,,,,,,,,,,,456124
570334,2018-10-01,8,Bot,56,2,0,1,1,112,158,546991,623352,field_out,Lineout,Albert Almora lines out to second baseman Jonathan Schoop.,T,,,,,,,,,,546991,,,T,2,Lineout,field_out,,,,,456124
570334,2018-10-01,8,Bot,57,0,1,0,2,112,158,575929,623352,,,,,,,,,,,,,,,,,,,,,,,,,456124
570334,2018-10-01,8,Bot,57,1,1,1,2,112,158,575929,623352,,,,,,,,,,,,,,,,,,,,,,,,,456124
570334,2018-10-01,8,Bot,57,2,1,2,2,112,158,575929,623352,,,,,,,,,,,,,,,,,,,,,,,,,456124
570334,2018-10-01,8,Bot,57,3,1,2,2,112,158,575929,623352,,,,,,,,,,,,,,,,,,,,,,,,,456124
570334,2018-10-01,8,Bot,57,4,1,2,2,112,158,575929,623352,,,,,,,,,,,,,,,,,,,,,,,,,456124
570334,2018-10-01,8,Bot,57,5,2,2,2,112,158,575929,623352,,,,,,,,,,,,,,,,,,,,,,,,,456124
570334,2018-10-01,8,Bot,57,6,2,3,2,112,158,575929,623352,strikeout,Strikeout,Willson Contreras strikes out swinging.,T,,,,,,,,,,575929,,,T,3,Strikeout,strikeout,,,,,456124
570334,2018-10-01,9,Top,58,0,0,0,0,112,158,570731,448802,,,,,,,,,,,,,,,,,,,,,,,,,575929
570334,2018-10-01,9,Top,58,1,0,0,0,112,158,570731,448802,,,,,,,,,,,,,,,,,,,,,,,,,575929
570334,2018-10-01,9,Top,58,2,1,0,0,112,158,570731,448802,,,,,,,,,,,,,,,,,,,,,,,,,575929
570334,2018-10-01,9,Top,58,3,1,1,0,112,158,570731,448802,,,,,,,,,,,,,,,,,,,,,,,,,575929
570334,2018-10-01,9,Top,58,4,1,1,0,112,158,570731,448802,field_out,Groundout,"Jonathan Schoop grounds out, third baseman Kris Bryant to first baseman Anthony Rizzo.",T,,,,,,,,,,570731,,,T,1,Groundout,field_out,,,,,575929
570334,2018-10-01,9,Top,59,0,0,1,1,112,158,519058,448802,,,,,,,,,,,,,,,,,,,,,,,,,575929
570334,2018-10-01,9,Top,59,1,0,1,1,112,158,519058,448802,single,Single,Mike Moustakas singles on a sharp ground ball to center fielder Albert Almora.,T,,,,,,,,,,519058,,1B,,,Single,single,,,,,575929
570334,2018-10-01,9,Top,60,0,1,0,1,112,158,456124,448802,,,,,,,,,,,,,,,,,,,,,,,,,575929
570334,2018-10-01,9,Top,60,1,2,0,1,112,158,456124,448802,,,,,,,,,,,,,,,,,,,,,,,,,575929
570334,2018-10-01,9,Top,60,2,2,1,1,112,158,456124,448802,,,,,,,,,,,,,,,,,,,,,,,,,575929
570334,2018-10-01,9,Top,60,3,2,1,1,112,158,456124,448802,,,,,,,,,,,,,,,,,,,,,,,,,575929
570334,2018-10-01,9,Top,60,4,2,1,1,112,158,456124,448802,field_out,Pop Out,Erik Kratz pops out to first baseman Anthony Rizzo in foul territory.,T,,,,,,,,,,456124,,,T,2,Pop Out,field_out,,,,,575929
570334,2018-10-01,9,Top,61,0,0,0,2,112,158,606115,448802,,,,,,,,,,,,,,,,,,,,,,,,,575929
570334,2018-10-01,9,Top,61,1,1,0,2,112,158,606115,448802,,,,,,,,,,,,,,,,,,,,,,,,,575929
570334,2018-10-01,9,Top,61,2,1,0,2,112,158,606115,448802,,,,,,,,,,,,,,,,,,,,,,,,,575929
570334,2018-10-01,9,Top,61,3,1,1,2,112,158,606115,448802,,,,,,,,,,,,,,,,,,,,,,,,,575929
570334,2018-10-01,9,Top,61,4,1,1,2,112,158,606115,448802,single,Single,Orlando Arcia singles on a sharp line drive to left fielder Ben Zobrist. Mike Moustakas to 2nd.,T,,,,,,,,,,606115,,1B,,,Single,single,,,,,575929
570334,2018-10-01,9,Top,62,0,1,0,2,112,158,543768,448802,,,,,,,,,,,,,,,,,,,,,,,,,575929
570334,2018-10-01,9,Top,62,1,1,1,2,112,158,543768,448802,,,,,,,,,,,,,,,,,,,,,,,,,575929
570334,2018-10-01,9,Top,62,2,1,1,2,112,158,543768,448802,field_out,Groundout,"Travis Shaw grounds out softly, catcher Willson Contreras to first baseman Anthony Rizzo.",T,,,,,,,,,,543768,,,T,3,Groundout,field_out,,,,,575929
570334,2018-10-01,9,Bot,63,0,0,0,0,112,158,502517,623352,,,,,,,,,,,,,,,,,,,,,,,,,456124
570334,2018-10-01,9,Bot,63,1,0,0,0,112,158,502517,623352,,,,,,,,,,,,,,,,,,,,,,,,,456124
570334,2018-10-01,9,Bot,63,2,0,1,0,112,158,502517,623352,,,,,,,,,,,,,,,,,,,,,,,,,456124
570334,2018-10-01,9,Bot,63,3,0,2,0,112,158,502517,623352,,,,,,,,,,,,,,,,,,,,,,,,,456124
570334,2018-10-01,9,Bot,63,4,0,2,0,112,158,502517,623352,,,,,,,,,,,,,,,,,,,,,,,,,456124
570334,2018-10-01,9,Bot,63,5,0,3,0,112,158,502517,623352,strikeout,Strikeout,Daniel Murphy strikes out swinging.,T,,,,,,,,,,502517,,,T,1,Strikeout,strikeout,,,,,456124
570334,2018-10-01,9,Bot,64,0,0,1,1,112,158,450314,623352,,,,,,,,,,,,,,,,,,,,,,,,,456124
570334,2018-10-01,9,Bot,64,1,1,1,1,112,158,450314,623352,,,,,,,,,,,,,,,,,,,,,,,,,456124
570334,2018-10-01,9,Bot,64,2,2,1,1,112,158,450314,623352,,,,,,,,,,,,,,,,,,,,,,,,,456124
570334,2018-10-01,9,Bot,64,3,2,1,1,112,158,450314,623352,field_out,Flyout,Ben Zobrist flies out to right fielder Keon Broxton.,T,,,,,,,,,,450314,,,T,2,Flyout,field_out,,,,,456124
570334,2018-10-01,9,Bot,65,0,1,0,2,112,158,595879,623352,,,,,,,,,,,,,,,,,,,,,,,,,456124
570334,2018-10-01,9,Bot,65,1,2,0,2,112,158,595879,623352,,,,,,,,,,,,,,,,,,,,,,,,,456124
570334,2018-10-01,9,Bot,65,2,3,0,2,112,158,595879,623352,,,,,,,,,,,,,,,,,,,,,,,,,456124
570334,2018-10-01,9,Bot,65,3,3,1,2,112,158,595879,623352,,,,,,,,,,,,,,,,,,,,,,,,,456124
570334,2018-10-01,9,Bot,65,4,3,2,2,112,158,595879,623352,,,,,,,,,,,,,,,,,,,,,,,,,456124
570334,2018-10-01,9,Bot,65,5,3,2,2,112,158,595879,623352,,,,,,,,,,,,,,,,,,,,,,,,,456124
570334,2018-10-01,9,Bot,65,6,3,2,2,112,158,595879,623352,,,,,,,,,,,,,,,,,,,,,,,,,456124
570334,2018-10-01,9,Bot,65,7,3,2,2,112,158,595879,623352,,,,,,,,,,,,,,,,,,,,,,,,,456124
570334,2018-10-01,9,Bot,65,8,3,2,2,112,158,595879,623352,single,Single,Javier Baez singles on a line drive to center fielder Lorenzo Cain.,T,,,,,,,,,,595879,,1B,,,Single,single,,,,,456124
570334,2018-10-01,9,Bot,66,0,1,0,2,112,158,519203,623352,,,,,,,,,,,,,,,,,,,,,,,,,456124
570334,2018-10-01,9,Bot,66,1,1,0,2,112,158,519203,623352,,,,,,,,,,,,,,,,,,,,,,,,,456124
570334,2018-10-01,9,Bot,66,2,1,0,2,112,158,519203,623352,,,,,,,,,,,,,,,,,,,,,,,,,456124
570334,2018-10-01,9,Bot,66,3,1,1,2,112,158,519203,623352,,,,,,,,,,,,,,,,,,,,,,,,,456124
570334,2018-10-01,9,Bot,66,4,1,2,2,112,158,519203,623352,,,,,,,,,,,,,,,,,,,,,,,,,456124
570334,2018-10-01,9,Bot,66,5,1,2,2,112,158,519203,623352,field_out,Flyout,Anthony Rizzo flies out to right fielder Keon Broxton.,T,,,,,,,,,,595879,1B,2B,,,Defensive Indiff,defensive_indiff,r_defensive_indiff,,,,456124
