"player_id","player_name","team_name","start_year","end_year","key_target_base","runs_stolen_on_running_act","n_init","rate_sbx","n_sb","n_cs","n_pk","n_bk","n_fb","n_plus","n_minus","net_act_plus","net_act_minus","r_primary_lead","r_secondary_lead","r_sec_minus_prim_lead","r_primary_lead_sbx","r_secondary_lead_sbx","r_sec_minus_prim_lead_sbx"
453943,"Frazier, Todd","NYM",2018,2018,"All",0.9019017020650442,519,0.015414258188824663,6,2,0,0,0,6,2,2.0726041143805456,1.0830686204198556,"11.050482906","15.750196581","4.699713675","10.612125","27.745","17.132875"
503556,"Gonzalez, Marwin","HOU",2018,2018,"All",-0.6571232412825645,713,0.005610098176718092,2,2,0,0,0,2,2,-3.8500957028434515,0.25087977619139046,"12.414189349","15.331819527","2.917630178","9.942","21.3475","11.4055"
594807,"Duvall, Adam","ATL",2018,2018,"All",-0.0869824669950383,379,0.002638522427440633,1,0,1,0,0,1,1,-1.3115067034538945,0.3895974971016455,"11.298074074","13.935045584","2.63697151","12.945","31.966","19.021"
665742,"Soto, Juan","WSH",2018,2018,"All",-1.468743895980996,704,0.007102272727272727,3,2,3,1,0,4,5,-2.6445618494858616,-2.088514502408499,"11.508747678","16.102962848","4.59421517","12.1574","26.5006","14.3432"
642708,"Rosario, Amed","NYM",2018,2018,"All",-1.1630450851190741,874,0.034324942791762014,20,10,2,0,0,20,12,12.829116496096365,-8.286374187418547,"11.809472067","15.500469274","3.690997207","12.042931034","23.382275862","11.339344828"
656775,"Mullins, Cedric","BAL",2018,2018,"All",-1.4388278780879247,266,0.018796992481203006,2,3,1,0,0,2,4,-0.7075414426595128,-2.8829324212356062,"11.977516667","15.3659125","3.388395833","10.862","22.4698","11.6078"
502210,"Reddick, Josh","HOU",2018,2018,"All",-0.3377588615685177,681,0.010279001468428781,5,2,1,1,0,6,3,-0.5932766189902436,-0.4868967506010446,"11.955111821","16.432127796","4.477015974","12.674","25.586428571","12.912428571"
657656,"Laureano, Ramón","OAK",2018,2018,"All",0.3512361847977636,280,0.017857142857142856,4,1,0,0,0,4,1,2.2370264443855343,-0.21370912017631863,"11.822068826","14.549323887","2.727255061","10.1834","21.7746","11.5912"
605141,"Betts, Mookie","BOS",2018,2018,"All",3.055844986383555,1260,0.022222222222222223,24,4,0,0,0,24,4,13.477729813707871,0.8006644969821788,"12.322647696","18.256423668","5.933775971","13.350857143","26.975357143","13.6245"
641343,"Bauers, Jake","TB",2018,2018,"All",-0.8748316849765837,528,0.017045454545454544,5,4,0,0,0,5,4,-0.2596334611186363,-1.8286777616730108,"12.659182195","16.901093168","4.241910973","12.392","23.403","11.011"
425772,"Mathis, Jeff","AZ",2018,2018,"All",0.03360656438128961,190,0,0,0,0,0,0,0,0,-1.4434589868677015,0.7162185816773997,"10.266151351","14.242978378","3.976827027",,,
476704,"Lowrie, Jed","OAK",2018,2018,"All",0.003946373788579507,955,0,0,0,0,1,0,1,0,-7.2563635380364975,3.23382018087973,"10.42972043","14.642403226","4.212682796",,,
543376,"Joseph, Caleb","BAL",2018,2018,"All",-0.05610376161139555,355,0.008450704225352112,2,1,0,0,0,2,1,-0.6057339151536583,0.14454004759852482,"11.349334278","15.185382436","3.836048159","12.324666667","27.800666667","15.476"
608369,"Seager, Corey","LAD",2018,2018,"All",0.056492937826790726,243,0,0,0,0,0,0,0,0,-1.858391235338308,0.951491521987672,"12.032929515","14.976079295","2.94314978",,,
430945,"Jones, Adam","BAL",2018,2018,"All",0.3893046819355459,1006,0.004970178926441352,4,1,0,1,0,5,1,-3.855883454977968,2.5788474954025347,"12.272991744","16.953839009","4.680847265","11.8372","25.0548","13.2176"
457705,"McCutchen, Andrew","NYY",2018,2018,"All",-1.4856606032427986,1322,0.014372163388804841,12,7,2,0,0,12,9,1.8143904188930355,-4.1078637489364604,"11.783522176","15.977081172","4.193558996","11.138105263","21.951578947","10.813473684"
434778,"Morales, Kendrys","TOR",2018,2018,"All",-0.7569323724835467,573,0.0034904013961605585,0,2,0,0,0,0,2,-4.563156860030242,0.345997776716671,"10.441716049","14.572026455","4.130310406","7.887","14.735","6.848"
607208,"Turner, Trea","WSH",2018,2018,"All",3.0760871234388167,1362,0.0315712187958884,36,7,3,2,0,38,10,25.256983071200015,-4.389576646224864,"13.027466312","17.255368794","4.227902482","12.615414634","24.28902439","11.673609756"
571602,"Davidson, Matt","CWS",2018,2018,"All",0.2552557747076175,519,0,0,0,0,0,0,0,0,-3.956552376467572,2.3257027777802923,"10.811052427","14.169699029","3.358646602",,,
594777,"Calhoun, Kole","LAA",2018,2018,"All",0.3457819124337308,625,0.0128,6,2,0,1,0,7,2,0.6518474453389959,0.47869427414651655,"11.838777015","15.480240137","3.641463122","10.977625","24.052875","13.07525"
457706,"Jackson, Austin","NYM",2018,2018,"All",-1.1084590468402524,571,0.010507880910683012,3,3,1,0,0,3,4,-1.1980022591420276,-1.9307968778041067,"12.442360489","15.656095723","3.213735234","11.528833333","22.556833333","11.028"
592348,"Goodrum, Niko","DET",2018,2018,"All",0.3846132099054072,568,0.02640845070422535,11,4,0,0,0,11,4,6.734614924766478,-2.1384661667730853,"12.525223282","15.642335878","3.117112595","11.723466667","22.1356","10.412133333"
474568,"Mercer, Jordy","PIT",2018,2018,"All",0.01432380814665672,491,0,0,0,0,0,0,0,0,-3.9774876196685285,1.7996029601785843,"12.011951681","15.194762605","3.182810924",,,
501896,"Freese, David","LAD",2018,2018,"All",0.0002131625429631183,461,0,0,0,0,0,0,0,0,-4.163673335968694,1.8509951771926698,"11.673247191","13.842060674","2.168813483",,,
595885,"Bird, Greg","NYY",2018,2018,"All",0.019526811549615154,288,0,0,0,0,1,0,1,0,-2.2329588946843484,1.0358190899699666,"11.551915789","14.534108772","2.982192982",,,
435622,"Desmond, Ian","COL",2018,2018,"All",1.223353976757674,755,0.02384105960264901,15,3,1,1,0,16,4,8.891123432894677,-1.2330460218250279,"12.710152886","17.276814353","4.566661466","11.504","21.037944444","9.533944444"
542303,"Ozuna, Marcell","STL",2018,2018,"All",0.9267892305916989,815,0.0036809815950920245,3,0,0,0,0,3,0,-3.553407558230371,3.6388238716394965,"10.927109276","15.483515883","4.556406607","13.438333333","25.795666667","12.357333333"
545358,"Stassi, Max","HOU",2018,2018,"All",-0.08178604783411754,311,0,0,0,0,0,0,0,0,-2.5901153113080744,0.9694155876166606,"10.383036545","12.401046512","2.018009967",,,
621002,"Robertson, Daniel","TB",2018,2018,"All",-0.3979876510525165,584,0.00684931506849315,2,2,0,1,0,3,2,-2.5929423558419953,0.26800182247973714,"12.467745387","15.138699262","2.670953875","10.95175","20.1795","9.22775"
542255,"Inciarte, Ender","ATL",2018,2018,"All",-0.1272059034193121,1122,0.03208556149732621,25,11,1,0,0,25,12,14.760699458234871,-6.842990655702857,"12.146551198","16.138034858","3.99148366","13.294583333","25.701","12.406416667"
408236,"González, Adrián","NYM",2018,2018,"All",0.049579322349129554,166,0,0,0,0,0,0,0,0,-1.2374965393299535,0.6601747338113786,"9.989889571","14.346417178","4.356527607",,,
656555,"Hoskins, Rhys","PHI",2018,2018,"All",-0.7502777454512072,1023,0.006842619745845552,4,3,1,0,0,4,4,-4.9164410392685145,0.5178010275611002,"11.287140333","15.179778586","3.892638254","11.615714286","23.310571429","11.694857143"
594953,"Palka, Daniel","CWS",2018,2018,"All",0.053664567835879105,415,0.007228915662650603,2,1,0,0,0,2,1,-0.8647076171927958,0.5035690917209746,"12.007328467","15.395389294","3.388060827","11.221333333","21.405","10.183666667"
592663,"Realmuto, J.T.","MIA",2018,2018,"All",-0.24803454232790495,863,0.004634994206257242,3,1,1,0,0,3,2,-4.227402507027851,1.3276576868392556,"12.552924812","16.901818296","4.348893484","10.989666667","23.223333333","12.233666667"
519346,"Thames, Eric","MIL",2018,2018,"All",1.3547460578581547,325,0.018461538461538463,6,0,0,0,0,6,0,3.9402500453776206,1.2593245528502899,"13.147016393","16.599636066","3.452619672","11.9958","23.784","11.7882"
592444,"Jones, JaCoby","DET",2018,2018,"All",0.5449710959303375,538,0.027881040892193308,12,3,1,0,0,12,4,7.960161181223899,-2.326802534032114,"13.880247826","17.738630435","3.858382609","12.7182","25.342933333","12.624733333"
543510,"McCann, James","DET",2018,2018,"All",-0.8876375572756625,546,0.003663003663003663,0,2,0,0,0,0,2,-5.319555598193961,0.3917190274736216,"10.54171028","15.714818692","5.173108411","11.2065","21.8115","10.605"
553993,"Suárez, Eugenio","CIN",2018,2018,"All",-0.37438229934806805,729,0.0013717421124828531,0,1,0,0,0,0,1,-5.822135101338232,1.7556549353768414,"10.807569385","14.204871245","3.39730186","9.752","16.449","6.697"
596059,"Odor, Rougned","TEX",2018,2018,"All",-3.0356512908422,639,0.026604068857589983,9,8,3,0,0,9,11,3.9606096598505243,-8.50616271736068,"12.328005236","15.705668412","3.377663176","11.096294118","21.853529412","10.757235294"
592407,"Holaday, Bryan","MIA",2018,2018,"All",-0.05357994146900223,179,0,0,0,0,0,0,0,0,-1.3735649638951672,0.49140678068895827,"11.199802326","15.123098837","3.923296512",,,
448602,"Reynolds, Mark","WSH",2018,2018,"All",0.005392501135713112,278,0,0,0,0,0,0,0,0,-2.682611460589917,1.2042550961193255,"12.005148551","14.637913043","2.632764493",,,
608336,"Gallo, Joey","TEX",2018,2018,"All",-1.2217741244810894,535,0.013084112149532711,3,4,0,0,0,3,4,-0.8912090095559285,-2.3189607168220085,"12.258434698","16.155678363","3.897243665","11.067285714","21.773714286","10.706428571"
622110,"Duffy, Matt","TB",2018,2018,"All",-0.3735408993241107,1015,0.017733990147783252,12,6,0,0,0,12,6,3.109038647595981,-2.211885841874026,"12.845779935","18.287728155","5.44194822","11.496444444","21.885944444","10.3895"
621493,"Ward, Taylor","LAA",2018,2018,"All",0.1987287121184172,175,0.005714285714285714,1,0,0,0,0,1,0,-0.4826329098408486,0.6561228757479708,"12.844567073","18.474231707","5.629664634","13.33","31.342","18.012"
541645,"García, Avisaíl","CWS",2018,2018,"All",-0.197397618808478,442,0.00904977375565611,3,1,1,0,0,3,2,-0.08357288593530104,-0.4015178702698182,"11.611810427","14.884168246","3.27235782","11.46375","19.50275","8.039"
605480,"Smith, Mallex","TB",2018,2018,"All",1.369624991314046,1023,0.04105571847507331,33,9,3,1,0,34,12,25.239087807862585,-8.173761267241037,"13.006900943","17.962792453","4.955891509","13.022571429","23.351357143","10.328785714"
465041,"Cervelli, Francisco","PIT",2018,2018,"All",-1.0946274630682085,595,0.0067226890756302525,1,3,0,0,0,1,3,-3.688454287192317,-0.7931924569549882,"11.67016899","16.344353659","4.674184669","10.554","25.10225","14.54825"
592192,"Canha, Mark","OAK",2018,2018,"All",-0.4027972014004205,462,0.0021645021645021645,0,1,0,0,0,0,1,-4.069172821221252,0.9134163618751769,"11.511015945","15.280936219","3.769920273","10.834","20.586","9.752"
596142,"Sánchez, Gary","NYY",2018,2018,"All",0.1367613405615314,400,0.0025,1,0,0,0,0,1,0,-2.431274785203539,1.38448066133831,"11.071328283","15.546376263","4.47504798","10.384","25.789","15.405"
460075,"Braun, Ryan","MIL",2018,2018,"All",0.08454889233093188,526,0.017110266159695818,7,2,1,0,0,7,3,3.400443558801602,-1.3234218209541933,"11.979848936","15.993425532","4.013576596","13.471666667","27.944555556","14.472888889"
544369,"Gregorius, Didi","NYY",2018,2018,"All",-1.0031474737572719,1055,0.013270142180094787,8,6,0,0,0,8,6,-0.5006294761851937,-2.0067146189338527,"11.931236869","16.342072091","4.410835221","11.357230769","22.825923077","11.468692308"
542340,"Villar, Jonathan","BAL",2018,2018,"All",2.0052663527956245,690,0.042028985507246375,24,5,1,0,0,24,6,17.890761835682575,-3.495302254090868,"13.225832143","17.630267857","4.404435714","13.710714286","26.19275","12.482035714"
605170,"Caratini, Victor","CHC",2018,2018,"All",-0.05398913426853441,223,0,0,0,0,0,0,0,0,-1.7139440249030162,0.6417770460268198,"11.708224299","16.149448598","4.441224299",,,
514917,"Hernández, César","PHI",2018,2018,"All",0.39082405111592916,1630,0.01411042944785276,17,6,1,1,0,18,7,3.214140068637826,-0.5600088058036378,"10.91190007","14.471878958","3.559978888","11.033136364","21.783454545","10.750318182"
516782,"Marte, Starling","PIT",2018,2018,"All",0.730743591975036,801,0.0449438202247191,26,10,0,1,0,27,10,19.749609227648556,-7.153729452343723,"12.332034901","16.971054628","4.639019727","11.708833333","22.734361111","11.025527778"
609280,"Andujar, Miguel","NYY",2018,2018,"All",-0.19122113372360755,833,0.003601440576230492,2,1,0,0,0,2,1,-4.546886276289783,1.5959024922985496,"12.238363636","15.241147727","3.002784091","10.316333333","20.3","9.983666667"
571697,"Gennett, Scooter","CIN",2018,2018,"All",0.2567303218904933,982,0.0010183299389002036,1,0,0,0,0,1,0,-6.725325422359525,3.5595453474719942,"11.075769978","13.448804536","2.373034557","11.424","27.322","15.898"
571595,"Cuevas, Noel","COL",2018,2018,"All",0.2745462742367734,203,0.0049261083743842365,1,0,0,1,0,2,0,-0.6329531100060617,0.8914153249733017,"12.239773481","15.527066298","3.287292818","11.495","30.062","18.567"
543257,"Grossman, Robbie","MIN",2018,2018,"All",0.02765926260312466,945,0,0,0,0,0,0,0,0,-7.496388864462822,3.3931934122126437,"12.236860227","15.122551136","2.885690909",,,
571851,"Kieboom, Spencer","WSH",2018,2018,"All",0.04441971687695364,205,0,0,0,0,0,0,0,0,-1.7482099867976926,0.8756926983033162,"11.057303483","15.08440796","4.027104478",,,
592387,"Healy, Ryon","SEA",2018,2018,"All",0.0006259035567910132,538,0,0,0,0,0,0,0,0,-4.185040877037014,1.8614090643648749,"11.834725191","16.551022901","4.71629771",,,
594824,"Garcia, Greg","STL",2018,2018,"All",-0.11323725752863319,280,0.007142857142857143,1,1,0,0,0,1,1,-1.7579239075827329,0.5296611644175848,"11.217832685","16.511688716","5.293856031","12.321","27.761","15.44"
519058,"Moustakas, Mike","MIL",2018,2018,"All",-0.33658832100110475,682,0.001466275659824047,0,1,0,0,0,0,1,-5.60824226460672,1.7445780709338647,"11.27384006","15.479040359","4.205200299","9.49","18.244","8.754"
434158,"Granderson, Curtis","MIL",2018,2018,"All",-0.01061288888343516,769,0.002600780234070221,1,1,0,0,0,1,1,-5.499823927581835,2.420781992517626,"11.549565278","15.580595833","4.031030556","12.49","27.788","15.298"
570256,"Polanco, Gregory","PIT",2018,2018,"All",1.2703924500700965,688,0.0188953488372093,11,2,0,1,0,12,2,5.508893736302103,0.3746971173548341,"12.64977541","17.372421311","4.722645902","12.012923077","24.908923077","12.896"
457708,"Upton, Justin","LAA",2018,2018,"All",0.2574138684823331,646,0.01238390092879257,6,2,0,0,0,6,2,0.931243431429729,0.15814484932530537,"11.597105611","15.38960396","3.79249835","10.283","22.37175","12.08875"
581527,"Travis, Devon","TOR",2018,2018,"All",-0.369762587054114,480,0.008333333333333333,2,2,0,0,0,2,2,-1.5263538090686557,-0.14331516720084997,"12.719230425","16.333105145","3.61387472","13.244","27.73875","14.49475"
646240,"Devers, Rafael","BOS",2018,2018,"All",-0.7045367682501344,575,0.01217391304347826,5,2,2,0,0,5,4,0.7138881985257977,-1.88292090656732,"11.414365989","15.373881701","3.959515712","11.580714286","21.825","10.244285714"
553869,"Díaz, Elias","PIT",2018,2018,"All",-0.0774231616496583,430,0,0,0,0,0,0,0,0,-3.5496288655102766,1.405561358783105,"11.468843521","15.956242054","4.487398533",,,
451192,"Adduci, James","DET",2018,2018,"All",0.17057647619836497,349,0.0028653295128939827,1,0,0,0,0,1,0,-2.8551136021709493,1.6479982147390084,"12.032115756","16.947868167","4.915752412","11.917","25.087","13.17"
596451,"Quinn, Roman","PHI",2018,2018,"All",-0.45559452498267583,221,0.058823529411764705,9,4,1,1,0,10,5,7.041690449077505,-4.142072477329276,"12.770618182","18.088448485","5.317830303","12.693923077","24.818076923","12.124153846"
645277,"Albies, Ozzie","ATL",2018,2018,"All",1.2776113607415842,879,0.013651877133105802,10,2,0,1,0,11,2,3.174622081762732,1.4281932097534167,"11.167022487","15.32071164","4.153689153","11.535181818","22.017818182","10.482636364"
542364,"Ortega, Rafael","MIA",2018,2018,"All",-0.6284648923503995,237,0.02531645569620253,4,2,1,0,0,4,3,1.2435137271733017,-1.949261417300132,"11.410597156","16.862981043","5.452383886","11.885333333","24.006666667","12.121333333"
592626,"Pederson, Joc","LAD",2018,2018,"All",-1.0668292406794582,694,0.005763688760806916,1,3,0,0,0,1,3,-4.825869243162031,-0.2259008712156696,"10.508201613","13.684025806","3.175824194","10.866","21.141","10.275"
593934,"Sanó, Miguel","MIN",2018,2018,"All",0.017977429590682808,262,0,0,0,0,1,0,1,0,-1.966423308377095,0.913915758369115,"10.860003937","14.609704724","3.749700787",,,
607054,"Peterson, Jace","BAL",2018,2018,"All",0.6896706726992076,411,0.024330900243309004,8,2,0,0,0,8,2,4.714022827912455,-0.5625197619628527,"12.418585752","16.280493404","3.861907652","11.4179","23.4661","12.0482"
425877,"Molina, Yadier","STL",2018,2018,"All",0.001211041228571852,717,0.008368200836820083,4,2,0,0,0,4,2,-1.68651926264592,0.75225531946168,"9.817079251","13.59281268","3.775733429","15.253333333","31.169833333","15.9165"
608700,"Plawecki, Kevin","NYM",2018,2018,"All",-0.32891935894855034,297,0.003367003367003367,0,1,0,0,0,0,1,-2.060360514770689,0.1847838755679721,"12.333841912","15.680455882","3.346613971","11.318","14.311","2.993"
593428,"Bogaerts, Xander","BOS",2018,2018,"All",0.1868999917962753,776,0.010309278350515464,6,2,0,0,0,6,2,-0.7469123301890426,0.7472943507424089,"11.223719613","15.223343923","3.999624309","12.564","25.93825","13.37425"
607387,"Rua, Ryan","TEX",2018,2018,"All",0.15148159529587604,204,0.0196078431372549,3,1,0,0,0,3,1,1.4796451097806853,-0.3209942814672454,"11.558584211","14.931342105","3.372757895","12.93875","24.8675","11.92875"
475253,"Smoak, Justin","TOR",2018,2018,"All",-0.5174620724025661,812,0.0012315270935960591,0,1,0,1,0,1,1,-7.149011313137592,2.0274226449443384,"11.647089441","13.037715528","1.390626087","9.61","17.818","8.208"
518735,"Grandal, Yasmani","LAD",2018,2018,"All",0.07685770084594336,611,0,0,0,0,0,0,0,0,-4.8389919518934255,2.321457980499174,"9.636602389","11.951912969","2.31531058",,,
521692,"Perez, Salvador","KC",2018,2018,"All",-0.2794772413055087,548,0.0036496350364963502,1,1,0,0,0,1,1,-3.721624356910255,1.0329947335034273,"9.172938202","11.289505618","2.116567416","12.95","20.5","7.55"
405395,"Pujols, Albert","LAA",2018,2018,"All",0.14730524752191476,483,0.002070393374741201,1,0,0,0,0,1,0,-2.98479400246295,1.6539201066988996,"13.126247899","17.403245798","4.276997899","14.822","43.088","28.266"
519306,"Souza Jr., Steven","AZ",2018,2018,"All",0.23450376674105924,323,0.01238390092879257,4,0,1,1,0,5,1,1.2071731145826914,-0.015401902612177887,"12.352985816","15.803592199","3.450606383","12.443","28.351","15.908"
571718,"Goodwin, Brian","KC",2018,2018,"All",-0.04200325036377389,291,0.01718213058419244,4,1,1,0,0,4,2,1.3016249583404005,-0.6718405378485666,"11.948626459","16.256365759","4.3077393","12.489","21.6232","9.1342"
456124,"Kratz, Erik","MIL",2018,2018,"All",-0.04442050084465557,228,0,0,0,0,0,0,0,0,-1.6482069678699616,0.6338242060651927,"11.272618834","16.049112108","4.776493274",,,
502517,"Murphy, Daniel","CHC",2018,2018,"All",0.29083418743385037,467,0.004282655246252677,2,0,0,0,0,2,0,-2.4180521643469683,1.720988045118319,"11.103296703","14.82489011","3.721593407","10.96","26.065","15.105"
598265,"Bradley Jr., Jackie","BOS",2018,2018,"All",2.234314216945303,782,0.020460358056265986,15,1,1,0,0,15,2,9.147682123646248,0.8995062049245631,"11.865599424","16.514723343","4.649123919","11.5335","23.58275","12.04925"
606192,"Hernández, Teoscar","TOR",2018,2018,"All",-0.8285034525122359,582,0.015463917525773196,5,4,0,0,0,5,4,0.10550381748120952,-1.888009368907731,"12.552198113","17.772686792","5.220488679","13.621888889","24.207333333","10.585444444"
656305,"Chapman, Matt","OAK",2018,2018,"All",-1.1023137722796095,898,0.0033407572383073497,1,2,1,0,0,1,3,-4.842627825302197,-0.297307127153714,"12.450371765","16.595558824","4.145187059","13.740333333","22.723333333","8.983"
592178,"Bryant, Kris","CHC",2018,2018,"All",-1.4453001990323153,667,0.0074962518740629685,1,4,0,0,0,1,4,-4.300063533089282,-1.3006388720321316,"11.432275527","15.23386872","3.801593193","9.8636","18.357","8.4934"
592743,"Simmons, Andrelton","LAA",2018,2018,"All",1.028756507151909,1015,0.01083743842364532,9,2,0,1,0,10,2,0.2979369601158113,2.1537091447305508,"12.593751121","14.714903587","2.121152466","12.133636364","24.481636364","12.348"
572122,"Seager, Kyle","SEA",2018,2018,"All",-0.39281283378316184,547,0.007312614259597806,2,2,0,0,0,2,2,-2.2451702425680438,0.12493603273432718,"12.661333333","16.177812016","3.516478682","11.6175","23.021","11.4035"
570799,"Villanueva, Christian","SD",2018,2018,"All",0.6507488890292247,428,0.007009345794392523,3,0,0,0,0,3,0,-0.35993935984428677,1.6060816911068474,"13.17622335","17.190007614","4.013784264","12.468333333","22.628333333","10.16"
461865,"Romine, Andrew","SEA",2018,2018,"All",0.1531138195852607,228,0.0043859649122807015,1,0,0,0,0,1,0,-0.7289863822928663,0.6642468800974075,"12.460680952","14.647971429","2.187290476","11.004","22.734","11.73"
570267,"Santana, Domingo","MIL",2018,2018,"All",-0.605374007773495,331,0.0030211480362537764,1,0,2,1,0,2,2,-1.3988012956636373,-0.7235861080905959,"12.559490066","17.060460265","4.500970199","11.784","22.7","10.916"
642851,"Wynns, Austin","BAL",2018,2018,"All",0.041844363900188294,164,0,0,0,0,0,0,0,0,-1.3873032470413769,0.7095666962410304,"12.013462963","16.230901235","4.217438272",,,
462101,"Andrus, Elvis","TEX",2018,2018,"All",-0.029845501100481838,676,0.008875739644970414,4,2,0,0,0,4,2,-1.2652276453630458,0.49600006216028303,"12.265695584","16.334055205","4.068359621","12.469","23.714833333","11.245833333"
609275,"Mondesi, Adalberto","KC",2018,2018,"All",2.0042214881519684,362,0.08287292817679558,24,6,0,0,0,24,6,21.058520833843584,-4.905517063592778,"12.319501567","16.667376176","4.347874608","12.346866667","25.814","13.467133333"
660162,"Moncada, Yoán","CWS",2018,2018,"All",-0.27014162452314683,999,0.018018018018018018,12,6,1,0,0,12,7,5.224072393203626,-2.9221246736974957,"11.40545515","15.379535991","3.974080842","11.8725","21.450888889","9.578388889"
621453,"Duggar, Steven","SF",2018,2018,"All",0.18494793769853085,211,0.018957345971563982,3,1,0,0,0,3,1,1.6345358648539865,-0.3154649672717056,"11.628652406","15.463636364","3.834983957","10.75775","24.547","13.78925"
502481,"Dyson, Jarrod","AZ",2018,2018,"All",1.6227129211994287,330,0.045454545454545456,13,2,0,0,0,13,2,9.37342926604368,-0.5599398489095746,"12.999064151","17.556045283","4.556981132","13.3882","27.4716","14.0834"
518692,"Freeman, Freddie","ATL",2018,2018,"All",0.664863525196126,1153,0.005203816131830009,5,1,0,0,0,5,1,-3.9001741541790165,3.2108852356265105,"11.856558879","17.181334579","5.324775701","11.541333333","24.519","12.977666667"
656669,"Luplow, Jordan","PIT",2018,2018,"All",-0.01392688060318547,178,0.016853932584269662,2,1,0,0,0,2,1,0.3122793280197823,-0.16973943601587016,"12.908192771","16.973325301","4.06513253","10.647666667","22.179666667","11.532"
545350,"Marisnick, Jake","HOU",2018,2018,"All",-0.6469242946449238,301,0.019933554817275746,4,2,1,0,0,4,3,1.527542142491003,-2.116517162540283,"12.791496212","16.845424242","4.05392803","12.335","20.798666667","8.463666667"
534606,"LaMarre, Ryan","CWS",2018,2018,"All",-1.0157333741815064,307,0.009771986970684038,2,1,2,1,0,3,3,-0.3971556190367065,-2.080671667498145,"12.501960714","17.217275","4.715314286","11.250666667","22.533333333","11.282666667"
641355,"Bellinger, Cody","LAD",2018,2018,"All",1.5749361706248717,855,0.014035087719298246,12,0,2,0,0,12,2,5.564156630088539,1.0268996546825853,"12.089455746","15.298113606","3.20865786","11.984","24.469545455","12.485545455"
455759,"Young, Chris","LAA",2018,2018,"All",0.3535491495521955,182,0.01098901098901099,2,0,0,1,0,3,0,0.040618066141200115,0.7676123029421229,"11.655982659","14.827202312","3.171219653","11.3615","30.966","19.6045"
595284,"Knapp, Andrew","PHI",2018,2018,"All",0.0498290662889775,270,0,0,0,0,0,0,0,0,-2.4996297652043884,1.221677820733012,"10.830628906","14.591648438","3.761019531",,,
547379,"Pérez, Roberto","CLE",2018,2018,"All",0.14359647905385065,212,0.0047169811320754715,1,0,0,0,0,1,0,-1.1600435612542694,0.8346782028993432,"11.035442308","15.459302885","4.423860577","10.558","26.035","15.477"
624428,"Frazier, Adam","PIT",2018,2018,"All",-1.3932051364527955,608,0.006578947368421052,1,3,1,1,0,2,4,-3.927798782718398,-1.3503230664647012,"12.636383333","17.584353704","4.94797037","11.20525","21.92325","10.718"
592206,"Castellanos, Nick","DET",2018,2018,"All",-0.42512175262674207,893,0.0033594624860022394,2,1,1,0,0,2,2,-4.440545156728532,1.0288606193754755,"11.868390805","15.204044828","3.335654023","11.071666667","22.745","11.673333333"
578428,"Iglesias, Jose","DET",2018,2018,"All",0.10016853806466575,686,0.029154518950437316,14,6,0,0,0,14,6,8.784789577934918,-3.6817541722718174,"11.810811232","16.610235569","4.799424337","11.6706","21.8585","10.1879"
429665,"Encarnación, Edwin","CLE",2018,2018,"All",-0.0012843729886658564,704,0,0,0,0,0,0,0,0,-5.41197671774367,2.402468823466818,"11.973153515","13.402101865","1.42894835",,,
622682,"Reyes, Victor","DET",2018,2018,"All",0.41121627904524233,408,0.0196078431372549,7,1,1,0,0,7,2,3.5080303239439745,-0.6453106349856791,"13.951783476","18.150740741","4.198957265","13.126","22.45875","9.33275"
500135,"Rodríguez, Ronny","DET",2018,2018,"All",0.39118885349791044,247,0.008097165991902834,2,0,0,0,0,2,0,0.25541182869057844,0.7557921950217652,"13.726991416","17.777652361","4.050660944","12.341","21.44","9.099"
527043,"Marte, Jefry","LAA",2018,2018,"All",0.03773139143979903,305,0,0,0,0,1,0,1,0,-2.1283046279647624,1.0297607045172268,"12.040945763","15.573237288","3.532291525",,,
543333,"Hosmer, Eric","SD",2018,2018,"All",-0.2787143801042926,1031,0.005819592628516004,3,3,0,0,0,3,3,-5.397802459302104,1.7796580261247297,"10.955826804","14.704194845","3.748368041","10.5695","23.9935","13.424"
641531,"Dozier, Hunter","KC",2018,2018,"All",-0.451810508756813,382,0.002617801047120419,0,1,0,0,0,0,1,-2.5636707063044435,0.13538585000905737,"11.037336066","13.579144809","2.541808743","9.95","14.607","4.657"
595978,"Hedges, Austin","SD",2018,2018,"All",0.3206838037465383,402,0.004975124378109453,2,0,0,0,0,2,0,-1.1305304079608598,1.2150886340860225,"11.083015666","14.696765013","3.613749347","10.2475","19.272","9.0245"
600869,"Candelario, Jeimer","DET",2018,2018,"All",-1.3618554595037438,843,0.005931198102016607,3,2,2,0,0,3,4,-4.340383125444099,-1.0972862986998297,"13.077362374","15.672229798","2.594867424","12.0536","22.3352","10.2816"
543281,"Harrison, Josh","PIT",2018,2018,"All",0.3965111200976653,516,0.003875968992248062,2,0,0,0,0,2,0,-1.773466013368721,1.6693429394920214,"12.527967963","17.368475973","4.840508009","12.668","21.53","8.862"
523253,"Forsythe, Logan","MIN",2018,2018,"All",0.1906428552617212,589,0.001697792869269949,1,0,0,1,0,2,0,-3.2721527878357164,1.8779409173974777,"12.51247007","14.754341549","2.241871479","11.35","13.808","2.458"
664023,"Happ, Ian","CHC",2018,2018,"All",0.3187232831998837,636,0.01729559748427673,8,3,0,1,0,9,3,3.730457450204281,-0.9497071263132708,"11.880355786","16.588074266","4.70771848","11.2589","22.0994","10.8405"
502082,"Chisenhall, Lonnie","CLE",2018,2018,"All",-0.024041274863633996,168,0,0,0,0,0,0,0,0,-1.5678649422612454,0.6434038079747005,"11.693271605","16.134703704","4.441432099",,,
500743,"Rojas, Miguel","MIA",2018,2018,"All",-1.6807900595452387,644,0.009316770186335404,3,3,2,0,0,3,5,-2.984431438417886,-2.4086750485814696,"12.011464837","16.596927959","4.585463122","12.964","27.560833333","14.596833333"
643393,"Kemp, Tony","HOU",2018,2018,"All",0.2222919289118166,488,0.020491803278688523,8,2,1,0,0,8,3,4.1160830938852,-1.3353881997004964,"12.770056471","16.434465882","3.664409412","11.5476","24.9232","13.3756"
594988,"Schebler, Scott","CIN",2018,2018,"All",-0.07538181064570587,675,0.007407407407407408,3,2,0,0,0,3,2,-2.4879625904179115,0.9382460165286157,"10.524772939","13.33436703","2.80959409","10.6956","21.4916","10.796"
570560,"Sánchez, Yolmer","CWS",2018,2018,"All",0.5726514848667581,1010,0.01881188118811881,14,5,0,1,0,15,5,5.093706171024483,-0.9913105540847569,"11.321642232","15.42966302","4.108020788","11.838526316","22.823368421","10.984842105"
588751,"Hechavarría, Adeiny","NYY",2018,2018,"All",0.3759551173139378,381,0.005249343832020997,2,0,0,0,0,2,0,-1.1649717366845707,1.353221032557449,"12.911456583","16.239787115","3.328330532","12.002","21.285","9.283"
622168,"Muñoz, Yairo","STL",2018,2018,"All",-1.2923930317051604,475,0.021052631578947368,5,5,0,1,0,6,5,1.2786597984204282,-3.440277758642781,"11.710045045","15.667130631","3.957085586","11.9671","23.3095","11.3424"
643396,"Kiner-Falefa, Isiah","TEX",2018,2018,"All",-1.9155860942012457,611,0.014729950900163666,4,5,1,0,0,4,6,-1.7008810365797495,-3.5009108597451024,"12.432309028","16.400604167","3.968295139","10.563777778","19.401777778","8.838"
445988,"Prado, Martín","MIA",2018,2018,"All",-0.2414433596094061,302,0.006622516556291391,1,1,0,0,0,1,1,-1.4270340113816407,0.09769653925982677,"12.434260417","16.569152778","4.134892361","11.296","27.164","15.868"
641313,"Anderson, Tim","CWS",2018,2018,"All",1.6733635906492488,813,0.03690036900369004,24,6,1,2,0,26,7,17.94627723633907,-4.257537459152366,"11.894016854","16.227533708","4.333516854","13.016933333","24.5637","11.546766667"
576397,"Gyorko, Jedd","STL",2018,2018,"All",0.14139365327172365,477,0.0020964360587002098,1,0,0,0,0,1,0,-2.8415096599150322,1.5771013005660652,"10.428769058","15.37564574","4.946876682","10.128","25.962","15.834"
621035,"Taylor, Chris","LAD",2018,2018,"All",-0.8798487927218543,917,0.013086150490730643,7,5,0,0,0,7,5,0.3994221078429139,-2.1327404762009685,"12.215124533","14.933270237","2.718145704","12.174083333","24.564","12.389916667"
593871,"Polanco, Jorge","MIN",2018,2018,"All",-0.3537907302563314,611,0.01800327332242226,7,4,0,0,0,7,4,2.3648464098494797,-1.8372444716138387,"11.593700885","16.574566372","4.980865487","11.570909091","23.756454545","12.185545455"
614177,"Reyes, Franmil","SD",2018,2018,"All",-0.5555727423543466,379,0,0,0,1,0,0,0,1,-3.869119049632303,0.4850023723824758,"11.025175","14.1774","3.152225",,,
594694,"Difo, Wilmer","WSH",2018,2018,"All",0.3397130549399181,554,0.018050541516245487,8,2,1,0,0,8,3,2.860333275897547,-0.5163413338657596,"12.179029724","15.826312102","3.647282378","11.6811","23.0689","11.3878"
608597,"Guzmán, Ronald","TEX",2018,2018,"All",-0.2882671315171879,572,0,0,0,1,0,0,0,1,-3.412591115823197,0.8761135369943381,"12.98083156","16.917617021","3.936785461",,,
553988,"Machado, Dixon","DET",2018,2018,"All",-0.27437084042677845,390,0.005128205128205128,1,1,0,1,0,2,1,-1.7368953908883396,0.16224052833530495,"12.984693989","16.660953552","3.676259563","11.418","21.901","10.483"
514888,"Altuve, Jose","HOU",2018,2018,"All",0.4094588973281682,1026,0.015594541910331383,13,3,2,1,0,14,5,4.991751578487911,-1.3086475963764777,"11.380186147","14.759012987","3.37882684","11.8775","23.5318125","11.6543125"
454560,"Ellis, A.J.","SD",2018,2018,"All",-0.07654519399250426,283,0,0,0,0,0,0,0,0,-2.019815413280228,0.7275953081412034,"11.39209434","16.270535849","4.878441509",,,
642715,"Adames, Willy","TB",2018,2018,"All",-1.2756932228142661,480,0.020833333333333332,5,5,0,0,0,5,5,0.21898992605589668,-2.9322026845009903,"12.991185273","16.589389549","3.598204276","12.1429","22.6226","10.4797"
595281,"Kiermaier, Kevin","TB",2018,2018,"All",-0.27473066531364637,457,0.030634573304157548,9,5,0,0,0,9,5,5.203023875558585,-2.9229676453896944,"12.119613139","16.841839416","4.722226277","11.642428571","22.731642857","11.089214286"
408314,"Reyes, José","NYM",2018,2018,"All",-0.28484254401704456,297,0.02356902356902357,5,2,1,1,0,6,3,2.3823418384620254,-1.6918020260209947,"13.33175","18.042901639","4.711151639","14.807571429","27.461142857","12.653571429"
641583,"Fowler, Dustin","OAK",2018,2018,"All",-0.22389100133246756,315,0.02857142857142857,6,3,0,0,0,6,3,3.0672344078188356,-1.8607508508805255,"11.778934066","16.257197802","4.478263736","11.114222222","21.288666667","10.174444444"
467055,"Sandoval, Pablo","SF",2018,2018,"All",0.034863061460355005,309,0,0,0,0,1,0,1,0,-2.1233837301886784,1.021199572217979,"11.267928339","14.734876221","3.466947883",,,
605361,"Martini, Nick","OAK",2018,2018,"All",0.08684806775301261,417,0,0,0,0,0,0,0,0,-3.14413281943784,1.5903880703124045,"11.560515707","16.975151832","5.414636126",,,
547172,"Wolters, Tony","COL",2018,2018,"All",0.3639537278634063,230,0.008695652173913044,2,0,0,1,0,3,0,0.16777103965398876,0.7342211554057968,"12.130824885","16.091797235","3.96097235","11.5375","24.14","12.6025"
607345,"Smith, Kevan","CWS",2018,2018,"All",0.22126648049315853,327,0.0030581039755351682,1,0,0,0,0,1,0,-1.3987431847002323,1.1133669276293445,"10.823214724","14.690567485","3.867352761","9.71","19.342","9.632"
543776,"Shuck, JB","MIA",2018,2018,"All",-0.6721610790957526,170,0.01764705882352941,1,2,0,0,0,1,2,-0.517192198353984,-1.263828087611017,"11.739379085","15.368882353","3.629503268","10.892333333","19.33","8.437666667"
572821,"Dozier, Brian","LAD",2018,2018,"All",0.5155484092597855,915,0.01092896174863388,8,2,0,0,0,8,2,0.7415050349395669,0.8161053383819381,"11.847781137","14.789640871","2.941859734","12.287666667","25.656","13.368333333"
641933,"O'Neill, Tyler","STL",2018,2018,"All",0.45884338933600943,228,0.008771929824561403,2,0,0,0,0,2,0,0.3247335119773362,0.8753259709789823,"12.670390476","16.143109524","3.472719048","11.631","23.0315","11.4005"
592885,"Yelich, Christian","MIL",2018,2018,"All",1.797961247427649,1297,0.016191210485736313,18,3,1,1,0,19,4,7.995816463852773,0.4417732325713206,"11.628287801","15.097539519","3.469251718","12.920714286","26.515761905","13.595047619"
461314,"Kemp, Matt","LAD",2018,2018,"All",0.10854589143331746,624,0,0,0,0,1,0,1,0,-4.5660091795410525,2.2705505052033863,"10.233157895","13.662645614","3.429487719",,,
664058,"Fletcher, David","LAA",2018,2018,"All",0.523769966672453,553,0.0054249547920434,3,0,0,1,0,4,0,-1.4641763721874324,1.8146783135776432,"12.559205821","16.877638254","4.318432432","12.594","25.787","13.193"
622534,"Margot, Manuel","SD",2018,2018,"All",-2.1802829064657208,611,0.027823240589198037,9,8,1,0,0,9,9,3.8026696941976015,-6.535148545122764,"12.046274472","16.785667946","4.739393474","12.247411765","23.207882353","10.960470588"
608324,"Bregman, Alex","HOU",2018,2018,"All",-0.17774152350720623,1167,0.011139674378748929,10,3,2,0,0,10,5,0.2334335576218075,-0.49872941118126124,"11.441015977","15.681352444","4.240336466","12.350076923","23.488846154","11.138769231"
435062,"Kendrick, Howie","WSH",2018,2018,"All",0.18209919730168486,212,0.0047169811320754715,1,0,0,0,0,1,0,-0.5250382922127601,0.6380152349871935,"13.043735","16.4605","3.416765","10.523","27.364","16.841"
502226,"Gentry, Craig","BAL",2018,2018,"All",1.2012648318061951,304,0.04276315789473684,11,2,0,0,0,11,2,8.395822484907706,-1.0619992559452076,"13.082421642","16.398220149","3.315798507","11.690846154","23.737","12.046153846"
595879,"Báez, Javier","CHC",2018,2018,"All",0.9198578600266473,618,0.03398058252427184,16,5,0,0,0,16,5,11.454866161040732,-3.0469230492922206,"10.92054159","15.79054159","4.87","12.456428571","26.274142857","13.817714286"
621514,"Stewart, Christin","DET",2018,2018,"All",0.045222895459583565,164,0,0,0,0,0,0,0,0,-1.3097083665944995,0.6825879306188519,"11.029897436","14.072371795","3.042474359",,,
605131,"Barnes, Austin","LAD",2018,2018,"All",-0.9479035547583842,344,0.014534883720930232,2,3,0,0,0,2,3,-0.914246837239229,-1.7001204162456407,"11.189474006","14.929740061","3.740266055","14.5622","29.0544","14.4922"
500874,"Martínez, José A.","STL",2018,2018,"All",-0.800004144225264,894,0.0022371364653243847,0,2,0,1,0,1,2,-7.516061866785943,1.5626849536264973,"11.886614219","15.919395105","4.032780886","10.8355","19.2835","8.448"
444432,"Trumbo, Mark","BAL",2018,2018,"All",0.0009349868052847051,439,0,0,0,0,1,0,1,0,-3.9549495821257947,1.7598331182898703,"12.455338747","14.749343387","2.29400464",,,
571745,"Haniger, Mitch","SEA",2018,2018,"All",0.5223122416051917,1243,0.004827031375703942,5,1,0,2,0,7,1,-4.768293117868339,3.2799352559530233,"12.776426056","16.986566901","4.210140845","12.181666667","22.355666667","10.174"
664068,"Kingery, Scott","PHI",2018,2018,"All",0.581303599062521,552,0.021739130434782608,9,3,0,0,0,9,3,5.050630013547112,-0.9529386747708887,"10.805479757","13.720465587","2.91498583","11.017833333","20.645666667","9.627833333"
467793,"Santana, Carlos","PHI",2018,2018,"All",-0.03859191675107763,1024,0.001953125,1,1,0,0,0,1,1,-7.566116428492032,3.276958597660731,"11.954561934","15.933127895","3.978565962","11.3675","24.9365","13.569"
571431,"Adams, Matt","STL",2018,2018,"All",0.1136038513207184,370,0,0,0,0,0,0,0,0,-3.1783319111820134,1.6650449634602689,"12.079227147","16.741415512","4.662188366",,,
444489,"Piña, Manny","MIL",2018,2018,"All",-0.14925974942924153,396,0,0,0,0,0,0,0,0,-3.5766139817699285,1.257917882054987,"11.176648438","14.627677083","3.451028646",,,
501303,"Adrianza, Ehire","MIN",2018,2018,"All",-0.48205037167787085,426,0.014084507042253521,5,1,2,0,0,5,3,1.332958095759734,-1.6636488685107051,"12.804668421","18.134539474","5.329871053","12.186333333","22.582666667","10.396333333"
544725,"García, Leury","CWS",2018,2018,"All",1.8090057948380314,442,0.027149321266968326,11,1,0,0,0,11,1,8.086349587963968,0.4260797272116407,"12.685739241","16.594002532","3.908263291","12.760454545","23.537909091","10.777454545"
640457,"Meadows, Austin","TB",2018,2018,"All",0.4572465228255801,306,0.0196078431372549,5,1,0,0,0,5,1,2.346321589917502,-0.02670621146204688,"12.665145594","16.14289272","3.477747126","11.037666667","21.577","10.539333333"
542921,"Beckham, Tim","BAL",2018,2018,"All",-0.6219362479330102,417,0.007194244604316547,1,2,0,0,0,1,2,-2.501637816058957,-0.27024152160270737,"11.319548223","14.920436548","3.600888325","11.136333333","21.290666667","10.154333333"
608385,"Winker, Jesse","CIN",2018,2018,"All",0.18963074661621124,658,0,0,0,0,0,0,0,0,-4.499865257575157,2.421341773624985,"11.314474684","15.846167722","4.531693038",,,
664056,"Bader, Harrison","STL",2018,2018,"All",-0.047315357487836635,604,0.026490066225165563,13,3,3,0,0,13,6,8.1803791786658,-3.740869318268887,"12.605911877","15.319544061","2.713632184","12.4196875","23.033875","10.6141875"
502671,"Goldschmidt, Paul","AZ",2018,2018,"All",-0.07295138047810737,1174,0.008517887563884156,7,3,0,0,0,7,3,-1.9968096195188194,0.7253567631681256,"10.92444485","14.406701003","3.482256153","11.1817","23.812","12.6303"
650402,"Torres, Gleyber","NYY",2018,2018,"All",0.0060552898680386585,596,0.008389261744966443,5,0,2,0,0,5,2,-0.3773813558545011,0.18118124675319813,"12.137357271","16.374935368","4.237578097","11.9372","21.9252","9.988"
643446,"McNeil, Jeff","NYM",2018,2018,"All",0.9941335782234931,463,0.01511879049676026,6,1,0,0,0,6,1,1.8658630363227353,1.3799132687976567,"12.616582716","14.837395062","2.220812346","11.148857143","23.028571429","11.879714286"
543543,"Miller, Brad","MIL",2018,2018,"All",-0.3944971193885505,293,0,0,0,1,1,0,1,1,-1.7245702758142663,-0.11018458716821666,"12.668736111","16.700996528","4.032260417",,,
444876,"Escobar, Alcides","KC",2018,2018,"All",0.5675068299955321,643,0.004665629860031105,3,0,0,0,0,3,0,-2.8700072351540964,2.5366850600585593,"10.724884298","13.599606612","2.874722314","9.982666667","20.602","10.619333333"
640461,"Pinder, Chad","OAK",2018,2018,"All",-1.0793635451566619,492,0.0040650406504065045,0,2,0,0,0,0,2,-4.413959405157936,-0.43682592027794775,"11.68190812","14.886608974","3.204700855","11.1025","18.5485","7.446"
466320,"Cabrera, Melky","CLE",2018,2018,"All",-0.35480173276667937,241,0.008298755186721992,1,1,0,0,0,1,1,-1.2420601152947353,-0.2364215771282948,"11.430299578","14.638527426","3.208227848","11.462","23.844","12.382"
446263,"Duda, Lucas","ATL",2018,2018,"All",0.060247256453935756,445,0,0,0,0,1,0,1,0,-3.7067867145779987,1.7813435541545237,"10.798339408","13.541284738","2.74294533",,,
607468,"Blandino, Alex","CIN",2018,2018,"All",-0.008919056228039594,265,0,0,0,0,0,0,0,0,-1.9117449535849056,0.8298442988643127,"11.011285156","14.581175781","3.569890625",,,
456078,"Castillo, Welington","CWS",2018,2018,"All",0.2426260801627418,208,0.004807692307692308,1,0,0,0,0,1,0,-0.6625921926184982,0.8336544859698699,"9.688681373","13.031794118","3.343112745","11.771","28.217","16.446"
592450,"Judge, Aaron","NYY",2018,2018,"All",-0.4451467965104814,787,0.008894536213468869,5,2,1,0,0,5,3,-1.9616428575271063,-0.11737383334457818,"12.538509162","16.616651832","4.07814267","13.070428571","26.142714286","13.072285714"
527038,"Flores, Wilmer","NYM",2018,2018,"All",0.4388498321028625,649,0,0,0,0,0,0,0,0,-4.81044497009485,3.1131973913818505,"12.459642504","15.043784185","2.58414168",,,
435079,"Kinsler, Ian","BOS",2018,2018,"All",0.2545684312912553,745,0.026845637583892617,15,5,1,1,0,16,6,9.373136004055354,-3.600130598932912,"12.030446429","16.679994048","4.649547619","12.571052632","25.633473684","13.062421053"
518614,"Descalso, Daniel","AZ",2018,2018,"All",0.08773740362475525,574,0,0,0,0,1,0,1,0,-4.1344948398021,2.0325252701892778,"11.367072993","15.680304745","4.313231752",,,
572008,"Owings, Chris","AZ",2018,2018,"All",-0.08315006771336209,412,0.02912621359223301,9,3,1,1,0,10,4,5.81551225112089,-2.7694500398611974,"11.332231638","15.042638418","3.71040678","13.369916667","27.405333333","14.035416667"
520471,"Galvis, Freddy","SD",2018,2018,"All",-1.0912284434940833,966,0.009316770186335404,5,4,1,0,0,5,5,-2.172731771598038,-1.459293531498834,"11.477614849","16.834828306","5.357213457","12.754777778","23.479444444","10.724666667"
608577,"Mazara, Nomar","TEX",2018,2018,"All",0.3346514133263745,661,0.0015128593040847202,1,0,0,0,0,1,0,-3.8324177064915332,2.446966565832624,"11.485311042","14.434303266","2.948992224","9.343","14.715","5.372"
456488,"Núñez, Eduardo","BOS",2018,2018,"All",-0.12217336920460103,621,0.01288244766505636,6,2,1,0,0,6,3,1.1278927151104279,-0.7727820271704166,"12.044235915","15.027077465","2.982841549","10.408625","23.43","13.021375"
455139,"Chirinos, Robinson","TEX",2018,2018,"All",0.12443416397820768,572,0.0017482517482517483,1,0,0,0,0,1,0,-3.532298396089687,1.8464307626580998,"11.900428826","15.157386121","3.256957295","9.89","24.097","14.207"
517369,"Pirela, José","SD",2018,2018,"All",-0.7982486010085048,763,0.010484927916120577,5,3,1,0,0,5,4,-1.0492738144280107,-1.3075418624953454,"12.672161151","15.59841295","2.926251799","13.4815","25.8225","12.341"
491676,"Hernández, Gorkys","SF",2018,2018,"All",-0.9650854162264908,588,0.01870748299319728,6,5,0,0,0,6,5,2.155697679168239,-3.102722115689195,"13.154549451","17.351064103","4.196514652","12.4913","22.2262","9.7349"
457763,"Posey, Buster","SF",2018,2018,"All",0.23449647641423282,690,0.004347826086956522,2,1,0,0,0,2,1,-3.0647914379263788,1.883232808887797,"11.487456061","14.95469697","3.467240909","11.712666667","25.216","13.503333333"
518960,"Lucroy, Jonathan","OAK",2018,2018,"All",-0.08270736615155863,660,0,0,0,0,0,0,0,0,-5.097449650610062,2.081739031045452,"12.174345736","14.960937984","2.786592248",,,
643217,"Benintendi, Andrew","BOS",2018,2018,"All",2.0472753650957864,958,0.018789144050104383,17,1,2,0,0,17,3,8.998873073119638,0.5500016677152406,"11.809014019","14.909435748","3.100421729","12.659611111","26.476","13.816388889"
543228,"Gomes, Yan","CLE",2018,2018,"All",-0.05957308869006714,519,0,0,0,0,0,0,0,0,-4.14811803096778,1.7112233722299757,"11.066589178","15.84408016","4.777490982",,,
593160,"Merrifield, Whit","KC",2018,2018,"All",2.4657705843875055,1314,0.0350076103500761,38,8,3,0,0,38,11,27.83072280767904,-6.889719949218451,"12.677128861","16.469433363","3.792304501","12.719326087","26.277913043","13.558586957"
592261,"DeShields, Delino","TEX",2018,2018,"All",2.1271590806312606,758,0.026385224274406333,17,3,0,1,0,18,3,11.126256132702288,-0.2179825464648797,"12.184312312","15.15325976","2.968947447","12.17215","24.9921","12.81995"
453923,"Blanco, Grégor","SF",2018,2018,"All",0.24919564969388883,273,0.02564102564102564,6,1,1,1,0,7,2,3.662020735742349,-1.0737966610101808,"13.054850427","17.861132479","4.806282051","12.887714286","24.915714286","12.028"
134181,"Beltré, Adrian","TEX",2018,2018,"All",-0.041931694734790186,651,0,0,0,0,0,0,0,0,-4.67076307479036,1.9827131560517453,"11.142915228","14.32033124","3.177416013",,,
493329,"Gurriel, Yuli","HOU",2018,2018,"All",0.49079815124058707,835,0.00718562874251497,5,1,0,0,0,5,1,-1.6076517938676576,1.8051744666980407,"11.58872807","15.51226817","3.9235401","11.937833333","26.025333333","14.0875"
460077,"Butera, Drew","COL",2018,2018,"All",0.01217075177579141,219,0,0,0,0,0,0,0,0,-1.707715459893488,0.7860307638988644,"10.86259633","15.177412844","4.314816514",,,
596119,"Swihart, Blake","BOS",2018,2018,"All",0.4360548207226779,279,0.021505376344086023,5,1,0,0,0,5,1,2.3705783773332296,-0.08457967720882177,"13.205122047","17.729925197","4.52480315","11.887666667","23.635666667","11.748"
642082,"Sisco, Chance","BAL",2018,2018,"All",0.04716456861713559,183,0,0,0,0,0,0,0,0,-1.7079373328027103,0.8638934115059502,"10.53521978","14.87282967","4.33760989",,,
596103,"Slater, Austin","SF",2018,2018,"All",0.6566766042798523,353,0.0169971671388102,6,0,1,0,0,6,1,2.40731696935662,0.38936268979673166,"12.21364127","15.666825397","3.453184127","12.063666667","26.6705","14.606833333"
543484,"Mahtook, Mikie","DET",2018,2018,"All",0.5812964245847375,249,0.012048192771084338,3,0,0,1,0,4,0,0.9822598058012133,0.8552099187210993,"13.326809091","16.749454545","3.422645455","12.048666667","24.999","12.950333333"
493316,"Cespedes, Yoenis","NYM",2018,2018,"All",0.5783269686974498,180,0.016666666666666666,3,0,0,0,0,3,0,1.4703997814414935,0.6316600275758918,"11.627239766","17.033643275","5.406403509","11.720333333","25.488666667","13.768333333"
656941,"Schwarber, Kyle","CHC",2018,2018,"All",-0.7012994307873248,724,0.008287292817679558,3,3,0,0,0,3,3,-2.5455693233414554,-0.427079035820074,"10.537306122","15.21627551","4.678969388","10.363166667","22.336333333","11.973166667"
543760,"Semien, Marcus","OAK",2018,2018,"All",-0.6187361922491433,1080,0.013888888888888888,11,4,2,0,0,11,6,2.544625760001401,-2.5059140983320525,"12.676047619","16.419983789","3.74393617","12.156866667","23.8796","11.722733333"
600524,"Núñez, Renato","BAL",2018,2018,"All",-0.08108849035758682,392,0,0,0,0,0,0,0,0,-3.1872734815005437,1.2363693465389378,"12.259758713","15.364707775","3.104949062",,,
543877,"Vázquez, Christian","BOS",2018,2018,"All",-0.062223381876592154,276,0.010869565217391304,2,1,0,0,0,2,1,-0.3554839386781772,0.01971867968676303,"11.274185874","16.760104089","5.485918216","11.589666667","27.406333333","15.816666667"
408045,"Mauer, Joe","MIN",2018,2018,"All",-0.620048951551879,873,0.001145475372279496,0,1,0,0,0,0,1,-7.744635453897509,2.0641736427280524,"9.995814685","12.764885781","2.769071096","8.522","17.795","9.273"
502054,"Pham, Tommy","TB",2018,2018,"All",-1.4613323219278267,874,0.017162471395881007,11,4,4,0,0,11,8,3.0085150929043714,-4.584522978908225,"12.702857335","17.101341857","4.398484522","12.273066667","24.4322","12.159133333"
474832,"Belt, Brandon","SF",2018,2018,"All",0.7164947687752885,655,0.0061068702290076335,4,0,0,0,0,4,0,-1.0540059516366187,2.0606576868946944,"12.395806139","15.270838449","2.87503231","11.483","23.5545","12.0715"
600474,"Severino, Pedro","WSH",2018,2018,"All",0.20085697741262096,227,0.004405286343612335,1,0,0,0,0,1,0,-0.48962544291727206,0.6639601466579452,"11.901049774","16.185524887","4.284475113","10.554","23.631","13.077"
649557,"Díaz, Aledmys","TOR",2018,2018,"All",-0.5011884416112149,634,0.00473186119873817,1,2,0,0,0,1,2,-3.864213327980045,0.6036760532995415,"11.614591433","15.547584843","3.93299341","9.874666667","18.919","9.044333333"
596847,"Choi, Ji Man","TB",2018,2018,"All",0.10146194362211756,376,0.005319148936170213,2,0,1,0,0,2,1,-0.2278602411041162,0.32674220409542365,"12.723559459","16.203597297","3.480037838","12.214","22.3665","10.1525"
621446,"Brinson, Lewis","MIA",2018,2018,"All",-0.7315196464540323,401,0.004987531172069825,1,1,1,0,0,1,2,-2.93163142753412,-0.32265191321602477,"11.713690141","15.551802817","3.838112676","10.602","17.6495","7.0475"
592518,"Machado, Manny","LAD",2018,2018,"All",0.7353449495014954,899,0.011123470522803115,8,2,0,1,0,9,2,0.8060715851300909,1.2758458499455045,"12.171233918","15.899603509","3.728369591","11.996","24.63","12.634"
500208,"Solarte, Yangervis","TOR",2018,2018,"All",-0.957198542110209,580,0.0034482758620689655,0,2,0,0,0,0,2,-5.2348387704557755,0.1994871377354387,"10.737896243","15.334567084","4.596670841","9.8745","22.2455","12.371"
596019,"Lindor, Francisco","CLE",2018,2018,"All",0.03588937443935408,1147,0.026155187445510025,21,9,0,1,0,22,9,11.413635517019653,-4.992972731032392,"12.161069347","16.823973869","4.662904523","11.892333333","24.068166667","12.175833333"
592200,"Casali, Curt","CIN",2018,2018,"All",-0.43278315712161364,170,0.0058823529411764705,0,1,0,0,0,0,1,-1.4585199113496934,-0.3135092774481667,"10.785333333","14.015392857","3.230059524","8.644","20.971","12.327"
446308,"Wieters, Matt","WSH",2018,2018,"All",-0.36933009837888925,378,0.0026455026455026454,0,1,0,0,0,0,1,-3.086495236169149,0.5510421085665345,"10.956319149","13.937707447","2.981388298","9.16","24.481","15.321"
605512,"Tucker, Preston","ATL",2018,2018,"All",-0.07417944831488053,220,0,0,0,0,0,0,0,0,-2.2746395899387037,0.8461077103841341,"12.441402844","15.652691943","3.2112891",,,
596115,"Story, Trevor","COL",2018,2018,"All",1.187676931086729,835,0.029940119760479042,19,6,0,0,0,19,6,12.78882504896257,-3.044640174901745,"13.027079576","16.431338196","3.404258621","12.0312","23.06692","11.03572"
666971,"Gurriel Jr., Lourdes","TOR",2018,2018,"All",-1.04023521811087,447,0.006711409395973154,1,2,1,0,0,1,3,-2.1502938168489885,-1.3559476772023817,"12.356626761","15.681826291","3.325199531","10.718666667","18.627","7.908333333"
608671,"Jankowski, Travis","SD",2018,2018,"All",2.03461524346898,606,0.0429042904290429,21,5,0,0,0,21,5,16.707819472129486,-2.9043303354598184,"11.029448413","13.738246032","2.708797619","10.75752","21.76776","11.01024"
506702,"León, Sandy","BOS",2018,2018,"All",0.0025457221180449894,348,0,0,0,0,0,0,0,0,-3.1770969975905325,1.4177002703025587,"9.656530792","12.867548387","3.211017595",,,
628336,"Fernández, José Miguel","LAA",2018,2018,"All",-0.02973855949613211,214,0,0,0,0,0,0,0,0,-1.3874750552581225,0.5505698923455388,"11.232714286","16.217414286","4.9847",,,
456715,"Cain, Lorenzo","MIL",2018,2018,"All",1.7608875321677604,1171,0.02134927412467976,21,4,2,2,0,23,6,11.5525739566542,-1.2213939092512829,"11.706908629","15.872867005","4.165958376","13.16172","27.30492","14.1432"
452095,"Flowers, Tyler","ATL",2018,2018,"All",0.083925863746564,387,0,0,0,0,0,0,0,0,-3.0731056952141955,1.5523266728653402,"11.671311346","14.921300792","3.249989446",,,
429664,"Canó, Robinson","SEA",2018,2018,"All",-0.18482713232663078,634,0,0,0,0,1,0,1,0,-5.1429787420169175,1.8750413690594507,"10.851296117","14.314831715","3.463535599",,,
656811,"O'Hearn, Ryan","KC",2018,2018,"All",0.022132469205425807,202,0,0,0,0,0,0,0,0,-1.4223250092744824,0.6813277134673826,"11.545325","14.07738","2.532055",,,
543807,"Springer, George","HOU",2018,2018,"All",-0.976486286585474,1057,0.007568590350047304,4,4,0,1,0,5,4,-4.928216108836043,0.020348744848298184,"11.828069792","15.935311458","4.107241667","11.532","20.91375","9.38175"
614173,"Cordero, Franchy","SD",2018,2018,"All",0.552229380840882,212,0.02830188679245283,5,1,0,2,0,7,1,3.351051597448838,-0.262179863664191,"12.906015152","15.824265152","2.91825","12.28","24.697333333","12.417333333"
518934,"LeMahieu, DJ","COL",2018,2018,"All",-0.7317735424455384,973,0.007194244604316547,5,2,2,0,0,5,4,-2.491434868920849,-0.518859041469709,"11.738530864","15.179029181","3.440498316","11.87","23.866142857","11.996142857"
605113,"Ahmed, Nick","AZ",2018,2018,"All",-0.5304321787409909,787,0.005082592121982211,2,2,0,0,0,2,2,-3.6095390412848927,0.425501398924419,"11.708863636","15.481910468","3.773046832","13.12525","26.7915","13.66625"
400284,"Utley, Chase","LAD",2018,2018,"All",-0.10391466791486734,275,0.01090909090909091,2,1,0,1,0,3,1,-0.2802676809103276,-0.10635807051733803,"10.000094697","14.801049242","4.800954545","9.600666667","24.033333333","14.432666667"
502110,"Martinez, J.D.","BOS",2018,2018,"All",0.10584726570766481,875,0.004571428571428572,3,1,0,0,0,3,1,-5.47996895482191,2.670757903715659,"12.246686461","15.227413302","2.980726841","11.7125","25.83125","14.11875"
596748,"Franco, Maikel","PHI",2018,2018,"All",0.40261848738714917,600,0.0016666666666666668,1,0,0,0,0,1,0,-3.41040603167579,2.4104437638273506,"11.236504303","14.247504303","3.011","10.516","26.381","15.865"
606299,"Peraza, José","CIN",2018,2018,"All",2.3333250362603413,1229,0.01952807160292921,20,4,0,0,0,20,4,11.697617479970605,-0.013774354963952129,"11.571189263","15.7045596","4.133370337","11.197791667","23.138333333","11.940541667"
472528,"Valbuena, Luis","LAA",2018,2018,"All",0.012889411381531858,291,0,0,0,0,0,0,0,0,-1.9434553341032077,0.8924010626714974,"12.171207746","15.69740493","3.526197183",,,
571466,"Barnhart, Tucker","CIN",2018,2018,"All",-1.452109761225225,649,0.0061633281972265025,0,4,0,0,0,0,4,-4.53172118858604,-1.2128122744622605,"10.253357928","15.666723705","5.413365777","9.4925","18.88625","9.39375"
571788,"Holt, Brock","BOS",2018,2018,"All",-0.8238292722508588,484,0.012396694214876033,3,3,0,0,0,3,3,-1.6585879641415793,-1.093581509827871,"12.613172018","17.213016055","4.599844037","11.078","20.819","9.741"
516416,"Segura, Jean","SEA",2018,2018,"All",-1.2100829489056866,989,0.024266936299292215,16,8,2,1,0,17,10,8.572595349095202,-6.499115597166063,"12.06637","15.103031111","3.036661111","11.876041667","23.633125","11.757083333"
455976,"Markakis, Nick","ATL",2018,2018,"All",-0.19996655506615404,987,0.002026342451874367,1,1,0,0,0,1,1,-7.3967006113825144,2.843052371578553,"11.056723382","14.311719207","3.254995825","15.7535","27.5935","11.84"
592567,"Moran, Colin","PIT",2018,2018,"All",-0.3597028032198115,604,0.0016556291390728477,0,1,0,0,0,0,1,-5.002017534482405,1.4237793415037097,"11.741508621","13.871186207","2.129677586","9.676","17.551","7.875"
595751,"Alfaro, Jorge","PHI",2018,2018,"All",0.5997402825543781,542,0.005535055350553505,3,0,0,0,0,3,0,-1.2167326650730241,1.8735262568199624,"11.006180266","14.630497154","3.624316888","10.324333333","25.388","15.063666667"
451594,"Fowler, Dexter","STL",2018,2018,"All",0.20885720499007854,412,0.01699029126213592,5,2,0,0,0,5,2,1.5363762154528104,-0.2187067513344142,"11.662897507","15.679495845","4.016598338","11.794428571","23.347428571","11.553"
518792,"Heyward, Jason","CHC",2018,2018,"All",-0.2472465547528745,540,0.003703703703703704,1,1,0,0,0,1,1,-3.0174517928041245,0.7916528973510011,"11.861303644","14.247574899","2.386271255","11.9425","25.749","13.8065"
621563,"Wendle, Joey","TB",2018,2018,"All",0.5534503074928596,788,0.021573604060913704,14,3,2,1,0,15,5,7.873785697057465,-2.269570737596963,"12.916903458","16.829476945","3.912573487","12.567","22.796882353","10.229882353"
657557,"DeJong, Paul","STL",2018,2018,"All",-0.23428464603974258,569,0.0035149384885764497,1,1,0,0,0,1,1,-3.918377396055398,1.220868518158527,"11.969235294","16.048948529","4.079713235","12.061","25.305","13.244"
445055,"Jay, Jon","AZ",2018,2018,"All",-0.7973156889285095,1020,0.004901960784313725,2,3,0,0,0,2,3,-6.897945030189347,1.2939407046874667,"10.521083507","14.263264092","3.742180585","11.5006","22.9756","11.475"
571437,"Altherr, Aaron","PHI",2018,2018,"All",-0.2807474553301189,309,0.012944983818770227,3,1,1,0,0,3,2,0.3372228408387967,-0.7737600522175119,"12.881040441","15.975044118","3.094003676","12.759333333","25.096666667","12.337333333"
600303,"La Stella, Tommy","CHC",2018,2018,"All",0.03414630417373486,297,0,0,0,0,0,0,0,0,-2.294704424821755,1.0957493091957458,"11.152870968","14.77944086","3.626569892",,,
621311,"Dahl, David","COL",2018,2018,"All",-0.7798606107417261,217,0.027649769585253458,3,3,0,0,0,3,3,1.0430629139088348,-2.196607096718873,"12.339852459","16.318464481","3.978612022","11.454","22.926833333","11.472833333"
452678,"Cabrera, Asdrúbal","PHI",2018,2018,"All",0.04114012199304978,724,0,0,0,0,0,0,0,0,-4.851475286752294,2.2476337318744646,"12.081812052","14.857391679","2.775579627",,,
519023,"Mesoraco, Devin","NYM",2018,2018,"All",0.19787991663099322,339,0,0,0,0,0,0,0,0,-2.1583976257943838,1.3990209817552706,"10.609804217","15.514006024","4.904201807",,,
572191,"Taylor, Michael A.","WSH",2018,2018,"All",0.893201710174049,509,0.05304518664047151,21,6,1,0,0,21,7,16.23546959429141,-5.230871574853855,"13.166546083","17.374702765","4.208156682","14.818111111","27.353037037","12.534925926"
571912,"Maile, Luke","TOR",2018,2018,"All",0.18824104349478343,265,0.0037735849056603774,1,0,0,0,0,1,0,-1.0198524571677023,0.8715811887296088,"11.415723485","15.031310606","3.615587121","13.022","27.986","14.964"
570481,"González, Erik","CLE",2018,2018,"All",0.36163374651421093,261,0.007662835249042145,2,0,0,0,0,2,0,0.047393111960784884,0.7825669424934529,"12.906432773","15.332647059","2.426214286","11.2625","25.8935","14.631"
448801,"Davis, Chris","BAL",2018,2018,"All",0.3573670047201896,489,0.00408997955010225,2,0,0,0,0,2,0,-2.7408304345182644,2.012295759164094,"11.033419421","15.113570248","4.080150826","9.1665","27.9255","18.759"
543829,"Strange-Gordon, Dee","SEA",2018,2018,"All",0.8628531694985536,899,0.035595105672969966,24,8,1,1,0,25,9,17.204998318315987,-5.729214431476985,"12.883478796","17.330763338","4.447284542","12.922566667","24.2927","11.370133333"
571740,"Hamilton, Billy","CIN",2018,2018,"All",2.7309555975202593,757,0.0488771466314399,31,6,2,0,0,31,8,25.21664417333388,-5.138607193658918,"11.968055556","17.488378788","5.520323232","12.672055556","25.502083333","12.830027778"
489149,"Morrison, Logan","MIN",2018,2018,"All",-0.4333287675505741,352,0,0,0,1,0,0,0,1,-2.984299814136947,0.3634026561707011,"11.921092262","16.93583631","5.014744048",,,
457803,"Bruce, Jay","NYM",2018,2018,"All",-1.3113927473261824,417,0.007194244604316547,0,3,0,0,0,0,3,-3.314900072789778,-1.4409171839293884,"11.460179803","15.016955665","3.556775862","13.478","26.355333333","12.877333333"
467827,"Parra, Gerardo","COL",2018,2018,"All",-0.23456136253539991,667,0.019490254872563718,9,4,1,1,0,10,5,3.795730457073198,-2.208238786555643,"12.071483165","15.51252862","3.441045455","12.190076923","24.694692308","12.504615385"
622666,"Camargo, Johan","ATL",2018,2018,"All",0.07043209105967829,685,0.00291970802919708,1,1,0,0,0,1,1,-4.702162897331539,2.2463659345021902,"11.596393939","16.30410303","4.707709091","16.5435","23.6525","7.109"
571875,"Lamb, Jake","AZ",2018,2018,"All",-0.3877829223700581,249,0.004016064257028112,0,1,0,0,0,0,1,-1.7588303193062458,-0.08003746335290934,"11.261921162","14.802074689","3.540153527","10.575","22.886","12.311"
519317,"Stanton, Giancarlo","NYY",2018,2018,"All",0.3664722842517274,903,0.0022148394241417496,2,0,0,1,0,3,0,-5.381504506733665,3.2061626346632437,"11.660523864","15.961117045","4.300593182","10.4485","24.3295","13.881"
624424,"Conforto, Michael","NYM",2018,2018,"All",-1.4099837334089271,983,0.007121057985757884,3,4,1,0,0,3,5,-4.904576943084616,-0.9534852106488945,"11.708184211","15.412964912","3.704780702","12.456285714","25.499142857","13.042857143"
656185,"Allen, Greg","CLE",2018,2018,"All",2.0563453120338258,467,0.042826552462526764,17,3,0,0,0,17,3,12.808983010621201,-1.1232250890898134,"12.443770781","16.097017632","3.653246851","12.33825","22.4197","10.08145"
592680,"Rivera, Yadiel","MIA",2018,2018,"All",0.3170529440204931,277,0.007220216606498195,2,0,0,0,0,2,0,-0.7350892689234843,1.0312684395670877,"12.007451327","15.662451327","3.655","10.9805","22.8135","11.833"
571974,"Murphy, John Ryan","AZ",2018,2018,"All",0.08296524864141161,208,0,0,0,0,1,0,1,0,-1.407174564105607,0.809778136583407,"11.749877451","15.481127451","3.73125",,,
570731,"Schoop, Jonathan","MIL",2018,2018,"All",0.19681494870184352,567,0.001763668430335097,1,0,0,1,0,2,0,-3.397923152586716,1.9475546204870813,"12.408943431","15.941282847","3.532339416","13.785","32.731","18.946"
621020,"Swanson, Dansby","ATL",2018,2018,"All",0.029969762786871273,577,0.01733102253032929,7,3,0,0,0,7,3,2.5947893390326655,-1.0866402333770262,"12.937210216","16.969921415","4.032711198","13.5724","27.2749","13.7025"
541650,"Pérez, Hernán","MIL",2018,2018,"All",1.1655163468264844,476,0.0273109243697479,11,2,0,1,0,12,2,7.282531407592096,-0.6466442993154091,"11.772845972","16.966791469","5.193945498","13.625846154","30.325153846","16.699307692"
543768,"Shaw, Travis","MIL",2018,2018,"All",-0.6904978031308164,822,0.0036496350364963502,1,2,0,0,0,1,2,-5.563853527364483,0.938384227426847,"10.544822418","13.441913098","2.89709068","12.442666667","22.844333333","10.401666667"
545341,"Grichuk, Randal","TOR",2018,2018,"All",-0.688180473790742,397,0.012594458438287154,3,2,1,1,0,4,3,-0.33334732204607825,-1.381135576403391,"12.920621253","15.424152589","2.503531335","12.4808","22.1092","9.6284"
543068,"Cron, C.J.","TB",2018,2018,"All",-0.7546811474181605,642,0.004672897196261682,1,2,0,0,0,1,2,-4.373792917745228,0.26683874695752285,"11.754998413","16.008263492","4.253265079","9.789","20.864666667","11.075666667"
446359,"Cozart, Zack","LAA",2018,2018,"All",0.10713298462968313,376,0,0,0,0,0,0,0,0,-3.368613548749577,1.735234876399109,"12.259437318","16.550495627","4.291058309",,,
608384,"Williams, Nick","PHI",2018,2018,"All",-0.30843521766334836,671,0.005961251862891207,2,2,0,0,0,2,2,-3.647796554246494,0.9358313181909987,"11.188295","14.25901","3.070715","10.754","20.4515","9.6975"
547982,"Martin, Leonys","CLE",2018,2018,"All",0.22133850855428577,578,0.01384083044982699,6,2,0,0,0,6,2,0.7370846720098372,0.16427016478291467,"13.128224138","17.029170498","3.90094636","12.721","24.9105","12.1895"
592669,"Renfroe, Hunter","SD",2018,2018,"All",-0.02852956639951373,482,0.006224066390041493,2,1,0,0,0,2,1,-1.9166801325723264,0.7884588002554487,"11.373514161","14.962594771","3.58908061","9.724333333","22.537666667","12.813333333"
592696,"Rosario, Eddie","MIN",2018,2018,"All",0.3928108452788732,792,0.006313131313131313,4,1,0,1,0,5,1,-2.623362369509858,2.0388518204018773,"11.111962209","14.369123547","3.257161337","12.076","26.15","14.074"
608654,"Field, Johnny","MIN",2018,2018,"All",0.30289331389624585,372,0.010752688172043012,4,0,1,0,0,4,1,1.0155085062751932,0.22175913920268492,"12.665075301","16.727186747","4.062111446","11.43375","24.28175","12.848"
488671,"Avila, Alex","AZ",2018,2018,"All",-0.013732114249660466,189,0,0,0,0,0,0,0,0,-1.6603625200220116,0.707423088343871,"11.758951613","15.724048387","3.965096774",,,
543063,"Crawford, Brandon","SF",2018,2018,"All",-0.5366614899589595,849,0.008244994110718492,4,3,0,1,0,5,3,-3.215822308275254,0.23667327043576003,"12.288292526","16.197795103","3.909502577","12.369","24.7515","12.3825"
553882,"Narváez, Omar","CWS",2018,2018,"All",0.1155844109712024,521,0,0,0,0,0,0,0,0,-4.508119070705467,2.2604627224717673,"11.306444231","15.602596154","4.296151923",,,
455117,"Maldonado, Martín","HOU",2018,2018,"All",-0.009151848236613937,543,0,0,0,0,0,0,0,0,-3.902268772520961,1.7140042361501746,"11.406992293","15.971315992","4.564323699",,,
641820,"Mancini, Trey","BAL",2018,2018,"All",0.14649606138415627,861,0,0,0,0,0,0,0,0,-6.919654518385667,3.4009488112473107,"11.448155952","14.288557143","2.84040119",,,
543305,"Hicks, Aaron","NYY",2018,2018,"All",0.6391959182847459,843,0.014234875444839857,10,2,1,0,0,10,3,1.7503394481305026,0.6425067303525449,"12.250388387","16.381303226","4.130914839","13.323","28.878333333","15.555333333"
443558,"Cruz, Nelson","SEA",2018,2018,"All",-0.05524794900217774,532,0,0,0,0,0,0,0,0,-3.9408007387319817,1.628693774987152,"12.277867925","16.684679245","4.406811321",,,
547170,"Delmonico, Nicky","CWS",2018,2018,"All",-0.5395030078663731,294,0.01020408163265306,1,2,0,0,0,1,2,-1.115128984388523,-0.7032826910859318,"11.412294737","15.151782456","3.739487719","10.308","20.529","10.221"
571448,"Arenado, Nolan","COL",2018,2018,"All",-0.17556844229294688,880,0.003409090909090909,2,1,0,0,0,2,1,-5.3286775907902655,1.978149057478016,"9.46857497","13.953812279","4.485237308","11.586","26.206333333","14.620333333"
434670,"Ramirez, Hanley","BOS",2018,2018,"All",0.15805061667315812,256,0.015625,3,1,0,0,0,3,1,0.9232571740478879,-0.059112929192042585,"11.067372951","14.120954918","3.053581967","13.2145","26.27075","13.05625"
518626,"Donaldson, Josh","CLE",2018,2018,"All",0.41432456999299494,321,0.006230529595015576,2,0,0,0,0,2,0,-0.8100729486201523,1.2807536882600565,"11.152823151","14.279379421","3.12655627","13.716","29.905","16.189"
572039,"Piscotty, Stephen","OAK",2018,2018,"All",0.1366544101650866,837,0.0011947431302270011,1,0,0,0,0,1,0,-5.258565817542247,2.6408168303856314,"12.134243964","15.197571792","3.063327827","15.799","33.181","17.382"
457759,"Turner, Justin","LAD",2018,2018,"All",-0.08348814750664886,818,0.003667481662591687,2,1,0,1,0,3,1,-4.564305100018492,1.8430508277712205,"11.025540816","14.594835459","3.569294643","13.723","24.936","11.213"
446386,"Guyer, Brandon","CLE",2018,2018,"All",-0.3861366060598592,269,0.007434944237918215,1,1,0,0,0,1,1,-1.0795174638696325,-0.378295807302071,"11.806164706","13.908737255","2.102572549","11.066","22.4395","11.3735"
452254,"Pence, Hunter","SF",2018,2018,"All",0.3631411637213347,338,0.014792899408284023,4,1,0,0,0,4,1,1.3105177863346091,0.22452801434313904,"12.477603896","16.239720779","3.762116883","11.5554","26.5196","14.9642"
620446,"Urena, Richard","TOR",2018,2018,"All",-0.022277517290399295,168,0.017857142857142856,2,1,0,1,0,3,1,0.24738079317460537,-0.15945261316738138,"12.53424026","16.022603896","3.488363636","11.504666667","24.514","13.009333333"
571506,"Bour, Justin","PHI",2018,2018,"All",0.2963536867663608,556,0.0017985611510791368,1,0,0,0,0,1,0,-3.282893463916248,2.1176275101102444,"11.08895073","14.638324818","3.549374088","13.96","56.498","42.538"
605412,"Panik, Joe","SF",2018,2018,"All",0.28054601308015614,693,0.007215007215007215,4,1,0,1,0,5,1,-2.508337923083916,1.7382524393265313,"11.542384615","15.59011303","4.047728414","10.047","25.5214","15.4744"
460026,"Hundley, Nick","SF",2018,2018,"All",-0.7658968960829797,338,0.005917159763313609,1,1,1,0,0,1,2,-1.6832662902059592,-0.9538747512039722,"11.816869159","15.790286604","3.973417445","12.463","27.383","14.92"
608365,"Russell, Addison","CHC",2018,2018,"All",-0.1327021053564029,627,0.006379585326953748,4,0,2,0,0,4,2,-0.26840456393166034,-0.17560265015571136,"12.51070438","16.78310219","4.27239781","14.153","27.1955","13.0425"
519222,"Romine, Austin","NYY",2018,2018,"All",0.14235962550452122,303,0.0033003300330033004,1,0,0,0,0,1,0,-1.7037952525589466,1.0735970578140233,"11.191367893","15.560461538","4.369093645","10.14","23.589","13.449"
641857,"McMahon, Ryan","COL",2018,2018,"All",-0.037024114939218936,218,0,0,0,0,1,0,1,0,-1.578939120662453,0.6194749093183816,"11.580185366","16.110497561","4.530312195",,,
642423,"Sierra, Magneuris","MIA",2018,2018,"All",-0.7428370750107863,195,0.015384615384615385,1,2,0,1,0,2,2,-0.6813091603770982,-1.3479449843008187,"12.804725146","16.819923977","4.01519883","15.023666667","28.334333333","13.310666667"
607043,"Nimmo, Brandon","NYM",2018,2018,"All",-0.4262942922109549,1040,0.0125,8,5,0,0,0,8,5,-0.5604831512711823,-0.6982170265704866,"12.169596999","15.711264737","3.541667738","12.358","24.763916667","12.405916667"
595909,"Cave, Jake","MIN",2018,2018,"All",-0.2675382311267442,356,0.0056179775280898875,1,1,0,1,0,2,1,-1.8438908753922645,0.22497765322601926,"12.285683735","17.854316265","5.56863253","10.7105","24.27","13.5595"
500871,"Escobar, Eduardo","AZ",2018,2018,"All",-0.8638758627623886,873,0.0057273768613974796,2,3,0,1,0,3,3,-4.52669699389646,0.09214119114867336,"11.957830655","15.70086403","3.743033375","11.782","21.6262","9.8442"
643603,"White, Tyler","HOU",2018,2018,"All",-0.5092670617477957,306,0.0032679738562091504,0,1,0,0,0,0,1,-3.016224740083059,0.20883974726403748,"10.157060811","15.168557432","5.011496622","8.13","16.71","8.58"
546991,"Almora Jr., Albert","CHC",2018,2018,"All",-0.8596098843649311,703,0.002844950213371266,0,2,0,1,0,1,2,-5.658920379866669,0.604831536907565,"10.066959938","13.498762712","3.431802773","10.7225","22.0335","11.311"
572287,"Zunino, Mike","SEA",2018,2018,"All",-0.03104214700425887,369,0,0,0,0,0,0,0,0,-2.383769774331607,0.9904706841379164,"11.059260388","14.800761773","3.741501385",,,
444482,"Peralta, David","AZ",2018,2018,"All",0.20059810490047225,1017,0.0029498525073746312,3,0,1,0,0,3,1,-5.518964795797228,2.8986468090220385,"9.988430233","15.236051797","5.247621564","9.256","23.061","13.805"
572761,"Carpenter, Matt","STL",2018,2018,"All",0.3144459441123207,1040,0.0028846153846153848,2,1,0,2,0,4,1,-5.863090216121254,3.3045866385257145,"11.719444555","14.484293706","2.764849151","11.235666667","20.895666667","9.66"
657077,"Verdugo, Alex","LAD",2018,2018,"All",0.07333429982898118,182,0,0,0,0,0,0,0,0,-1.3508950618685507,0.7633629160059807,"10.935548148","15.080837037","4.145288889",,,
621043,"Correa, Carlos","HOU",2018,2018,"All",0.38580381425075416,556,0.0035971223021582736,2,0,0,0,0,2,0,-2.215513924345525,1.8420146647107989,"10.909828571","14.239268571","3.32944","10.8665","24.0445","13.178"
463610,"Petit, Gregorio","MIN",2018,2018,"All",0.1166071973951719,187,0.0213903743315508,3,1,0,1,0,4,1,1.4894773902782126,-0.4028628459121567,"12.975511364","17.445931818","4.470420455","11.42275","22.00925","10.5865"
607776,"Williamson, Mac","SF",2018,2018,"All",-0.18430134662576425,164,0.012195121951219513,1,1,0,0,0,1,1,-0.24580364299494822,-0.30031248450394477,"11.529132075","15.957402516","4.42827044","11.8165","21.0885","9.272"
453568,"Blackmon, Charlie","COL",2018,2018,"All",0.840081217801712,1120,0.0125,11,3,0,2,0,13,3,2.9918539472644126,0.5371342852196208,"12.08692057","16.365243381","4.278322811","11.881857143","25.968142857","14.086285714"
457727,"Maybin, Cameron","SEA",2018,2018,"All",-0.9791982461678818,526,0.019011406844106463,6,4,1,2,0,8,5,1.7424495371249062,-2.950418119095264,"12.676546067","16.730505618","4.053959551","13.560666667","24.183333333","10.622666667"
594809,"Eaton, Adam","WSH",2018,2018,"All",1.0007429730539563,824,0.010922330097087379,8,1,1,0,0,8,2,0.6268991555925516,1.9452514265232077,"11.061208605","15.432783572","4.371574967","11.486111111","24.655222222","13.169111111"
543308,"Hicks, John","DET",2018,2018,"All",-0.5223536234302073,458,0.002183406113537118,0,1,0,1,0,1,1,-4.202680369561818,0.7070721121825697,"12.059738532","14.722880734","2.663142202","11.012","18.592","7.58"
572816,"Dickerson, Corey","PIT",2018,2018,"All",-0.059010977899912366,901,0.009988901220865706,6,3,0,1,0,7,3,-0.09404795288500423,-0.08933641627313593,"12.225703704","16.133703704","3.908","12.140666667","23.857111111","11.716444444"
592685,"Robinson, Drew","TEX",2018,2018,"All",-0.03425808094546415,180,0.016666666666666666,2,1,0,1,0,3,1,0.5299331559452202,-0.3116549158544615,"12.310473373","15.560976331","3.250502959","10.677333333","20.166666667","9.489333333"
459964,"Joyce, Matt","OAK",2018,2018,"All",-0.7957586560388459,378,0.005291005291005291,0,2,0,0,0,0,2,-3.07186841059311,-0.4030777198227159,"11.864337047","16.501069638","4.636732591","10.9845","18.1665","7.182"
519203,"Rizzo, Anthony","CHC",2018,2018,"All",-1.1570919843747418,1058,0.004725897920604915,2,3,1,1,0,3,4,-5.7206040154854145,-0.02882484728368684,"10.93290224","14.172112016","3.239209776","12.0786","20.4264","8.3478"
460086,"Gordon, Alex","KC",2018,2018,"All",0.05236203389814098,900,0.006666666666666667,5,1,1,1,0,6,2,-2.473246338541654,1.2155806702366052,"10.825625899","14.172827338","3.347201439","12.1175","26.358666667","14.241166667"
431145,"Martin, Russell","TOR",2018,2018,"All",-1.3659454588950337,504,0.005952380952380952,0,3,0,0,0,0,3,-3.8346124079992343,-1.3311621717670805,"12.370290722","15.551841237","3.181550515","10.903333333","20.593333333","9.69"
571976,"Myers, Wil","SD",2018,2018,"All",2.2220641986643277,443,0.024830699774266364,11,0,0,0,0,11,0,7.988238442734767,1.387592244705276,"12.165068966","15.550406404","3.385337438","11.331545455","24.787363636","13.455818182"
650490,"Díaz, Yandy","CLE",2018,2018,"All",-0.000328554521112076,199,0,0,0,0,0,0,0,0,-1.3522320335772473,0.6002618937651942,"12.506648352","15.826681319","3.320032967",,,
502143,"Valencia, Danny","BAL",2018,2018,"All",0.13447592935553376,472,0.00211864406779661,1,0,0,0,0,1,0,-2.385063284095129,1.358863524832354,"11.938331878","14.983296943","3.044965066","10.641","30.053","19.412"
572073,"Rickard, Joey","BAL",2018,2018,"All",-0.44147444618680154,324,0.009259259259259259,2,1,1,0,0,2,2,-0.2328389947671632,-0.8775703271852668,"12.631049669","15.73544702","3.104397351","11.602333333","22.306","10.703666667"
605509,"Tomlinson, Kelby","SF",2018,2018,"All",-0.8959211037577521,175,0.011428571428571429,0,2,0,0,0,0,2,-1.2435941417220742,-1.438227278696302,"11.868660606","15.533581818","3.664921212","10.292","21.39","11.098"
546318,"Herrera, Odúbel","PHI",2018,2018,"All",-0.6719857561520872,733,0.008185538881309686,5,1,3,0,0,5,4,-0.6349638837063868,-1.211095509801798,"11.495152439","13.849455793","2.354303354","11.9305","23.3455","11.415"
516770,"Castro, Starlin","MIA",2018,2018,"All",-1.5780589875622666,1002,0.007984031936127744,4,4,1,0,0,4,5,-4.032841846769784,-1.7144235960184624,"12.462597031","14.612915164","2.150318134","11.624625","23.481875","11.85725"
606466,"Marte, Ketel","AZ",2018,2018,"All",-0.17474130566407547,785,0.003821656050955414,2,1,0,1,0,3,1,-4.753978695581906,1.72456540767179,"11.352617479","15.137594556","3.784977077","14.580666667","26.522","11.941333333"
547989,"Abreu, José","CWS",2018,2018,"All",0.513099700254619,747,0.0013386880856760374,1,0,0,0,0,1,0,-4.427444217603231,3.1079745417228115,"11.843848033","14.872791045","3.028943012","11.031","26.336","15.305"
605137,"Bell, Josh","PIT",2018,2018,"All",-2.1122174252330845,811,0.007398273736128237,1,5,0,0,0,1,5,-5.9363243406902075,-2.0554501268778753,"11.83415493","15.285152369","3.450997439","10.415333333","19.972833333","9.5575"
571980,"Naquin, Tyler","CLE",2018,2018,"All",-0.8323795432952701,248,0.004032258064516129,0,1,1,0,0,0,2,-1.9229270794167208,-0.9950980609153891,"12.22070283","16.001919811","3.781216981","11.19","22.111","10.921"
593528,"Bonifacio, Jorge","KC",2018,2018,"All",-0.09088657918209089,446,0,0,0,0,0,0,0,0,-3.7508792087406038,1.4650872501467311,"11.637014052","14.369915691","2.732901639",,,
624636,"Tocci, Carlos","TEX",2018,2018,"All",-1.2963679479004342,226,0.01327433628318584,0,3,0,0,0,0,3,-1.650484089920158,-2.1472691775920003,"11.439124402","15.685023923","4.245899522","10.596","18.314333333","7.718333333"
624585,"Soler, Jorge","KC",2018,2018,"All",-0.19277302739771474,424,0.0047169811320754715,1,1,0,0,0,1,1,-2.293908556341624,0.5911304086013557,"10.764090465","15.074117359","4.310026895","11.3585","18.4405","7.082"
452655,"Span, Denard","SEA",2018,2018,"All",1.019178060782949,769,0.014304291287386216,9,2,0,0,0,9,2,3.3446858750347292,0.7783130795022287,"13.173333807","17.12378125","3.950447443","12.240545455","23.564909091","11.324363636"
641319,"Asuaje, Carlos","SD",2018,2018,"All",-0.32906016168127705,362,0.0055248618784530384,1,1,0,0,0,1,1,-2.398673387525852,0.33483225738643435,"11.231991254","15.700860058","4.468868805","11.4865","19.9515","8.465"
435522,"Walker, Neil","NYY",2018,2018,"All",0.06772717273489672,616,0,0,0,0,1,0,1,0,-5.298273948123425,2.5052932496879605,"10.609026891","14.684440336","4.075413445",,,
605486,"Spangenberg, Cory","SD",2018,2018,"All",0.871978734513838,449,0.008908685968819599,4,0,0,0,0,4,0,0.5160544395051574,1.7083729924729014,"11.761031785","15.869493888","4.108462103","15.32825","29.96825","14.64"
595375,"Riddle, JT","MIA",2018,2018,"All",-0.8478788449168172,289,0.006920415224913495,0,2,0,0,0,0,2,-2.316641520917969,-0.8545567571849428,"12.521509579","15.656241379","3.134731801","11.378","21.8245","10.4465"
543401,"Kipnis, Jason","CLE",2018,2018,"All",0.48306075486703864,803,0.007471980074719801,5,1,0,1,0,6,1,-1.651105347604827,1.8072929430844542,"11.488397574","14.519270889","3.030873315","13.995666667","27.6345","13.638833333"
592122,"Austin, Tyler","MIN",2018,2018,"All",-0.24543082136856836,236,0.00847457627118644,1,1,0,0,0,1,1,-0.6959401489601881,-0.23609509239229018,"11.605052174","13.560978261","1.955926087","11.0795","20.1585","9.079"
607680,"Pillar, Kevin","TOR",2018,2018,"All",1.1223853782893933,738,0.018970189701897018,12,2,1,1,0,13,3,5.868832185127054,-0.11418013052448256,"13.721072755","16.792212074","3.071139319","14.557857143","27.796071429","13.238214286"
455104,"Iannetta, Chris","COL",2018,2018,"All",-0.080700613177041,447,0,0,0,0,0,0,0,0,-3.609401658363063,1.424843818879048,"10.716423077","14.105735294","3.389312217",,,
624577,"Puig, Yasiel","LAD",2018,2018,"All",1.7698694952690457,620,0.025806451612903226,14,2,0,0,0,14,2,9.269479995373846,-0.1867255640127225,"11.848772059","15.729380515","3.880608456","13.822625","23.43225","9.609625"
519048,"Moreland, Mitch","BOS",2018,2018,"All",0.1893845595171684,486,0.00205761316872428,1,0,0,0,0,1,0,-2.722327278249281,1.6307778114822769,"10.83071281","14.875805785","4.045092975","18.763","39.892","21.129"
621566,"Olson, Matt","OAK",2018,2018,"All",-0.2593533176610356,942,0.0031847133757961785,2,1,0,0,0,2,1,-5.80701753277222,2.004555975318685,"11.225595186","14.659111597","3.433516411","11.437","26.082666667","14.645666667"
460576,"Gómez, Carlos","TB",2018,2018,"All",1.254333028151227,350,0.03428571428571429,10,2,0,0,0,10,2,7.276095517480101,-0.4464135007662022,"13.528572347","16.825803859","3.297231511","13.304833333","24.827166667","11.522333333"
594828,"Gattis, Evan","HOU",2018,2018,"All",0.06664204420973523,408,0.0024509803921568627,1,0,0,0,0,1,0,-2.0480478022768733,1.0583368992557984,"9.809830424","13.711623441","3.901793017","8.418","18.257","9.839"
608070,"Ramírez, José","CLE",2018,2018,"All",2.859350823699603,886,0.02708803611738149,21,3,0,0,0,21,3,13.53070326596957,0.34046704556819646,"12.30542293","17.48409172","5.17866879","12.288291667","25.022875","12.734583333"
543685,"Rendon, Anthony","WSH",2018,2018,"All",0.3980801706980032,974,0.001026694045174538,1,0,0,1,0,2,0,-6.689261762261131,3.857627829222731,"11.540306297","14.318593383","2.778287086","12.201","24.157","11.956"
641553,"Engel, Adam","CWS",2018,2018,"All",-0.5689173398847629,604,0.033112582781456956,13,7,0,1,0,14,7,8.417097064435483,-5.005192783937454,"12.746275335","17.469076482","4.722801147","12.5617","23.3515","10.7898"
641487,"Crawford, J.P.","PHI",2018,2018,"All",0.4654926118174967,168,0.011904761904761904,2,0,0,0,0,2,0,0.49576876509737633,0.8140863528844917,"11.039783784","14.286790541","3.247006757","10.6895","22.89","12.2005"
400121,"Martinez, Victor","DET",2018,2018,"All",0.02170744251281479,478,0,0,0,0,0,0,0,0,-3.9886116924105726,1.8209550688776126,"11.458090909","14.9155","3.457409091",,,
471865,"González, Carlos","COL",2018,2018,"All",-0.316059031105067,728,0.006868131868131868,3,2,0,0,0,3,2,-2.6675532148889856,0.48322580416162153,"11.476386297","16.818284257","5.341897959","11.9324","23.9874","12.055"
425783,"Choo, Shin-Soo","TEX",2018,2018,"All",0.6532854490110424,1156,0.006055363321799308,6,1,0,1,0,7,1,-3.5725665125418087,3.0395527811542338,"12.160446866","16.311112625","4.150665758","11.426857143","24.284","12.857142857"
664040,"Lowe, Brandon","TB",2018,2018,"All",0.22513998582705316,180,0.005555555555555556,1,0,0,0,0,1,0,-0.42977134458353283,0.6913205660972437,"12.103323171","17.18425","5.080926829","11.714","25.916","14.202"
491696,"Sucre, Jesús","TB",2018,2018,"All",-0.01243722581337769,170,0,0,0,0,0,0,0,0,-1.456019349973516,0.6194814315140562,"10.890952663","13.296242604","2.405289941",,,
542583,"Aguilar, Jesús","MIL",2018,2018,"All",-0.4476102889684207,690,0,0,0,1,0,0,0,1,-5.073290165108847,1.26010609789633,"11.600776786","15.405875","3.805098214",,,
594011,"Herrera, Rosell","KC",2018,2018,"All",-2.2106551318367385,384,0.018229166666666668,2,5,1,1,0,3,6,-1.4334555544294247,-4.275475602113023,"12.238985075","15.25558209","3.016597015","11.738571429","20.590714286","8.852142857"
660271,"Ohtani, Shohei","LAA",2018,2018,"All",-0.7507961812061132,502,0.02390438247011952,8,4,1,0,0,8,5,3.584647125821529,-3.2616124586009314,"12.193753275","16.003237991","3.809484716","12.668666667","24.801416667","12.13275"
628338,"Heredia, Guillermo","SEA",2018,2018,"All",-1.0507787429371294,492,0.01016260162601626,2,3,0,0,0,2,3,-1.8865812343896065,-1.496583324576024,"12.612881696","17.303654018","4.690772321","10.554","20.618","10.064"
518618,"Dietrich, Derek","MIA",2018,2018,"All",0.22785638807806713,821,0.001218026796589525,1,0,0,1,0,2,0,-6.45265523581859,3.3741943005372956,"12.642793774","15.712664073","3.069870298","12.021","21.109","9.088"
593700,"Hanson, Alen","SF",2018,2018,"All",0.0026581367008342294,371,0.0215633423180593,6,2,1,1,0,7,3,3.3033490808863393,-1.4622481766143018,"12.512411585","16.165109756","3.652698171","12.48375","22.988125","10.504375"
475582,"Zimmerman, Ryan","WSH",2018,2018,"All",-0.2410323302741914,426,0.004694835680751174,1,1,0,0,0,1,1,-2.0434313200108747,0.37256429717329653,"11.189441463","13.708263415","2.518821951","13.463","23.3435","9.8805"
606115,"Arcia, Orlando","MIL",2018,2018,"All",-0.4294786837626915,586,0.013651877133105802,5,3,0,1,0,6,3,-0.2964233045281752,-0.8226533841267917,"11.815448015","16.627888469","4.812440454","12.8615","27.7725","14.911"
575929,"Contreras, Willson","CHC",2018,2018,"All",-0.0297434321203547,818,0.003667481662591687,2,1,0,1,0,3,1,-4.124633969860006,1.7670741374481032,"10.563514628","14.645410904","4.081896277","10.794666667","18.830666667","8.036"
446481,"Rodríguez, Sean","PIT",2018,2018,"All",0.20598981534208666,230,0.004347826086956522,1,0,0,0,0,1,0,-0.9885495361118499,0.8971104945876802,"12.962366667","17.322704762","4.360338095","11.81","25.338","13.528"
607430,"Andreoli, John","BAL",2018,2018,"All",0.3398532633149178,162,0.012345679012345678,2,0,0,0,0,2,0,0.34856546078587824,0.6003114914616484,"12.379847222","16.854298611","4.474451389","11.179","23.6805","12.5015"
467092,"Ramos, Wilson","PHI",2018,2018,"All",0.06804412736551316,434,0,0,0,0,0,0,0,0,-3.023016870334848,1.494772225405517,"10.79208747","13.051957447","2.259869976",,,
435559,"Suzuki, Kurt","ATL",2018,2018,"All",-0.08650392472903737,520,0,0,0,0,1,0,1,0,-4.028926430027295,1.5984030250587151,"11.851423154","16.271810379","4.420387226",,,
571970,"Muncy, Max","LAD",2018,2018,"All",-0.11974643674496027,713,0.001402524544179523,1,0,1,1,0,2,1,-4.161853566110878,1.5836095032827007,"10.701868116","13.957457971","3.255589855","11.952","22.734","10.782"
592863,"Williams, Mason","CIN",2018,2018,"All",-0.6652674712551856,251,0.01195219123505976,1,2,0,1,0,2,2,-1.2041984183049772,-0.9431728613204221,"11.011991228","14.908644737","3.896653509","9.612","20.689666667","11.077666667"
640447,"Ervin, Phillip","CIN",2018,2018,"All",0.368733063340027,324,0.015432098765432098,4,1,0,0,0,4,1,1.803016640011647,0.018066078528222743,"12.393864111","16.176630662","3.782766551","12.1172","24.1216","12.0044"
547180,"Harper, Bryce","WSH",2018,2018,"All",0.1406101775988715,835,0.008383233532934131,5,2,0,0,0,5,2,-2.0578770958856647,1.2270791039466762,"11.482522581","16.334027097","4.851504516","12.953428571","26.306142857","13.352714286"
475174,"Alonso, Yonder","CLE",2018,2018,"All",-0.013296039497945349,589,0,0,0,0,0,0,0,0,-4.998248052776731,2.191896824572001,"11.352357751","15.216565588","3.864207836",,,
605119,"Anderson, Brian","MIA",2018,2018,"All",-1.8182665539087908,1057,0.005676442762535478,2,4,1,0,0,2,5,-6.76765611296535,-1.0327451807016066,"12.714318737","17.202374745","4.488056008","11.383833333","21.271833333","9.888"
475247,"Flaherty, Ryan","ATL",2018,2018,"All",-0.1783526358471339,191,0.010471204188481676,1,1,0,0,0,1,1,-0.8081645673549237,-0.03715493861366401,"11.539740541","14.713702703","3.173962162","10.5535","23.0205","12.467"
660670,"Acuña Jr., Ronald","ATL",2018,2018,"All",0.8089142110965546,853,0.016412661195779603,11,3,1,0,0,11,4,4.8782339073793395,-0.3705168230651451,"12.671448753","17.069691136","4.398242382","12.811571429","25.089928571","12.278357143"
572228,"Voit, Luke","NYY",2018,2018,"All",0.018203404694110723,249,0,0,0,0,0,0,0,0,-2.1115220698042703,0.9789062636776995,"11.126979757","13.812331984","2.685352227",,,
518586,"Culberson, Charlie","ATL",2018,2018,"All",-0.1564913145610179,416,0.014423076923076924,4,2,0,0,0,4,2,0.8113524873252099,-0.7083595822801316,"13.505175202","15.990698113","2.485522911","11.623","24.059833333","12.436833333"
596146,"Kepler, Max","MIN",2018,2018,"All",-1.813472967950456,782,0.0076726342710997444,2,4,1,0,0,2,5,-4.710329877265043,-1.9364599833276595,"11.758427941","15.843405882","4.084977941","10.3515","20.200666667","9.849166667"
623520,"Bote, David","CHC",2018,2018,"All",-1.407854175498,283,0.02120141342756184,2,4,0,0,0,2,4,-0.37733285009564566,-2.9608613455086,"12.02569962","15.30269962","3.277","12.249666667","24.366166667","12.1165"
545361,"Trout, Mike","LAA",2018,2018,"All",3.6805003703206323,1162,0.01721170395869191,19,1,0,0,0,19,1,9.239487285053745,4.072450918466409,"11.662279497","14.382077369","2.719797872","11.6429","24.2624","12.6195"
458731,"Gardner, Brett","NYY",2018,2018,"All",1.9995904459151588,1109,0.016230838593327322,16,2,1,0,0,16,3,6.760033687441908,1.439074907615062,"12.236407035","17.232125628","4.995718593","12.769388889","24.664333333","11.894944444"
446334,"Longoria, Evan","SF",2018,2018,"All",-0.48553985500817964,638,0.004702194357366771,2,1,1,0,0,2,2,-2.7215012479390226,0.13057865462138835,"11.163464169","15.58319544","4.41973127","9.641","22.583","12.942"
435263,"McCann, Brian","HOU",2018,2018,"All",-0.37080488680829243,279,0.0035842293906810036,0,1,0,0,0,0,1,-2.5432811300356346,0.3063363093307436,"10.658543796","14.524310219","3.865766423","10.705","25.57","14.865"
543939,"Wong, Kolten","STL",2018,2018,"All",-1.1291887752076013,635,0.014173228346456693,4,5,0,2,0,6,5,-0.9647396650460212,-2.0805352048853267,"11.910957219","16.211299465","4.300342246","11.055222222","22.205888889","11.150666667"
641598,"Garver, Mitch","MIN",2018,2018,"All",-0.0021941987031197435,479,0,0,0,0,0,0,0,0,-4.176166311775273,1.8511979192265222,"11.108437895","14.903909474","3.795471579",,,
430832,"Bautista, José","PHI",2018,2018,"All",0.5542652167239355,632,0.004746835443037975,3,0,0,0,0,3,0,-2.0433158650231364,2.1398408660634716,"12.428720613","16.125993186","3.697272572","11.793666667","26.706666667","14.913"
571771,"Hernández, Enrique","LAD",2018,2018,"All",0.17856777097376472,659,0.0015174506828528073,1,0,0,1,0,2,0,-4.296838724547189,2.306523368629339,"12.123856905","14.827628952","2.703772047","13.933","36.535","22.602"
595777,"Profar, Jurickson","TEX",2018,2018,"All",1.6957309106025806,904,0.00995575221238938,9,0,0,0,0,9,0,0.8013431291692851,3.412138410597161,"11.911767857","15.093357143","3.181589286","11.308888889","23.131888889","11.823"
572041,"Pollock, AJ","AZ",2018,2018,"All",-0.020540683415069698,497,0.018108651911468814,7,2,1,0,0,7,3,2.8795866356292468,-1.325462245646489,"11.801076212","16.491207852","4.69013164","14.034111111","27.216444444","13.182333333"
592325,"Gamel, Ben","SEA",2018,2018,"All",-0.03408501932778253,530,0.016981132075471698,6,3,0,0,0,6,3,1.8836690217782053,-0.9129307192964975,"12.767163755","17.101434498","4.334270742","11.605555556","20.948888889","9.343333333"
488726,"Brantley, Michael","CLE",2018,2018,"All",0.9542125031113429,1198,0.011686143572621035,11,3,0,1,0,12,3,0.5552649976557564,1.8736877857337553,"11.899098992","16.351340972","4.45224198","12.264285714","24.559142857","12.294857143"
456665,"Pearce, Steve","BOS",2018,2018,"All",-0.050785631767897035,362,0,0,0,0,0,0,0,0,-3.148357372017434,1.286412983634642,"11.853813218","13.991405172","2.137591954",,,
450314,"Zobrist, Ben","CHC",2018,2018,"All",-0.8451174655649369,852,0.005868544600938967,2,3,0,2,0,4,3,-3.900594664834128,-0.1444411835513555,"11.58438404","15.163546135","3.579162095","10.46825","20.721","10.25275"
501981,"Davis, Khris","OAK",2018,2018,"All",-0.02248628446569599,690,0,0,0,0,0,0,0,0,-4.788867709354513,2.078416127567125,"11.659060472","14.774589971","3.115529499",,,
434658,"Davis, Rajai","CLE",2018,2018,"All",0.8553703023058739,531,0.04519774011299435,19,5,1,1,0,20,6,14.129828947078778,-4.379101082466398,"12.928969977","17.888256351","4.959286374","13.703041667","25.3885","11.685458333"
458015,"Votto, Joey","CIN",2018,2018,"All",-0.5507211928885152,964,0,0,0,2,0,0,0,2,-6.705872177062151,1.7565627611642562,"9.923943737","13.722962845","3.799019108",,,