"player_id","entity_name","team_name","start_year","end_year","runner_runs_tot","runner_runs_XB","runner_runs_SBX","N_runner_moved","runner_runs_XB_swipe","runner_runs_XB_snipe","runner_runs_XB_freeze","N_runner_moved_XB","runner_runs_SB2","runner_runs_SB3","simple_stolen_on_running_act_SB2","simple_stolen_on_running_act_SB3","N_runner_moved_SBX"
682998,"Carroll, Corbin","AZ",2025,2025,10.10071923556755,7.232251688897164,2.8684675466703857,104,8.86256122245377,-0.7568351858944947,-0.8734743476621134,71,1.4320646840174844,1.4364028626529015,9.712780388610863,6.681987464306142,33
682829,"De La Cruz, Elly","CIN",2025,2025,8.869362072611437,6.328362652474009,2.5409994201374273,105,7.250666860476433,0,-0.9223042080024277,74,1.9722412557067628,0.5687581644306637,12.108380739501227,3.7720521924562807,31
621439,"Buxton, Byron","MIN",2025,2025,8.06473842668835,4.464946480804805,3.599791945883546,75,4.93508009719249,0,-0.47013361638768375,54,3.6085739858276455,-0.008782039944097965,15.567361246555503,-0.3981159242414699,21
607208,"Turner, Trea","PHI",2025,2025,7.462578268621494,4.787808879867442,2.674769388754052,89,5.928399432431274,0,-1.1405905525638314,59,1.0891182747848707,1.585651113969182,5.7435041556210065,7.388818571916543,30
677951,"Witt Jr., Bobby","KC",2025,2025,7.3526281507850655,4.537354844380755,2.8152733064043107,108,5.749941979686559,0,-1.212587135305805,67,1.8373529701050013,0.9779203362993102,14.421411812254764,4.4319214883485865,41
596115,"Story, Trevor","BOS",2025,2025,7.2310515825129364,2.967652450555378,4.263399131957558,78,5.048959456491248,-0.7707460309509349,-1.3105609749849367,50,4.170754701936487,0.09264443002107013,19.373541134715943,-0.1526103131238041,28
680776,"Duran, Jarren","BOS",2025,2025,7.20437950724877,5.934662366014603,1.269717141234168,109,8.108710720166268,-1.5368699340533476,-0.6371784200983206,80,1.7940952358890867,-0.5243780946549197,11.348648637734806,-1.804730927593064,29
802415,"Simpson, Chandler","TB",2025,2025,7.171610301588113,3.4241389541439453,3.7474713474441677,88,4.646830247838155,-0.8215767237789657,-0.4011145699152434,40,3.255731327529602,0.49174001991456595,20.771927701818548,4.603795592990096,48
683002,"Henderson, Gunnar","BAL",2025,2025,6.828807911424046,4.423907898610454,2.4049000128135916,91,5.888821813078129,-0.7679287372061778,-0.6969851772614977,60,1.8487313834907406,0.5561686293228503,10.428746729239615,3.4697265960038,31
682928,"Abrams, CJ","WSH",2025,2025,6.673832499822488,3.3388030241734894,3.3350294756489993,104,6.645608906344498,-1.5958109904948543,-1.7109948916761581,72,2.902361765130703,0.43266771051829567,14.483339576331181,2.8627960652039635,32
663538,"Hoerner, Nico","CHC",2025,2025,5.4733499540211294,2.4310347017904492,3.0423152522306802,89,4.805611894315408,-0.8425554041643569,-1.5320217883606018,60,2.750357249454747,0.2919580027759335,11.702387609168413,2.2868192110633183,29
691718,"Crow-Armstrong, Pete","CHC",2025,2025,5.4460810316890385,3.7104683564184393,1.7356126752705994,92,5.502748716971462,-0.7550319070320562,-1.037248453520967,59,1.7464941125435918,-0.010881437272992761,14.303653530143073,0.7877341913369865,33
621020,"Swanson, Dansby","CHC",2025,2025,5.23500412440659,2.91403181960413,2.3209723048024595,59,3.9820039965960756,0,-1.0679721769919446,42,2.4686575639237414,-0.14768525912128322,10.501019603370297,-1.2030742373713383,17
665833,"Cruz, Oneil","PIT",2025,2025,4.922908903752903,0.9843234673507992,3.9385854364021045,76,2.967243697644334,-0.7859464364819142,-1.1969737938116203,38,3.5078765905831837,0.43070884581892144,20.029422371595697,3.019768117436171,38
672695,"Perdomo, Geraldo","AZ",2025,2025,4.789180113934274,2.266569753509494,2.522610360424779,83,5.185021385186012,-1.6788566673677785,-1.2395949643087387,57,1.3755236488278393,1.1470867115969392,5.484633080564618,5.073451959965669,26
687363,"Scott II, Victor","STL",2025,2025,4.724991570826353,1.4870487621086306,3.237942808717722,64,3.036606409524179,-0.7500562111889754,-0.7995014362265713,30,3.2151747907125783,0.022768018005145718,19.055770143913907,1.083317758531291,34
665487,"Tatis Jr., Fernando","SD",2025,2025,4.7115785615715104,3.5397775762962604,1.1718009852752498,96,5.410598299626777,-0.7700776822110706,-1.1007430411194443,65,-0.13985044525016585,1.311651430525415,1.7456464277888863,8.573118754725202,31
676609,"Caballero, José","NYY",2025,2025,4.61652250818314,0.9843659246649014,3.6321565835182383,80,2.2001914143117207,-0.7481593424994544,-0.46766614714736476,30,2.143325573181663,1.4888310103365776,17.50496249224955,9.615514090572386,50
660271,"Ohtani, Shohei","LAD",2025,2025,4.560588117990606,3.3219041162154967,1.2386840017751088,86,5.575458141609849,0,-2.253554025394353,63,1.3322290142940476,-0.09354501251893889,5.944356378860084,0.3123315815657761,23
681082,"Stott, Bryson","PHI",2025,2025,4.365646645665281,2.0370457656942884,2.3286008799709923,60,2.9018290562481455,0,-0.864783290553858,40,2.1093303907655963,0.2192704892053974,9.805670058750922,0.784769396316872,20
664702,"Straw, Myles","TOR",2025,2025,4.26299945310268,2.0995052883888294,2.16349416471385,38,2.4875213779434837,0,-0.3880160895546539,26,2.32574610566614,-0.16225194095229098,9.710050000042248,-1.052359501391873,12
678882,"Rafaela, Ceddanne","BOS",2025,2025,4.257544972425362,2.7701870614025337,1.487357911022828,79,4.609337752751919,-0.7754958639362648,-1.0636548274131208,59,1.5406786661734087,-0.053320755150580705,9.47929860916987,-0.6913161494640799,20
682668,"Acuña, Luisangel","NYM",2025,2025,4.22097723280941,1.6616825862663882,2.5592946465430217,38,2.075412736575803,0,-0.4137301503094141,21,2.671158449662729,-0.11186380311970665,12.85075337387564,-0.8589857529470283,17
608070,"Ramírez, José","CLE",2025,2025,4.208184732887329,2.3238974147320457,1.884287318155283,102,4.855469961304786,-1.65264403170517,-0.878928514867573,64,0.34351816218974807,1.5407691559655343,7.801750609805218,8.427417229512795,38
665161,"Peña, Jeremy","HOU",2025,2025,4.044375664859421,2.0676974965541377,1.9766781683052832,68,3.682581246190866,-0.75354150668584,-0.8613422429508887,48,0.8635599289676685,1.1131182393376136,3.3057897173015,5.1537951543144755,20
656716,"McKinstry, Zach","DET",2025,2025,4.00138691328178,3.460237710413364,0.5411492028684162,66,5.3310205054016215,-1.5254502260964593,-0.34533256889179725,48,1.1259988751888892,-0.5848496723204729,6.7750110655415945,-1.9746516071198155,18
665742,"Soto, Juan","NYM",2025,2025,3.6119477959698285,-1.896325717085145,5.508273513054974,77,2.255116035365374,-0.8502710148387144,-3.301170737611804,45,4.701124501058851,0.8071490119961199,18.77737505560508,3.4640116220817827,32
690993,"Keith, Colt","DET",2025,2025,3.4861475315598356,4.204566359771663,-0.7184188282118273,45,5.075082307810674,0,-0.8705159480390118,43,-0.5718763609308187,-0.14654246728100842,-4.660869064803611,-1.0105820858829022,2
656775,"Mullins, Cedric","NYM",2025,2025,3.4703932222091183,0.9872653605324054,2.4831278616767127,55,2.593329807107201,-0.760755803178019,-0.8453086433967758,34,2.343826612831091,0.13930124884562178,11.829147170311883,0.3341458079946389,21
669016,"Marsh, Brandon","PHI",2025,2025,3.444429356535982,2.3288026323446482,1.1156267241913338,52,4.182334791888468,-0.9415620745555162,-0.9119700849883016,45,1.1207341442216057,-0.005107420030272348,3.2349105967410217,-0.41636086420108326,7
808982,"Lee, Jung Hoo","SF",2025,2025,3.2968954794088905,3.738255801250764,-0.4413603218418736,83,6.643548681889085,-1.6909848314871334,-1.2143080491511868,72,-0.044982994136884,-0.39637732770498996,-1.6798817611979235,-1.3556635353264508,11
596019,"Lindor, Francisco","NYM",2025,2025,3.277665977666558,0.22813913866242266,3.0495268390041357,87,3.473920032500158,-1.824909317143428,-1.4208715766943074,59,2.5563319527519712,0.49319488625216507,10.800565264687323,3.2689146932818054,28
677594,"Rodríguez, Julio","SEA",2025,2025,3.2165302232707367,1.3785313567555255,1.837998866515211,79,3.416687759430198,-0.8092906782987531,-1.2288657243759196,50,0.0043946617266644086,1.8336042047885464,2.9741186375155984,8.741985377313096,29
663968,"Mangum, Jake","TB",2025,2025,3.1848532599024924,1.5185777763854766,1.6662754835170157,48,1.941703780098686,0,-0.42312600371321013,26,1.3823491883842003,0.2839262951328152,9.050203391872298,1.163353321628697,22
621438,"Taylor, Tyrone","NYM",2025,2025,3.1227724831795287,1.44644392678044,1.6763285563990886,43,2.5028033655257205,-0.7678768265306343,-0.2884826122146459,33,1.5947786833642752,0.08154987303481352,6.657667362965143,0.20690469804957895,10
671732,"Butler, Lawrence","ATH",2025,2025,3.097348770138704,2.6734252319645857,0.42392353817411865,83,4.739308266222654,-0.7738131202786644,-1.2920699139794052,55,0.04169978795281122,0.38222375022130756,4.525025806925214,2.661972557869664,28
691026,"Winn, Masyn","STL",2025,2025,3.0910484919172894,2.676211702246083,0.41483678967120624,57,3.6453316012409847,0,-0.9691198989949015,47,0.45988305566538756,-0.045046265994181045,1.4612587256642229,-0.6109370087577378,10
680574,"McLain, Matt","CIN",2025,2025,3.0811755926401965,1.5572425111706698,1.5239330814695267,60,3.5546132874181553,-0.7669148239854026,-1.230455952262083,44,1.4757458835022679,0.04818719796725916,7.135334286763951,-0.0954097482589684,16
543760,"Semien, Marcus","TEX",2025,2025,2.9882921459443557,1.9841094451088923,1.0041827008354631,47,2.750493333968762,0,-0.7663838888598699,36,1.1903785909690208,-0.186195890133558,5.095818557522833,-1.2682143112283022,11
665862,"Chisholm Jr., Jazz","NYY",2025,2025,2.9775467524966652,0.8725595947893283,2.104987157707337,66,2.417660017735612,-0.7496757651495997,-0.7954246577966839,31,1.927524773430885,0.17746238427645278,12.762744372271134,3.0031712240391593,35
543807,"Springer, George","TOR",2025,2025,2.9316952858537677,0.7289601514549042,2.2027351343988633,78,4.598162756696877,-1.523711013183805,-2.345491592058168,64,2.119055258246045,0.08367987615281815,7.15285763568483,-0.20621706803783793,14
686217,"Frelick, Sal","MIL",2025,2025,2.914448257932153,2.345143620734369,0.5693046371977842,65,4.125695854440523,0,-1.7805522337061537,50,0.5594263958009855,0.009878241396798649,1.8846646370100382,-0.26210247532627673,15
592885,"Yelich, Christian","MIL",2025,2025,2.7591224235217258,3.2181318417120055,-0.4590094181902799,65,4.366122081944049,0,-1.1479902402320448,52,-0.5566638059702106,0.0976543877799304,-2.941816506245271,1.3833247675048548,13
694192,"Chourio, Jackson","MIL",2025,2025,2.7567492260417072,2.535243848204674,0.22150537783703333,81,4.456843639266306,-0.8622865888596145,-1.0593132022020173,58,-0.16317395748699703,0.38467933532402987,3.466602535922762,1.5118932354038384,23
668930,"Turang, Brice","MIL",2025,2025,2.729400666497295,2.331213848011931,0.39818681848536425,81,4.311895893572627,-0.8362937354821646,-1.1443883100785337,53,0.714514363036879,-0.31632754455151474,5.672118306131463,-0.8516739829987564,28
691176,"Domínguez, Jasson","NYY",2025,2025,2.7193303592294713,1.1928589517822634,1.526471407447208,63,3.2139076281242263,-0.7505025304807811,-1.2705461458611813,40,1.4762626909026195,0.05020871654458817,9.00936145082962,0.8893406156346331,23
701538,"Merrill, Jackson","SD",2025,2025,2.6992092141652035,3.216385253116914,-0.5171760389517105,51,4.145800469249854,0,-0.9294152161329386,49,-0.5051693472882312,-0.012006691663478949,-3.858917259730104,-0.550026120160596,2
683011,"Volpe, Anthony","NYY",2025,2025,2.451225656403841,1.5242632614925005,0.9269623949113405,63,3.197404159345414,-0.8091596784561575,-0.863981219396756,42,0.23519625877311934,0.6917661361382202,2.3737406849751506,4.255684854303231,21
677950,"Thomas, Alek","AZ",2025,2025,2.3967649001154747,2.959046031215356,-0.5622811310998811,49,4.8390550231408165,-1.5235710870573032,-0.3564379048681573,43,-0.4353065393868183,-0.12697459171306277,-1.9711330662405695,-0.8433878652740456,6
669364,"Edwards, Xavier","MIA",2025,2025,2.388649109884916,2.285617011371542,0.10303209851337358,85,4.873372828539953,-0.7728735289031451,-1.8148822882652669,53,0.45197211478583044,-0.34894001627245635,7.112738900918752,-1.098809665236795,32
573262,"Yastrzemski, Mike","KC",2025,2025,2.2450634084304157,2.096651911751123,0.14841149667929265,53,3.102941036935546,0,-1.0062891251844244,43,0.12448163516274123,0.02392986151655129,-0.5809805718537662,-0.1610690263086697,10
660670,"Acuña Jr., Ronald","ATL",2025,2025,2.233013203719287,1.403085262317133,0.829927941402154,40,2.72038883659039,0,-1.3173035742732573,34,0.9197060386782089,-0.08977809727605462,1.3421342773091687,-0.6634969714463942,6
671739,"Harris II, Michael","ATL",2025,2025,2.1963846406480414,1.3288317957979774,0.8675528448500638,60,2.7261238404386323,0,-1.3972920446406554,39,0.8378636430318559,0.029689201818208808,6.337884220957178,-0.384709097083891,21
670770,"Friedl, TJ","CIN",2025,2025,2.123190259477186,2.037759710078883,0.0854305493983029,64,4.271802396725142,0,-2.2340426866462577,50,0.14415958189082997,-0.05872903249252653,-0.7039439569792804,-0.7194694439199127,14
669707,"Triolo, Jared","PIT",2025,2025,2.110536637396834,0.934227304359824,1.17630933303701,42,1.9146817681999269,0,-0.9804544638401026,31,0.8752901782300648,0.30101915480694547,3.4178621502500213,1.2182888435305825,11
666969,"García, Adolis","TEX",2025,2025,2.06672360625736,1.1620699405939727,0.9046536656633871,48,2.329334899636566,0,-1.1672649590425928,32,1.362077349201577,-0.4574236835381904,6.980505925808588,-1.296162972632137,16
663656,"Tucker, Kyle","CHC",2025,2025,2.0048300067450446,1.109234814252284,0.8955951924927607,61,3.076780862362481,0,-1.9675460481101967,43,0.241746150766979,0.6538490417257821,1.7309088536194237,2.860478384399927,18
645277,"Albies, Ozzie","ATL",2025,2025,1.9639927057460722,1.683283538995482,0.28070916675059004,54,3.2520445902922446,0,-1.5687610512967616,42,0.422165284044857,-0.1414561172942671,0.8212761380077374,-1.064410570831934,12
672640,"Lopez, Otto","MIA",2025,2025,1.8957265294951897,1.1285596128586424,0.7671669166365473,65,3.1670864285339198,-0.7674786863765924,-1.2710481292986833,46,0.8751354410535149,-0.10796852441696758,6.049490035840098,-0.8125372926933689,19
673357,"Robert Jr., Luis","CWS",2025,2025,1.8911574311319477,-0.9118724349997837,2.803029866131731,52,1.1902327957863545,-0.9031436331503799,-1.1989615976357582,20,2.6966113087443055,0.10641855738742584,18.058671022085917,0.1723148496110966,32
664059,"Haggerty, Sam","TEX",2025,2025,1.86397392793037,0.9407797538002152,0.9231941741301549,38,2.0788721352529542,-0.8608548894014696,-0.27723749205126996,25,0.47272225154861247,0.4504719225815423,3.820404066244173,2.0396648820172203,13
642201,"White, Eli","ATL",2025,2025,1.863855334352524,0.2603566954051704,1.6034986389473536,36,2.3247399780017823,-0.7788885411665254,-1.2854947414300868,27,1.4749871902928517,0.12851144865450137,6.189772152394401,0.34878193392310525,9
702332,"Durbin, Caleb","MIL",2025,2025,1.8570044041233815,2.0475928260738367,-0.19058842195045517,61,3.058347650659919,0,-1.0107548245860811,43,-1.1919555105508504,1.0013670886003954,-2.0378270283224986,4.652169633711153,18
666139,"Lowe, Josh","TB",2025,2025,1.8137789017910309,1.4233317501428873,0.3904471516481435,58,2.5197916480050737,0,-1.0964598978621858,38,0.5785734465527299,-0.188126294904587,5.842697577638736,0.027245227163257876,20
665019,"Clemens, Kody","MIN",2025,2025,1.8034013312817745,1.4794470086870586,0.32395432259471585,37,3.0275587123298506,-0.8385007557946751,-0.7096109478481171,31,0.1782785263122562,0.14567579628245952,0.43984126094852616,0.5384190961576143,6
686668,"Doyle, Brenton","COL",2025,2025,1.7783200438077167,-0.7773735555153196,2.5556935993230363,51,2.1250076684555026,-1.5298088834041481,-1.3725723405666732,33,2.463590720802076,0.0921028785209595,11.207405917213016,0.25694617261347585,18
682657,"Martínez, Angel","CLE",2025,2025,1.6884781396537285,2.001136549094821,-0.31265840944109247,52,3.3588417013872642,-0.7544987237892854,-0.6032064285031574,42,0.05054672738860118,-0.3632051368296938,0.6355121258179122,-0.9035685850537147,10
595879,"Báez, Javier","DET",2025,2025,1.6863829835152193,1.2663701536880105,0.42001282982720883,39,3.058627456602866,-0.8109930456875334,-0.9812642572273226,35,0.07896669600644576,0.34104613382076276,-1.598786650741552,1.4449683086410645,4
701350,"Anthony, Roman","BOS",2025,2025,1.598719666110161,1.4058367935096017,0.19288287260055934,34,2.209192420708724,0,-0.8033556271991218,28,0.28949857844293464,-0.09661570584237537,-0.08758855615181153,-0.712201907869278,6
687401,"Ortiz, Joey","MIL",2025,2025,1.5725705975244937,1.702000147264641,-0.12942954974014734,40,2.435443202988126,0,-0.7334430557234848,32,-0.0253824656784079,-0.10404708406173951,0.350145039661859,-0.8541335970650882,8
642715,"Adames, Willy","SF",2025,2025,1.5437909114505328,1.1824866145650752,0.3613042968854577,56,3.1039842571848757,-0.7837570760100794,-1.1377405666097218,42,0.5420184057529382,-0.18071410886748057,2.3133556027881976,-1.4536740075263017,14
805300,"Marsee, Jakob","MIA",2025,2025,1.5364993268658145,2.285884443710653,-0.7493851168448383,49,2.7454038504349096,0,-0.4595194067242559,32,-0.11865829371589115,-0.6307268231289475,2.0253162654356993,0.462244120727194,17
682177,"Schneemann, Daniel","CLE",2025,2025,1.5164904362926412,1.0169160016772418,0.49957443461539947,38,1.6228988805658455,0,-0.6059828788886038,27,0.6535778347923059,-0.15400340017690672,2.456198722187917,0.27369327028248086,11
607043,"Nimmo, Brandon","NYM",2025,2025,1.4422723124363188,0.15247543890687926,1.2897968735294396,48,1.85516772851619,0,-1.7026922896093102,36,1.275526286017152,0.014270587512287287,3.338279852346566,-0.4085222170150362,12
682622,"Marte, Noelvi","CIN",2025,2025,1.4326029979763732,0.9110559089998962,0.5215470889764771,35,1.7434917244105783,0,-0.8324358154106819,22,0.19536388078109074,0.32618320819538615,3.6321189391759607,1.4414927949707002,13
694497,"Carter, Evan","TEX",2025,2025,1.3880790228609183,1.092375782760955,0.29570324009996335,32,2.1342817514648442,-0.8825149213071791,-0.1593910473967101,20,0.3425932277932866,-0.04688998769332336,4.60740165887812,-0.3289205996305034,12
687263,"Neto, Zach","LAA",2025,2025,1.3760490817109026,2.25098429643891,-0.8749352147280077,83,3.8359334400699088,0,-1.584949143630999,49,-1.8648107610504197,0.9898755463224118,1.2738493880099506,4.5642274338802595,34
672761,"Pérez, Wenceel","DET",2025,2025,1.3344723558965914,1.8258228309009714,-0.49135047500438,47,4.090134431981677,-1.7129366698772959,-0.5513749312034096,39,-0.41559712925602066,-0.07575334574835935,-0.12444642094170444,-0.609058837978157,8
669065,"Stowers, Kyle","MIA",2025,2025,1.3054477951330121,1.140054230194665,0.1653935649383472,42,2.473661796976524,0,-1.3336075667818599,36,0.056510802617128625,0.10888276232121857,-1.3587403709812762,0.21418820059548177,6
687597,"Beck, Jordan","COL",2025,2025,1.2425148617639392,0.24678797786365594,0.9957268839002833,70,3.454653756489223,-1.5249058623602496,-1.682959916265318,47,0.7329499169359105,0.26277696696437264,7.196892987193663,0.9936493633640266,23
643217,"Benintendi, Andrew","CWS",2025,2025,1.2415034875894808,1.0992557856530394,0.14224770193644148,36,2.7309438858160497,0,-1.631688100163009,34,0.21927436517456916,-0.07702666323812762,-0.9350168082005882,-0.6555556182445097,2
681297,"Cowser, Colton","BAL",2025,2025,1.2367353459680739,-0.35200156504213803,1.5887369110102119,29,0.6347644091173894,0,-0.9867659741595273,16,1.6045896057592373,-0.015852694749023826,7.772867020228164,-0.4184445992412577,13
681460,"Baldwin, Brooks","CWS",2025,2025,1.2284800657663784,0.9842473178541159,0.24423274791226243,28,1.5889801793700564,0,-0.6047328615159404,25,0.3458873043816273,-0.10165455646936485,0.4265461591708368,-0.6678871465585612,3
665926,"Giménez, Andrés","TOR",2025,2025,1.2033145331981927,0.1823353277583315,1.0209792054398612,37,1.0809810760670497,0,-0.8986457483087185,24,0.931202649066679,0.0897765563731824,5.004573049305718,0.20234371137606139,13
671056,"Herrera, Iván","STL",2025,2025,1.196860014311172,0.7702322125394335,0.4266278017717385,39,1.945365409160471,0,-1.1751331966210379,31,0.9480213976819087,-0.5213935959101705,1.8821567069007676,-1.787462539056781,8
666152,"Hamilton, David","BOS",2025,2025,1.1943117305823163,0.7375678769338945,0.45674385364842185,36,0.9635523556360156,0,-0.22598447870212116,13,0.2314111345881316,0.2253327190602904,6.535658187552818,2.1982507452576137,23
641355,"Bellinger, Cody","NYY",2025,2025,1.1186684005842351,0.11778591609606293,1.0008824844881723,56,3.5448146647693295,-1.784616175035072,-1.6424125736381947,42,0.9507420592336429,0.05014042525452931,4.583890611347657,-0.09485208837122444,14
650489,"Castro, Willi","CHC",2025,2025,1.1120737792356845,0.9759272416005028,0.1361465376351818,53,2.525765281451658,-0.9981518284370253,-0.5516862114141299,37,0.04425277966687835,0.09189375796830312,2.8535619412415274,0.34841937094839603,16
669701,"Smith, Josh","TEX",2025,2025,1.1032492703675412,1.7107222384139404,-0.6074729680463992,65,3.3181795961832377,0,-1.6074573577692974,51,-0.6079462820099205,0.0004733139635212983,-2.2727780585561055,-0.33499504218116577,14
686555,"Collins, Isaac","MIL",2025,2025,1.0794791478097496,1.6689820851677817,-0.589502937358032,45,2.2555380040947535,0,-0.5865559189269718,31,-0.7259586050732081,0.1364556677151767,0.21133711151939805,0.28187655370223297,14
500743,"Rojas, Miguel","LAD",2025,2025,1.0563231755058433,0.33555118861000527,0.7207719868958381,31,1.4267115763720943,0,-1.0911603877620895,26,0.41119487452402154,0.30957711237181673,0.39203197817149155,1.2800083547391488,5
643396,"Kiner-Falefa, Isiah","TOR",2025,2025,1.0258888991887614,0.9339115087902765,0.09197739039848493,47,2.6504848584889023,-0.7601424211429249,-0.9564309285557008,35,0.2139321414252454,-0.12195475102676052,2.048823862455848,-0.8795735504514256,12
666160,"Moniak, Mickey","COL",2025,2025,1.0075985939344034,1.2041634708590907,-0.19656487692468727,54,2.959868862718458,-0.7818826993309815,-0.9738226925283855,41,0.34346057511908445,-0.5400254520437708,3.2431259373290864,-1.671263758033663,13
664238,"Moore, Dylan","TEX",2025,2025,0.9778244943153303,0.0633875546264349,0.9144369396888954,29,0.5135258197783547,0,-0.4501382651519196,13,0.9780835090251532,-0.06364656933625788,7.461310399018807,-0.48605765238283255,16
641857,"McMahon, Ryan","NYY",2025,2025,0.9477076050803095,1.3158580840566718,-0.3681504789763623,41,2.3657849781475613,0,-1.0499268940908892,37,-0.2335701502701722,-0.13458032870618994,-3.1082526354916165,-1.1578308718000567,4
669720,"Hays, Austin","CIN",2025,2025,0.9353030564883209,0.5447603049884886,0.39054275149983225,33,2.1162575533768746,-0.9048843188724405,-0.6666129295159453,30,-0.10895701795920314,0.4994997694590354,-2.5059320358559942,2.3281933957693677,3
680977,"Donovan, Brendan","STL",2025,2025,0.9258627993753856,1.0101894143709012,-0.08432661499551547,54,3.4752662021431986,0,-2.4650767877722974,50,0.059553365069834864,-0.1438799800653504,-2.4640489113463184,-1.034453539518026,4
676391,"Clement, Ernie","TOR",2025,2025,0.9059867899762148,2.8114593165453194,-1.9054725265691046,72,5.4421413252020265,-1.7061026977015308,-0.9245793109551765,63,-1.7601671280933155,-0.1453053984757902,-5.232096849036969,-1.2486389925700272,9
668885,"Martin, Austin","MIN",2025,2025,0.8975450011557008,0.4666075730352679,0.4309374281204329,31,1.2032272043628502,0,-0.736619631327582,15,0.7607372800155467,-0.3297998518951136,6.0261387324077065,-0.6443091464526639,16
701358,"Smith, Cam","HOU",2025,2025,0.844239711837142,1.3694061326336409,-0.5251664207964989,42,2.7984580833052703,0,-1.4290519506716302,36,0.016401251999357037,-0.5415676727958562,-0.6505856499362838,-1.8043276306420362,6
630105,"Cronenworth, Jake","SD",2025,2025,0.8044405461769559,1.01880754114649,-0.21436699496953412,49,3.159369919279167,-0.8576778104859869,-1.2828845676466902,45,-0.31847686834916666,0.10410987337963257,-2.994873892664066,0.20454635295185702,4
686475,"Tolbert, Tyler","KC",2025,2025,0.7918233004952528,-0.5426089225342179,1.3344322230294707,34,0.49385048662583564,-0.7948183339945031,-0.24164107516555056,10,0.8740482045318715,0.460384018497599,8.605998813537633,3.4476033278764713,24
681481,"Carpenter, Kerry","DET",2025,2025,0.7698985438317821,1.0612587894238599,-0.29136024559207774,40,3.5053263276220936,-0.8127726903224441,-1.6312948478757896,40,-0.20813898452737492,-0.08322126106470264,-3.3503592626228285,-0.6594238842457982,0
592663,"Realmuto, J.T.","PHI",2025,2025,0.7681384102148591,0.7553933914536844,0.012745018761174624,51,3.0449728986055686,-0.8077156741278269,-1.4818638330240566,42,0.17223675423342116,-0.15949173547224663,0.653631323206844,-1.0772894205082406,9
593871,"Polanco, Jorge","SEA",2025,2025,0.6775535631276872,0.9851728032369754,-0.30761924010928815,45,2.9790584545226313,-0.7704774169061174,-1.2234082343795387,38,-0.16423689545947967,-0.1433823446498083,-0.5050151134263932,-1.1392499371517453,7
593428,"Bogaerts, Xander","SD",2025,2025,0.6594101566207666,-0.5976610508534119,1.2570712074741786,50,2.146864400417093,-0.8865446705446471,-1.8579807807258577,35,1.4306917925990603,-0.17362058512488185,7.289853636792581,-1.1734643971873617,15
668904,"Lewis, Royce","MIN",2025,2025,0.6565470109420085,0.051373761921809424,0.6051732490201991,28,1.1015698728688585,0,-1.0501961109470488,17,1.214768706731853,-0.6095954577116539,5.715074718150973,-2.0878068255848317,11
596146,"Kepler, Max","PHI",2025,2025,0.6144192240276958,0.644870533941734,-0.03045130991403825,29,1.972443026734158,0,-1.327572492792424,28,0.006803143405483212,-0.03725445331952151,-2.218395234618216,-0.5805699186986677,1
696285,"Young, Jacob","WSH",2025,2025,0.594057947439977,2.104069007394663,-1.510011059954686,41,2.367526792774434,0,-0.2634577853797712,21,-2.0645699948531973,0.5545589348985112,-2.4134256549513458,2.5734429440443387,20
656305,"Chapman, Matt","SF",2025,2025,0.5874354047343531,1.6054990368078113,-1.0180636320734582,54,3.384976076107366,-0.8548399430319201,-0.9246370962676345,41,-0.8266000940869352,-0.1914635379865227,-2.436806144930525,-0.06161592750816695,13
660821,"Sánchez, Jesús","HOU",2025,2025,0.5511878023345416,-0.4177860082783135,0.968973810612855,50,2.4788784499610554,-1.7488758137518183,-1.14778864448755,40,0.9186963504034259,0.050277460209428866,3.3530956064662,-0.08321394284252545,10
695734,"Lile, Daylen","WSH",2025,2025,0.536859504078635,3.05306005380747,-2.516200549728835,62,4.6636911397475656,-0.770032859823816,-0.8405982261162815,45,-2.8622125971023946,0.3460120473735602,-4.953586207740725,1.480652094031509,17
669397,"Allen, Nick","ATL",2025,2025,0.5097605213921632,1.4725231070155393,-0.9627625856233761,41,2.4712804075502226,0,-0.9987573005346831,28,-0.9141230021662823,-0.04863958345709367,-1.026224842878846,-0.5479650282151168,13
643446,"McNeil, Jeff","NYM",2025,2025,0.4685782422182172,0.14207297143437175,0.32650527078384545,36,1.901901858794318,0,-1.759828887359946,33,0.012054445768272717,0.3144508250155727,-2.910635658335945,1.2154226463481004,3
669242,"Edman, Tommy","LAD",2025,2025,0.4585337549212401,0.3365967789329028,0.1219369759883373,31,1.3899408801226452,0,-1.053344101189742,26,-0.016317857414204096,0.13825483340254127,-0.359751380724468,0.5248846337087668,5
687462,"Horwitz, Spencer","PIT",2025,2025,0.456207992278218,0.7560377610964321,-0.29982976881821405,38,2.5139357827641295,0,-1.7578980216676976,38,-0.24457898402482306,-0.055250784793390885,-3.805656729634386,-0.6167942547114923,0
691594,"Sanoja, Javier","MIA",2025,2025,0.45435926311012464,1.0529121692898706,-0.598552906179746,41,2.1300083462449972,-0.7942108910180794,-0.2828852859370475,33,-0.46990352754153747,-0.1286493786382082,-0.17301437140994472,-0.7831706072030231,8
670242,"Wallner, Matt","MIN",2025,2025,0.4259687972847217,0.09647959475736353,0.32948920252735814,30,1.911792458753427,-0.8893082825553986,-0.9260045814406646,27,0.4461535731347657,-0.11666437060740747,0.2656365384392583,-0.7463585637609771,3
669127,"Langeliers, Shea","ATH",2025,2025,0.4200639809849973,0.3387574900116395,0.08130649097335782,41,1.9900267015416655,0,-1.6512692115300258,34,0.19076799521054447,-0.10946150423718679,0.13918311638517689,-0.8975516620413436,7
547180,"Harper, Bryce","PHI",2025,2025,0.4187319258485742,0.7212098148420458,-0.3024778889934716,56,3.2568660217990204,-1.5155416905773207,-1.0201145163796532,49,-0.7743961061499748,0.4719182171565029,-4.002459888506748,2.0317791962275784,7
643289,"Dubón, Mauricio","HOU",2025,2025,0.41624509168470225,0.18588568303753394,0.23035940864716833,31,1.72645959625801,-0.9130138711296809,-0.6275600420907953,28,0.1781534655298346,0.05220594311733371,-1.066586628533725,0.11580809396732537,3
686611,"Crews, Dylan","WSH",2025,2025,0.396234797073437,0.72723850661919,-0.331003709545753,42,2.0371034756144644,-0.8467476073092607,-0.46311736168601353,23,-0.6556426499838551,0.3246389404381023,2.3987271674789508,1.4609162431000795,19
807712,"Keaschall, Luke","MIN",2025,2025,0.3564627579770279,0.12466382791245544,0.2317989300645725,28,0.8996484757577203,0,-0.7749846478452649,15,-0.02058523552464002,0.2523841655892128,2.3467785929448217,1.1192752142781897,13
681624,"Pages, Andy","LAD",2025,2025,0.35483168778830554,1.2553276156717412,-0.9004959278834357,64,3.2083347455810483,-0.7715235969149685,-1.1814835329943374,46,-0.261370392241547,-0.6391255356418887,0.2446090345826949,-0.9980099547905692,18
664728,"Isbel, Kyle","KC",2025,2025,0.3532358527732422,1.1995786478562658,-0.8463427950830236,47,3.185376596913318,-0.7602286612006379,-1.2255692878564153,40,-1.0919101207401858,0.24556732565716222,-4.716762713266721,1.0486322990719659,7
670764,"Walls, Taylor","TB",2025,2025,0.3374196971998733,0.711560112860818,-0.3741404156609447,40,1.7762399394721853,-0.7846911869973403,-0.27998863961402726,24,0.2122572344508969,-0.5863976501118415,3.2993857888994502,-0.6319603612551854,16
681393,"Norby, Connor","MIA",2025,2025,0.3304195955729216,-0.32440002417221975,0.6548196197451414,35,1.3484636736514644,-0.770975788527855,-0.9018879092958294,27,0.5379700142875005,0.11684960545764074,2.39907402152819,0.31372421738248596,8
672356,"Arias, Gabriel","CLE",2025,2025,0.3241903763577333,0.9096463908554849,-0.5854560144977516,47,2.236890870246343,-0.7796211420616963,-0.5476233373291609,41,-0.6699656661308199,0.08450965163306819,-2.8266699570334524,0.26259839556615966,6
605141,"Betts, Mookie","LAD",2025,2025,0.30499827758569853,0.015860323510259212,0.2891379540754393,62,2.9609872035662614,-1.6568282991855523,-1.2882985808704508,55,0.2228488035435781,0.0662891505318615,-1.4463091565949397,0.04294377165566822,7
668804,"Reynolds, Bryan","PIT",2025,2025,0.28429792596768966,1.7110705739361642,-1.4267726479684746,55,3.3322105972247402,0,-1.6211400232885749,53,-1.2891025251284893,-0.13767012283998414,-6.506560222834204,-1.0584582743741546,2
807713,"Shaw, Matt","CHC",2025,2025,0.2271100789306424,0.9083699493465647,-0.6812598704159223,53,2.521001794822386,-0.7952798747067356,-0.8173519707690861,35,-0.7062946681631825,0.025034797747259818,2.1915569165218107,-0.1839457290712652,18
694671,"Langford, Wyatt","TEX",2025,2025,0.21962930183753354,0.5953065072184704,-0.3756772053809369,72,3.522442161050179,-1.5192862995866463,-1.4078493542450612,47,-0.3134746015869605,-0.06220260379397649,2.331014641361761,0.4829936415910867,25
693307,"Dingler, Dillon","DET",2025,2025,0.21427209049736406,0.5986774614137511,-0.38440537091638705,38,1.999291577438036,0,-1.4006141160242844,38,-0.3110328733784126,-0.07337249753797428,-3.5166494885396347,-0.7917756381235725,0
666310,"Naylor, Bo","CLE",2025,2025,0.19129083208014008,0.5799716527422809,-0.3886808206621408,39,2.193435213080296,-0.8166256554008592,-0.796837904937156,36,-0.03726059604815743,-0.3514202246139834,-1.5857218242169582,-0.622853540686406,3
680757,"Kwan, Steven","CLE",2025,2025,0.18465749213574473,-0.4677861764026358,0.6524436685383805,64,2.956016375590174,-0.9393017576577565,-2.4845007943350534,43,0.7777468292743402,-0.12530316073595998,1.5666528737280112,0.17242790901044106,21
810938,"Williamson, Ben","SEA",2025,2025,0.16032618336055027,-0.2656259400582223,0.4259521234187726,34,1.5022513164047069,-0.8017721989405782,-0.9661050575223508,27,0.5389393024624528,-0.11298717904368014,1.8651330384835259,-0.8330512452436666,7
677587,"Rocchio, Brayan","CLE",2025,2025,0.14314038418532032,-0.03692961796127983,0.18007000214660016,34,1.7582346198660856,-0.9031436331503799,-0.8920206046769854,25,0.30381865614075204,-0.12374865399415191,2.6311894592658707,-0.9247269434006171,9
678246,"Vargas, Miguel","CWS",2025,2025,0.13012800538580055,-0.38284771214644403,0.5129757175322446,60,3.165632124911139,-1.60187062442301,-1.9466092126345715,55,0.3096235472160833,0.20335217031616118,-0.6350282446119345,0.5548003087613883,5
667670,"Rooker, Brent","ATH",2025,2025,0.11471209339502897,0.07499102961586411,0.03972106377916486,58,2.894731743133047,-0.7709732224250946,-2.0487674910920886,51,0.24148024394199263,-0.20175918016282737,-0.6623717030361661,-1.3917443811566048,7
677649,"Duran, Ezequiel","TEX",2025,2025,0.08561495665649704,0.4330111587528434,-0.34739620209634636,29,0.7530593446599863,0,-0.3200481859071428,20,-0.020510112367774083,-0.32688608972857286,1.2716755186805484,-0.5572323957656458,9
691016,"Soderstrom, Tyler","ATH",2025,2025,0.08515798538874217,-0.039510738942783785,0.12466872433152595,64,2.876043801680333,-1.6922444781239734,-1.2233100624991429,53,0.27312253970421374,-0.14845381537268765,0.6650695360692407,-1.036744092026265,11
666158,"Lux, Gavin","CIN",2025,2025,0.08060112198108793,0.6959148999212762,-0.6153137779401883,45,3.54548332899299,-1.5986880603170734,-1.2508803687546397,45,-0.4126441053239331,-0.2026696726162552,-5.272784358273663,-1.2368103507176391,0
666971,"Gurriel Jr., Lourdes","AZ",2025,2025,-0.04629364214135348,-0.28076987585652535,0.23447623371517187,40,2.1371069891046846,-0.7999951800911899,-1.6178816848700204,27,0.17739111320050197,0.057085120514669865,2.4452319089364924,-0.29961102655505245,13
683146,"Baty, Brett","NYM",2025,2025,-0.09389217347202267,-0.40606985141473795,0.3121776779427153,40,1.9604003170058382,-0.8879862322844402,-1.4784839361361366,30,0.8817492212358757,-0.5695715432931605,3.7412772681115474,-1.794687004595369,10
701762,"Kurtz, Nick","ATH",2025,2025,-0.10042624136868938,0.477870773391909,-0.5782970147605984,45,2.4453052630131715,0,-1.9674344896212623,42,-0.4862038159715352,-0.0920931987890635,-3.5285678841466757,-0.8755785258442634,3
672580,"Garcia, Maikel","KC",2025,2025,-0.10422214660383933,1.359156044771654,-1.4633781913754933,108,5.295402710822056,-2.4337813822444545,-1.502465283805949,77,-0.5102798072163255,-0.9530983841591674,2.0898156624750115,-0.12803297084555224,31
647304,"Naylor, Josh","SEA",2025,2025,-0.16233036743549967,-3.555218171795257,3.3928878043597575,62,1.055805014063957,-0.9383649556120259,-3.672658230247189,39,2.04803375409656,1.344854050263197,8.352273140836228,6.466378964574318,23
595777,"Profar, Jurickson","ATL",2025,2025,-0.16794094358688452,-0.31656051203722824,0.14861956845034371,44,1.923324287562325,-0.7618279534547079,-1.4780568461448444,34,0.05786457142069379,0.09075499702965031,-0.3082035411074896,0.17437888270917715,10
805779,"Wilson, Jacob","ATH",2025,2025,-0.18429496262696426,0.4481002337371887,-0.632395196364153,33,1.549485280957193,0,-1.1013850472200044,29,-0.5900403868207676,-0.04235480954338491,-4.66977879189756,-0.5137426156011765,4
693304,"Gonzales, Nick","PIT",2025,2025,-0.21475147751008938,1.0362141012292867,-1.250965578739376,29,1.9674547544113579,0,-0.9312406531820707,27,-1.1455522875639181,-0.10541329117545842,-6.342247558624319,-0.8075156871336481,2
680718,"Barger, Addison","TOR",2025,2025,-0.22347945008457024,0.020439177676976256,-0.2439186277615465,33,1.341347035809713,0,-1.3209078581327371,29,-0.0716212312066468,-0.17229739655489956,-1.0001366041824062,-1.1083139545011915,4
606192,"Hernández, Teoscar","LAD",2025,2025,-0.2528863375500312,-0.27946883552999846,0.026582497979967253,52,2.4077057770859733,-0.8935157586927188,-1.7936588539232527,46,-0.4212976975897971,0.4478801955697645,-3.370448501881643,1.8326757858886176,6
545361,"Trout, Mike","LAA",2025,2025,-0.260697961235696,0.06865309131226842,-0.32935105254796443,30,2.4601862313760643,-0.7646957510810813,-1.6268373889827141,29,-0.24125325001672407,-0.0880978025312404,-4.923546062572272,-0.686765196810878,1
679529,"Torkelson, Spencer","DET",2025,2025,-0.273006282127499,0.5207023849088076,-0.7937086670363066,44,2.6691356137064486,0,-2.1484332287976415,42,-0.7093620432312475,-0.08434662380505906,-5.747356799388763,-0.7705813454985734,2
668715,"Steer, Spencer","CIN",2025,2025,-0.2977455921181884,-0.5494002229565302,0.25165463083834183,39,2.1405040207469934,-0.807432473924526,-1.8824717697789977,32,0.39525612982248765,-0.14360149898414593,0.3988359506266351,-1.044107006202943,7
663457,"Nootbaar, Lars","STL",2025,2025,-0.3044457540853449,0.7218505240568194,-1.0262962781421643,53,3.2753625471969148,-0.8256709103956508,-1.727841112744445,45,-1.0244123854018399,-0.001883892740324542,-5.451688818844631,-0.42735070753758914,8
676694,"Meyers, Jake","HOU",2025,2025,-0.3200334562303148,-0.025100906440858085,-0.2949325497894567,44,2.0408159138358855,0,-2.065916820276743,27,0.09245176414942824,-0.38738431393888556,2.688038789052109,-0.9526276988162,17
689414,"Hicks, Liam","MIA",2025,2025,-0.35296706748732376,-0.4377513189950912,0.08478425150776743,30,2.160409009230261,-0.7926070766895603,-1.8055532515357922,28,0.023789261620568554,0.06099498988719884,-2.563130403517385,0.07018743134163209,2
672820,"Sosa, Lenyn","CWS",2025,2025,-0.36743145042733516,0.26020311694554876,-0.6276345673728839,29,1.4372446952347324,0,-1.1770415782891839,27,-0.5494009230019054,-0.07823364437097849,-3.131093010159324,-0.7470825899780893,2
695578,"Wood, James","WSH",2025,2025,-0.43715611265419846,0.09092984409344546,-0.5280859567476439,74,3.5582598773999927,-0.7989579764411119,-2.668372056865435,52,-0.7024544498132741,0.1743684930656301,0.761178108539148,0.2799940308034882,22
691406,"Caminero, Junior","TB",2025,2025,-0.49057113739048164,-0.09445518219921431,-0.39611595519126735,45,2.321921407473496,-0.8334196592316259,-1.5829569304410835,38,0.17157328487627932,-0.5676892400675466,-0.48092101834760254,-1.881024147030095,7
572191,"Taylor, Michael A.","CWS",2025,2025,-0.49725520379344745,-0.35339071437554465,-0.14386448941790284,41,1.5602813173742018,-1.5957647280166842,-0.3179073037330619,31,0.28180119800079645,-0.42566568741869915,1.5689074797103642,0.24920106051440316,10
676475,"Burleson, Alec","STL",2025,2025,-0.5019721511251994,-0.6319791262397534,0.13000697511455397,37,1.7665451342966647,0,-2.3985242605364183,32,0.7002536812325424,-0.5702467061179881,0.20330252110443403,-2.0655214880105652,5
682663,"Ramírez, Agustín","MIA",2025,2025,-0.5268764841594864,-2.1179391540403687,1.5910626698808823,63,2.28499015555521,-2.518759355516648,-1.8841699540789298,49,0.35765910172151416,1.2334035681593667,0.7515853267840695,5.8482785843823555,14
668227,"Arozarena, Randy","SEA",2025,2025,-0.5654284372030003,-3.8381538372862893,3.272725400083289,80,2.533142538211823,-3.9456912634935652,-2.425605112004546,48,2.9654992734440255,0.3072261266392621,14.917509704183466,1.2209177114136844,32
671277,"García Jr., Luis","WSH",2025,2025,-0.576952056314973,-0.9597805330213764,0.38282847670640335,58,2.616267229262621,-1.6025733294425986,-1.973474432841399,42,0.4832006248537759,-0.10037214814737266,4.725382383377718,-0.8151544448545712,16
673548,"Suzuki, Seiya","CHC",2025,2025,-0.6371714071123529,0.24673744252648502,-0.8839088496388379,51,2.341251155687481,0,-2.0945137131609957,46,-0.7243114829913517,-0.1595973666474866,-3.6894565707165077,-1.0295779986795637,5
700242,"Sweeney, Trey","DET",2025,2025,-0.7166023347683503,-0.39030629982740184,-0.3262960349409485,29,1.4644556266119446,-0.7922142663860653,-1.0625476600532808,26,-0.24967004324756426,-0.0766259916933841,-1.9825878132502175,-0.5288184803435729,3
694384,"Schanuel, Nolan","LAA",2025,2025,-0.7547544870730621,-0.7482450959586012,-0.006509391114460919,49,2.5209904933025484,-1.667296734741315,-1.6019388545198334,44,-0.33422451420126037,0.3277151230867994,-6.201744358241111,1.178646123599096,5
650333,"Arraez, Luis","SD",2025,2025,-0.8180865828078621,0.1546739286636068,-0.9727605114714689,61,3.33479177132355,-1.7735989970986754,-1.406518845561269,51,-1.1822131447517599,0.20945263328029065,-6.976505195977512,0.7008123198837701,10
592518,"Machado, Manny","SD",2025,2025,-0.824027630146685,-1.2149614968242892,0.3909338666776042,55,2.558306378508177,0,-3.7732678753324653,44,-0.18137619559262788,0.5723100622702321,-1.9834554680049767,2.506197289078475,11
624428,"Frazier, Adam","KC",2025,2025,-0.8280872282622083,0.4158976548651516,-1.2439848831273599,54,3.3773657348961588,-1.671317168642168,-1.2901509113888388,41,-1.3074471227051325,0.06346223957777267,-4.190771445580929,1.3085617084925285,13
678662,"Tovar, Ezequiel","COL",2025,2025,-0.8353363879289329,0.4694175201926477,-1.3047539081215807,45,1.9394575370379012,-0.7689337877441067,-0.7011062291011466,36,-0.9246067130288578,-0.38014719509272266,-3.012368514799911,-0.8123010138410803,9
516782,"Marte, Starling","NYM",2025,2025,-0.859058960297768,-1.5807046149086503,0.7216456546108824,31,1.0987108046395977,-1.7860847175340107,-0.8933307020142374,23,1.2624601094656975,-0.5408144548548149,4.070645480104071,-1.7898101861929419,8
663586,"Riley, Austin","ATL",2025,2025,-0.8637058296930652,-0.859092983209029,-0.004612846484036146,31,1.5572161996006422,-0.7704131466740086,-1.6458960361356625,29,0.04518464062433152,-0.0497974871083677,-1.6914058001172536,-0.5443150327616693,2
514888,"Altuve, Jose","HOU",2025,2025,-0.8983870003884347,0.0640661572803136,-0.9624531576687483,53,2.8754987004801036,-0.9903269091575617,-1.8211056340422291,45,-1.1358658838728666,0.1734127262041179,-5.301488414732681,0.5762438144248647,8
656811,"O'Hearn, Ryan","SD",2025,2025,-0.9575592121834853,0.237927383450099,-1.1954865956335843,35,2.0189239685141076,0,-1.7809965850640084,31,-0.6255432175341108,-0.5699433780994727,-5.426302878576295,-2.054952212802889,4
668709,"Bleday, JJ","ATH",2025,2025,-0.965439850868565,0.14494830928781313,-1.110388160156378,34,2.01413016256847,-0.8617921498803744,-1.0073897034002828,31,-1.0245656588316685,-0.08582250132470959,-4.289848562337624,-0.572448120735722,3
667472,"Myers, Dane","MIA",2025,2025,-0.9829615511109318,-0.058474576930693224,-0.9244869741802385,40,1.4717161329244848,-0.8167459435367215,-0.7134447663184562,17,-0.5481254637223607,-0.37636151045787763,3.776996353788518,-0.9598505348574251,23
657656,"Laureano, Ramón","SD",2025,2025,-1.0127359127578175,0.2959980362021443,-1.3087339489599619,42,1.9027138812200806,-0.8435157789037344,-0.7632000661142011,33,-0.4163067976570704,-0.8924271513028905,-3.2363151694472108,-1.0550509278795053,9
677942,"Alexander, Blaze","AZ",2025,2025,-1.0397133328790993,1.0502708495901247,-2.089984182469224,29,1.2589633673956324,0,-0.20869251780550777,19,-2.2214764823742894,0.1314922999050666,-4.797180886082312,0.4376030102173031,10
572233,"Walker, Christian","HOU",2025,2025,-1.063759362015086,-1.0119931827039126,-0.05176617931117347,40,1.7325650729571236,-0.9055116233537046,-1.8390466323073311,37,-0.14091580699405118,0.08914962768287783,-3.507806359234407,0.12407884249626996,3
700250,"Rice, Ben","NYY",2025,2025,-1.122683530405937,-1.0112069783172004,-0.11147655208873669,43,1.8722218184557162,-0.8945769129329992,-1.9888518838399167,38,-0.3554078607019087,0.24393130861317192,-2.9238724354314156,0.8674394979417727,5
518692,"Freeman, Freddie","LAD",2025,2025,-1.1418942104107637,-1.0102339400683957,-0.13166027034236782,51,2.561338170930493,-2.408075888399042,-1.1634962225998458,45,0.03321015054473631,-0.16487042088710419,-1.5504284880789208,-1.1709238986945452,6
650859,"Rengifo, Luis","LAA",2025,2025,-1.1590811683057647,1.2109586850457206,-2.3700398533514853,48,2.266965244947979,0,-1.0560065599022574,31,-2.4770601134922585,0.10702026014077376,-5.707893544910602,0.17588815345392544,17
668939,"Rutschman, Adley","BAL",2025,2025,-1.1638095817092537,-0.8322832667170577,-0.33152631499219604,29,1.221591518927303,0,-2.0538747856443607,29,-0.3086999578038241,-0.022826357188372032,-3.5996459038572794,-0.4542377706427591,0
686948,"Baldwin, Drake","ATL",2025,2025,-1.206223486498458,-0.7401259339916927,-0.46609755250676527,29,1.458556220442576,-0.8850898160238182,-1.31359233841045,29,-0.4123099017799606,-0.05378765072680474,-4.279797467266549,-0.6958253701485961,0
650490,"Díaz, Yandy","TB",2025,2025,-1.2763436314437369,-0.04636693352749863,-1.2299766979162383,47,1.9926510739685077,0,-2.039018007496006,46,-1.0493962810321242,-0.18058041688411355,-8.596723252798824,-1.3790311720658892,1
676572,"Wagaman, Eric","MIA",2025,2025,-1.2854247120792373,-1.2880342513195089,0.002609539240271741,34,1.8277278361004066,-1.807256906749613,-1.3085051806703023,29,-0.10360929900430446,0.10621883824457606,-2.193378935437643,0.0926319232789317,5
621493,"Ward, Taylor","LAA",2025,2025,-1.3052895070314254,-0.5711224658223734,-0.7341670412090522,42,2.4214553574299535,-1.637717085131007,-1.3548607381213196,39,-0.5391019394041376,-0.1950651018049149,-4.935054304383991,-1.2711493118516088,3
671221,"Waters, Drew","KC",2025,2025,-1.3574930810937391,-0.243414809921803,-1.1140782711719361,29,1.7350158275330836,-1.560323946869318,-0.41810669058556893,20,-1.0768752735487965,-0.03720299762313931,-1.4837572649591686,-0.3274965308214445,9
663647,"Hayes, Ke'Bryan","CIN",2025,2025,-1.3621579938388428,-1.112009831550592,-0.2501481622882508,47,2.3141777315997643,-1.7045837967063093,-1.7216037664440464,41,-0.6275843915726397,0.37743622928438914,-5.429768865020937,1.645783569682672,6
663616,"Larnach, Trevor","MIN",2025,2025,-1.3625552507097034,-0.2691702293595493,-1.0933850213501541,48,2.5798103408985456,-0.8798417290869527,-1.9691388411711424,44,-0.8956054822903861,-0.19777953905976792,-4.779504556520884,-1.3974445138285119,4
664770,"Lukes, Nathan","TOR",2025,2025,-1.3638450364520676,0.5585654993092245,-1.9224105357612922,40,2.0762495998842847,0,-1.5176841005750612,35,-1.3739513795137521,-0.5484591562475408,-5.22848303340137,-1.7367694137052239,5
805367,"Meidroth, Chase","CWS",2025,2025,-1.4011373196372385,-1.2616268748822217,-0.13951044475501692,45,1.8798097271507554,-1.6244320348106345,-1.5170045672223424,32,0.020492251455053383,-0.1600026962100702,-0.6048645453571755,-1.214700592786251,13
657757,"Sheets, Gavin","SD",2025,2025,-1.4148270344571914,-0.7201333215224441,-0.6946937129347472,40,2.7214972420189056,-1.616379489468014,-1.825251074073336,38,-0.5751628938566546,-0.11953081907809247,-4.19510889545874,-0.8984037723658211,2
671218,"Ramos, Heliot","SF",2025,2025,-1.473554291895858,-0.9528838239033021,-0.5206704679925559,63,3.504651895482133,-1.7534030151395594,-2.704132704245877,53,-0.5099469382362192,-0.010723529756337115,-3.868173099264586,-0.4610343121731685,10
592206,"Castellanos, Nick","PHI",2025,2025,-1.4940318665508716,-1.758629391222249,0.2645975246713774,49,2.6484011880963703,-2.380273058489035,-2.0267575208295843,45,0.4551455713699661,-0.1905480466985884,-0.9102522844714673,-1.3428692352545504,4
467793,"Santana, Carlos","CHC",2025,2025,-1.5065365952224974,-1.5264505013942915,0.019913906171794168,30,1.3477737603619802,-1.7182213337750842,-1.1560029279811872,27,-0.041117742075196195,0.06103164824699035,-3.10948706467031,0.053603406427908,3
664056,"Bader, Harrison","PHI",2025,2025,-1.5582610066407176,0.5414517509390104,-2.099712757579728,63,2.8847100863707245,-0.8874728281425482,-1.4557855072891652,46,-2.1786992567380827,0.07898649915835444,-4.080410782474093,-0.053819058130206716,17
669257,"Smith, Will","LAD",2025,2025,-1.6237033058746544,-1.1509832166327092,-0.4727200892419452,30,0.9561393931532511,-0.8785352175704886,-1.2285873922154718,26,-0.26492385761131004,-0.20779623163063496,-3.112243841257747,-1.1814105827246284,4
663853,"Gonzalez, Romy","BOS",2025,2025,-1.644366742492303,-0.5630645462811689,-1.081302196211134,40,1.780791690534126,-1.6863937647462408,-0.6574624720690538,31,-1.1765964642699833,0.09529426805884962,-2.767075974033591,0.07202982937603246,9
665966,"Narváez, Carlos","BOS",2025,2025,-1.6520428554594406,-1.2489380044164282,-0.40310485104301247,30,1.3162132101881598,-0.943848080322606,-1.6213031342819828,27,-0.2639404365221718,-0.13916441452084066,-2.8979253927551256,0.2716213396348112,3
676059,"Westburg, Jordan","BAL",2025,2025,-1.6541752406716894,-0.15788949824782245,-1.496285742423867,40,2.296773218121623,-0.9330619197301101,-1.5216007966393352,36,-1.388365413902774,-0.10792032852109246,-5.763284762671872,-0.6426029480319363,4
608369,"Seager, Corey","TEX",2025,2025,-1.6630148532084763,-1.2410742433787232,-0.4219406098297532,30,1.3836627287531078,0,-2.62473697213183,29,-0.22886368227685852,-0.1930769275528946,-3.540203190751483,-1.2762032433350288,1
673237,"Diaz, Yainer","HOU",2025,2025,-1.740859507280284,-0.699919382623508,-1.040940124656776,38,1.6539864727978695,-0.8410492293504338,-1.5128566260709428,37,-0.8394655790827582,-0.20147454557401748,-6.108452617799308,-1.2695040897036156,1
641487,"Crawford, J.P.","SEA",2025,2025,-1.7536637967135245,-2.150065636593731,0.3964018398802068,35,1.6789529643779393,-1.7500854059612037,-2.0789331950104675,29,0.6115705532653279,-0.21516871338512106,-1.7927435835989747,-1.6022678010669393,6
682985,"Greene, Riley","DET",2025,2025,-1.7669625911558886,-1.087583776464578,-0.6793788146913106,46,2.233636543919029,-1.6682918280088288,-1.652928492374778,44,-0.5388139663240253,-0.14056484836728486,-5.464796189278716,-1.0922181556038126,2
643565,"Tauchman, Mike","CWS",2025,2025,-1.7904255112799006,-1.631147260792179,-0.1592782504877214,30,1.0342124935837231,-0.8795814196129794,-1.7857783347629228,30,-0.02120518184980394,-0.13807306863791752,-3.6313622138709354,-1.0566853661804545,0
696100,"Goodman, Hunter","COL",2025,2025,-1.858122932978671,-0.959778266351807,-0.8983446666268642,50,2.049551333874958,-0.9110968168515798,-2.098232783375186,46,-0.7978302945249005,-0.10051437210196354,-4.103549083171185,-0.796319654193245,4
669743,"Call, Alex","LAD",2025,2025,-1.8604550572610243,-0.8102072838308071,-1.0502477734302171,35,1.718716122821654,-1.7662653725743427,-0.7626580340781184,32,-0.9363909721698108,-0.11385680126040681,-4.737618372364593,-0.7516169113620839,3
663697,"India, Jonathan","KC",2025,2025,-1.9187069946327349,0.015475931417312502,-1.9341829260500474,49,2.264110110966489,0,-2.2486341795491764,46,-1.774663823266791,-0.1595191027832564,-9.176688354665405,-1.0617956795786703,3
656941,"Schwarber, Kyle","PHI",2025,2025,-1.9281723342021153,-1.0902730435903072,-0.8378992906118082,46,2.378511792227927,-0.9667924342844584,-2.501992401533776,41,-0.25337670870700124,-0.5845225819048068,-3.3506919446281263,-1.9641779223677687,5
670623,"Paredes, Isaac","HOU",2025,2025,-1.9369406020909115,-1.828258910281937,-0.10868169180897426,30,1.5168043799043505,-0.847315475860543,-2.497747814325744,30,-0.003949603807381267,-0.10473208800159295,-2.9685495413186254,-0.7363533422754251,0
571448,"Arenado, Nolan","STL",2025,2025,-2.007719894876733,-1.6668825882715712,-0.34083730660516165,32,1.4828163065142217,-1.8603908362638029,-1.2893080585219907,29,-0.2720189072187824,-0.06881839938637926,-2.0047560759035075,-0.5675911437355902,3
542303,"Ozuna, Marcell","ATL",2025,2025,-2.0994993843689937,-1.64075351844566,-0.4587458659233335,29,0.792600676537258,0,-2.433354194982918,29,-0.3205144777069115,-0.1382313882164222,-5.069704974978646,-0.9927915662852417,0
575929,"Contreras, Willson","STL",2025,2025,-2.128148104495578,-2.1288593557653632,0.0007112512697852601,58,1.9494885176219505,-2.4213809107150466,-1.656966962672267,53,-0.13678028274461035,0.1374915340143955,-2.3703737055578724,0.2352673632795872,5
672275,"Bailey, Patrick","SF",2025,2025,-2.185713747429021,-2.159202186894603,-0.026511560534418152,33,1.710256299308466,-1.7550415329157447,-2.1144169532873245,32,0.014124859408605597,-0.04063641994302377,-2.438584234089066,-0.48767594268145603,1
666134,"Jones, Nolan","CLE",2025,2025,-2.246168845901893,-0.8926683653366654,-1.3535004805652275,31,1.3120169086883668,-0.8333361517024123,-1.3713491223226197,23,-1.4420208064652897,0.08852032590006212,-4.5754980918605614,0.27726071260750973,8
608324,"Bregman, Alex","BOS",2025,2025,-2.2710879075294415,-0.9159580154773865,-1.3551298920520547,37,1.5860223088100196,-0.9266879707061134,-1.5752923535812908,34,-1.2147684561145682,-0.1403614359374868,-5.642030298570635,-1.0936069022395416,3
502671,"Goldschmidt, Paul","NYY",2025,2025,-2.331308924947674,-2.2966325163658357,-0.03467640858183836,47,1.60549271030738,-0.9692057946010622,-2.932919432072156,41,0.1629971294159349,-0.19767353799777337,-1.4045580931273944,-1.2754130142446114,6
664034,"France, Ty","TOR",2025,2025,-2.4361359757073187,-2.2349358527243366,-0.2012001229829819,40,2.048060926804204,-2.4192823152502876,-1.8637144642782526,39,-0.06355554915350854,-0.13764457382947326,-2.922966254475337,-0.965718424983671,1
665489,"Guerrero Jr., Vladimir","TOR",2025,2025,-2.4450811585682724,-1.279886130781648,-1.1651950277866245,57,2.7605789279906894,-1.7565821463424485,-2.2838829124298896,49,-1.1361125155326217,-0.029082512254003608,-7.155103472395119,-0.7093970415366169,8
673962,"Jung, Josh","TEX",2025,2025,-2.524745167813802,-1.2313480785353772,-1.293397089278425,33,1.2983559740299169,-0.8352503690107795,-1.6944536835545148,30,-1.1285284652015937,-0.16486862407683117,-6.221589216836317,-0.9932888478383587,3
621043,"Correa, Carlos","HOU",2025,2025,-2.6965935450592435,-1.9842818286246882,-0.7123117164345554,33,1.5754740902762139,-0.9408907592761542,-2.6188651596247476,33,-0.509497368643352,-0.20281434779120386,-6.748040708424168,-1.426241845501603,0
661388,"Contreras, William","MIL",2025,2025,-2.7790953791088224,-1.6577170635808745,-1.1213783155279482,57,1.8447971493731905,-0.8599726655482722,-2.6425415474057923,50,-0.635975964392532,-0.485402351135416,-4.985751184043004,-1.6769307946641625,7
664761,"Bohm, Alec","PHI",2025,2025,-2.81214731251184,-2.32528694473939,-0.4868603677724499,32,1.7749731729919176,-0.9279099799117624,-3.172350137819546,32,-0.3342258942910799,-0.15263447348136996,-5.127086060819157,-0.9917974298171798,0
671289,"Freeman, Tyler","COL",2025,2025,-2.815846795317474,-1.2452254719517353,-1.570621323365739,77,2.720382506383305,-2.630949172817866,-1.3346588055171735,47,-2.062436909076006,0.4918155857102673,0.46381273280553825,1.945741543795694,30
606466,"Marte, Ketel","AZ",2025,2025,-2.8922649489896446,-2.390733101933177,-0.5015318470564675,50,2.2699842592969106,-2.3929777482589216,-2.2677396129711647,46,-0.46742722339716847,-0.034104623659299484,-5.408008815446917,-0.5169008525427753,4
666182,"Bichette, Bo","TOR",2025,2025,-2.922768801055838,-1.7647748265282293,-1.157993974527609,66,2.2237061260806747,-0.8273644609161439,-3.1611164916927605,59,-0.49611481444434435,-0.6618791600832653,-4.687994696273705,-2.604246635597636,7
683737,"Busch, Michael","CHC",2025,2025,-2.975940828689542,-3.2247985552405742,0.24885772655103247,48,2.199694649547095,-2.4677323352555525,-2.9567608695321153,44,0.42222108213140913,-0.17336335558037666,-1.011358318211094,-1.3721825811000392,4
702616,"Holliday, Jackson","BAL",2025,2025,-3.061456768978163,-0.4190463945796155,-2.6424103743985476,77,2.610384399959777,-0.7591773034786485,-2.2702534910607435,48,-2.0163869641787637,-0.6260234102197829,-2.7490023533260013,-1.3625160438279535,29
663757,"Grisham, Trent","NYY",2025,2025,-3.0809082142768216,-1.7241148127461237,-1.356793401530698,32,1.08957925819186,-0.7965611608810064,-2.017132910056977,27,-1.4075740520490192,0.05078065051832179,-9.036637607909588,-0.0466685580603349,5
553993,"Suárez, Eugenio","SEA",2025,2025,-3.1574267919118966,-3.0625434196407233,-0.0948833722711734,43,1.6486671554066736,-3.4883302602448945,-1.2228803148025045,42,0.0023449936092274225,-0.09722836588040094,-3.2535322979805295,-1.0932733695825376,1
664023,"Happ, Ian","CHC",2025,2025,-3.214956647844973,-2.158942485135415,-1.0560141627095578,65,3.2827505123811442,-2.3876207988528306,-3.054072198663727,56,-0.9753607606881441,-0.08065340202141326,-5.3824542513162985,-1.0611820844172888,9
650402,"Torres, Gleyber","DET",2025,2025,-3.2415251852482094,-2.511537961308275,-0.7299872239399345,51,2.209885743072804,-3.28194369717247,-1.439480007208609,47,-0.7526359560755684,0.02264873213563392,-8.28097795182861,-0.41065546298551936,4
686797,"Lee, Brooks","MIN",2025,2025,-3.27436510989394,-2.3462644582267367,-0.9281006516672033,32,1.4759083103765471,-1.749967323563117,-2.072205445040166,28,-0.7803393686357425,-0.14776128303146066,-3.7059436257786436,-0.9483571771243847,4
502054,"Pham, Tommy","PIT",2025,2025,-3.3317446167527214,-3.174676208414516,-0.15706840833820512,33,1.1450472401523526,-2.5686537240591205,-1.7510697245077496,26,0.5806172906959352,-0.7376856990341406,-0.5232767700346928,-1.4939295743196779,7
700337,"Quero, Edgar","CWS",2025,2025,-3.373921592347522,-2.5232663226603016,-0.8506552696872203,31,1.4893868878059573,-1.7875762649581723,-2.2250769455080865,30,-0.3623601658427362,-0.4882951038444839,-3.9805018476643053,-1.465099891828333,1
592450,"Judge, Aaron","NYY",2025,2025,-3.6174072793168164,-3.248939283339302,-0.36846799597751456,66,1.9089909982247788,-1.6943266522688059,-3.463603629295275,54,0.2575939223342216,-0.6260619183117363,-0.41249775888902074,-2.411563177136845,12
663993,"Lowe, Nathaniel","BOS",2025,2025,-3.9831644699896422,-3.4657352598733087,-0.5174292101163334,28,1.1740705715273383,-1.7567262790089253,-2.8830795523917208,28,-0.3683329020059133,-0.14909630811041988,-4.595309619185385,-0.9751104388333475,0
621566,"Olson, Matt","ATL",2025,2025,-4.062753288537444,-3.719132656403928,-0.3436206321335165,48,1.5772719705028984,-2.5628508931516145,-2.7335537337552123,47,-0.24404542317507605,-0.09957520895844045,-5.751951841534202,-1.0467471689210575,1
624413,"Alonso, Pete","NYM",2025,2025,-4.138874273608598,-3.7243388150473704,-0.41453545856122814,51,2.291138958710849,-3.3763030302221235,-2.639174743536096,50,-0.2546570431304114,-0.15987841543081682,-4.266580952370279,-1.1408668211384063,1
663728,"Raleigh, Cal","SEA",2025,2025,-4.159977488035338,-2.905472108668418,-1.2545053793669196,45,2.0254770145928513,-2.4156291942052803,-2.5153199290559876,32,-1.3245626245927586,0.07005724522583795,-5.011464894732246,1.026225122631341,13
686469,"Pasquantino, Vinnie","KC",2025,2025,-4.188542870236151,-3.8041006266069632,-0.3844422436291872,45,0.9692999771925044,-1.8176825341329044,-2.9557180696665637,42,-0.16216518317176917,-0.2222770604574182,-3.6131364838719313,-1.3915481767488396,3
521692,"Perez, Salvador","KC",2025,2025,-4.504419298321691,-4.028759430093921,-0.4756598682277702,35,0.7612442067372701,-0.9643286126665574,-3.8256750241646347,35,-0.3030046142557996,-0.1726552539719703,-3.8664161137715567,-1.131717948210399,0
646240,"Devers, Rafael","SF",2025,2025,-4.798422698714203,-4.303383444325137,-0.4950392543890661,47,1.8301405665089125,-2.6794950650053946,-3.4540289458286555,46,-0.24377292816100693,-0.25126632622805906,-6.205271496519193,-1.7494112573965623,1
605137,"Bell, Josh","WSH",2025,2025,-4.891744208666785,-4.013153707947812,-0.8785905007189727,30,0.6794125345212523,-0.9746317401986407,-3.717934502270423,29,-0.7480282530403183,-0.13056224767865404,-5.665857657946272,-0.9233803967199492,1
666018,"Aranda, Jonathan","TB",2025,2025,-5.702228337719113,-4.64385881406307,-1.0583695236560433,28,0.6818577068617035,-3.4495614671652173,-1.876155053759554,27,-0.9506794995406637,-0.10769002411537913,-6.327884684682369,-0.7773351872634775,1