source,group,dataset,field_number,header,plays_column,description,url,scraped_at
cwevent,standard,,0,GAME_ID,,Game ID,https://chadwick.readthedocs.io/en/latest/cwevent.html,2025-10-21T16:24:19.638412+00:00
cwevent,standard,,1,AWAY_TEAM_ID,,Visiting team,https://chadwick.readthedocs.io/en/latest/cwevent.html,2025-10-21T16:24:19.638412+00:00
cwevent,standard,,2,INN_CT,,Inning,https://chadwick.readthedocs.io/en/latest/cwevent.html,2025-10-21T16:24:19.638412+00:00
cwevent,standard,,3,BAT_HOME_ID,,Batting team,https://chadwick.readthedocs.io/en/latest/cwevent.html,2025-10-21T16:24:19.638412+00:00
cwevent,standard,,4,OUTS_CT,,Outs,https://chadwick.readthedocs.io/en/latest/cwevent.html,2025-10-21T16:24:19.638412+00:00
cwevent,standard,,5,BALLS_CT,,Balls,https://chadwick.readthedocs.io/en/latest/cwevent.html,2025-10-21T16:24:19.638412+00:00
cwevent,standard,,6,STRIKES_CT,,Strikes,https://chadwick.readthedocs.io/en/latest/cwevent.html,2025-10-21T16:24:19.638412+00:00
cwevent,standard,,7,PITCH_SEQ_TX,,Pitch sequence,https://chadwick.readthedocs.io/en/latest/cwevent.html,2025-10-21T16:24:19.638412+00:00
cwevent,standard,,8,AWAY_SCORE_CT,,Visitor score,https://chadwick.readthedocs.io/en/latest/cwevent.html,2025-10-21T16:24:19.638412+00:00
cwevent,standard,,9,HOME_SCORE_CT,,Home score,https://chadwick.readthedocs.io/en/latest/cwevent.html,2025-10-21T16:24:19.638412+00:00
cwevent,standard,,10,BAT_ID,,Batter,https://chadwick.readthedocs.io/en/latest/cwevent.html,2025-10-21T16:24:19.638412+00:00
cwevent,standard,,11,BAT_HAND_CD,,Batter hand,https://chadwick.readthedocs.io/en/latest/cwevent.html,2025-10-21T16:24:19.638412+00:00
cwevent,standard,,12,RESP_BAT_ID,,Result batter,https://chadwick.readthedocs.io/en/latest/cwevent.html,2025-10-21T16:24:19.638412+00:00
cwevent,standard,,13,RESP_BAT_HAND_CD,,Result batter hand,https://chadwick.readthedocs.io/en/latest/cwevent.html,2025-10-21T16:24:19.638412+00:00
cwevent,standard,,14,PIT_ID,,Pitcher,https://chadwick.readthedocs.io/en/latest/cwevent.html,2025-10-21T16:24:19.638412+00:00
cwevent,standard,,15,PIT_HAND_CD,,Pitcher hand,https://chadwick.readthedocs.io/en/latest/cwevent.html,2025-10-21T16:24:19.638412+00:00
cwevent,standard,,16,RESP_PIT_ID,,Result pitcher,https://chadwick.readthedocs.io/en/latest/cwevent.html,2025-10-21T16:24:19.638412+00:00
cwevent,standard,,17,RESP_PIT_HAND_CD,,Result pitcher hand,https://chadwick.readthedocs.io/en/latest/cwevent.html,2025-10-21T16:24:19.638412+00:00
cwevent,standard,,18,POS2_FLD_ID,,Catcher,https://chadwick.readthedocs.io/en/latest/cwevent.html,2025-10-21T16:24:19.638412+00:00
cwevent,standard,,19,POS3_FLD_ID,,First baseman,https://chadwick.readthedocs.io/en/latest/cwevent.html,2025-10-21T16:24:19.638412+00:00
cwevent,standard,,20,POS4_FLD_ID,,Second baseman,https://chadwick.readthedocs.io/en/latest/cwevent.html,2025-10-21T16:24:19.638412+00:00
cwevent,standard,,21,POS5_FLD_ID,,Third baseman,https://chadwick.readthedocs.io/en/latest/cwevent.html,2025-10-21T16:24:19.638412+00:00
cwevent,standard,,22,POS6_FLD_ID,,Shortstop,https://chadwick.readthedocs.io/en/latest/cwevent.html,2025-10-21T16:24:19.638412+00:00
cwevent,standard,,23,POS7_FLD_ID,,Left fielder,https://chadwick.readthedocs.io/en/latest/cwevent.html,2025-10-21T16:24:19.638412+00:00
cwevent,standard,,24,POS8_FLD_ID,,Center fielder,https://chadwick.readthedocs.io/en/latest/cwevent.html,2025-10-21T16:24:19.638412+00:00
cwevent,standard,,25,POS9_FLD_ID,,Right fielder,https://chadwick.readthedocs.io/en/latest/cwevent.html,2025-10-21T16:24:19.638412+00:00
cwevent,standard,,26,BASE1_RUN_ID,,Runner on first,https://chadwick.readthedocs.io/en/latest/cwevent.html,2025-10-21T16:24:19.638412+00:00
cwevent,standard,,27,BASE2_RUN_ID,,Runner on second,https://chadwick.readthedocs.io/en/latest/cwevent.html,2025-10-21T16:24:19.638412+00:00
cwevent,standard,,28,BASE3_RUN_ID,,Runner on third,https://chadwick.readthedocs.io/en/latest/cwevent.html,2025-10-21T16:24:19.638412+00:00
cwevent,standard,,29,EVENT_TX,,Event text,https://chadwick.readthedocs.io/en/latest/cwevent.html,2025-10-21T16:24:19.638412+00:00
cwevent,standard,,30,LEADOFF_FL,,Leadoff flag,https://chadwick.readthedocs.io/en/latest/cwevent.html,2025-10-21T16:24:19.638412+00:00
cwevent,standard,,31,PH_FL,,Pinch-hit flag,https://chadwick.readthedocs.io/en/latest/cwevent.html,2025-10-21T16:24:19.638412+00:00
cwevent,standard,,32,BAT_FLD_CD,,Defensive position,https://chadwick.readthedocs.io/en/latest/cwevent.html,2025-10-21T16:24:19.638412+00:00
cwevent,standard,,33,BAT_LINEUP_ID,,Lineup position,https://chadwick.readthedocs.io/en/latest/cwevent.html,2025-10-21T16:24:19.638412+00:00
cwevent,standard,,34,EVENT_CD,,Event type,https://chadwick.readthedocs.io/en/latest/cwevent.html,2025-10-21T16:24:19.638412+00:00
cwevent,standard,,35,BAT_EVENT_FL,,Batter event flag,https://chadwick.readthedocs.io/en/latest/cwevent.html,2025-10-21T16:24:19.638412+00:00
cwevent,standard,,36,AB_FL,,Official time at bat flag,https://chadwick.readthedocs.io/en/latest/cwevent.html,2025-10-21T16:24:19.638412+00:00
cwevent,standard,,37,H_CD,,Hit value,https://chadwick.readthedocs.io/en/latest/cwevent.html,2025-10-21T16:24:19.638412+00:00
cwevent,standard,,38,SH_FL,,Sacrifice hit flag,https://chadwick.readthedocs.io/en/latest/cwevent.html,2025-10-21T16:24:19.638412+00:00
cwevent,standard,,39,SF_FL,,Sacrifice fly flag,https://chadwick.readthedocs.io/en/latest/cwevent.html,2025-10-21T16:24:19.638412+00:00
cwevent,standard,,40,EVENT_OUTS_CT,,Outs on play,https://chadwick.readthedocs.io/en/latest/cwevent.html,2025-10-21T16:24:19.638412+00:00
cwevent,standard,,41,DP_FL,,Double play flag,https://chadwick.readthedocs.io/en/latest/cwevent.html,2025-10-21T16:24:19.638412+00:00
cwevent,standard,,42,TP_FL,,Triple play flag,https://chadwick.readthedocs.io/en/latest/cwevent.html,2025-10-21T16:24:19.638412+00:00
cwevent,standard,,43,RBI_CT,,RBI on play,https://chadwick.readthedocs.io/en/latest/cwevent.html,2025-10-21T16:24:19.638412+00:00
cwevent,standard,,44,WP_FL,,Wild pitch flag,https://chadwick.readthedocs.io/en/latest/cwevent.html,2025-10-21T16:24:19.638412+00:00
cwevent,standard,,45,PB_FL,,Passed ball flag,https://chadwick.readthedocs.io/en/latest/cwevent.html,2025-10-21T16:24:19.638412+00:00
cwevent,standard,,46,FLD_CD,,Fielded by,https://chadwick.readthedocs.io/en/latest/cwevent.html,2025-10-21T16:24:19.638412+00:00
cwevent,standard,,47,BATTEDBALL_CD,,Batted ball type,https://chadwick.readthedocs.io/en/latest/cwevent.html,2025-10-21T16:24:19.638412+00:00
cwevent,standard,,48,BUNT_FL,,Bunt flag,https://chadwick.readthedocs.io/en/latest/cwevent.html,2025-10-21T16:24:19.638412+00:00
cwevent,standard,,49,FOUL_FL,,Foul flag,https://chadwick.readthedocs.io/en/latest/cwevent.html,2025-10-21T16:24:19.638412+00:00
cwevent,standard,,50,BATTEDBALL_LOC_TX,,Hit location,https://chadwick.readthedocs.io/en/latest/cwevent.html,2025-10-21T16:24:19.638412+00:00
cwevent,standard,,51,ERR_CT,,Number of errors,https://chadwick.readthedocs.io/en/latest/cwevent.html,2025-10-21T16:24:19.638412+00:00
cwevent,standard,,52,ERR1_FLD_CD,,1st error player,https://chadwick.readthedocs.io/en/latest/cwevent.html,2025-10-21T16:24:19.638412+00:00
cwevent,standard,,53,ERR1_CD,,1st error type,https://chadwick.readthedocs.io/en/latest/cwevent.html,2025-10-21T16:24:19.638412+00:00
cwevent,standard,,54,ERR2_FLD_CD,,2nd error player,https://chadwick.readthedocs.io/en/latest/cwevent.html,2025-10-21T16:24:19.638412+00:00
cwevent,standard,,55,ERR2_CD,,2nd error type,https://chadwick.readthedocs.io/en/latest/cwevent.html,2025-10-21T16:24:19.638412+00:00
cwevent,standard,,56,ERR3_FLD_CD,,3rd error player,https://chadwick.readthedocs.io/en/latest/cwevent.html,2025-10-21T16:24:19.638412+00:00
cwevent,standard,,57,ERR3_CD,,3rd error type,https://chadwick.readthedocs.io/en/latest/cwevent.html,2025-10-21T16:24:19.638412+00:00
cwevent,standard,,58,BAT_DEST_ID,,Batter destination,https://chadwick.readthedocs.io/en/latest/cwevent.html,2025-10-21T16:24:19.638412+00:00
cwevent,standard,,59,RUN1_DEST_ID,,Runner on first destination,https://chadwick.readthedocs.io/en/latest/cwevent.html,2025-10-21T16:24:19.638412+00:00
cwevent,standard,,60,RUN2_DEST_ID,,Runner on second destination,https://chadwick.readthedocs.io/en/latest/cwevent.html,2025-10-21T16:24:19.638412+00:00
cwevent,standard,,61,RUN3_DEST_ID,,Runner on third destination,https://chadwick.readthedocs.io/en/latest/cwevent.html,2025-10-21T16:24:19.638412+00:00
cwevent,standard,,62,BAT_PLAY_TX,,Play on batter,https://chadwick.readthedocs.io/en/latest/cwevent.html,2025-10-21T16:24:19.638412+00:00
cwevent,standard,,63,RUN1_PLAY_TX,,Play on runner on first,https://chadwick.readthedocs.io/en/latest/cwevent.html,2025-10-21T16:24:19.638412+00:00
cwevent,standard,,64,RUN2_PLAY_TX,,Play on runner on second,https://chadwick.readthedocs.io/en/latest/cwevent.html,2025-10-21T16:24:19.638412+00:00
cwevent,standard,,65,RUN3_PLAY_TX,,Play on runner on third,https://chadwick.readthedocs.io/en/latest/cwevent.html,2025-10-21T16:24:19.638412+00:00
cwevent,standard,,66,RUN1_SB_FL,,Stolen base for runner on first,https://chadwick.readthedocs.io/en/latest/cwevent.html,2025-10-21T16:24:19.638412+00:00
cwevent,standard,,67,RUN2_SB_FL,,Stolen base for runner on second,https://chadwick.readthedocs.io/en/latest/cwevent.html,2025-10-21T16:24:19.638412+00:00
cwevent,standard,,68,RUN3_SB_FL,,Stolen base for runner on third,https://chadwick.readthedocs.io/en/latest/cwevent.html,2025-10-21T16:24:19.638412+00:00
cwevent,standard,,69,RUN1_CS_FL,,Caught stealing for runner on first,https://chadwick.readthedocs.io/en/latest/cwevent.html,2025-10-21T16:24:19.638412+00:00
cwevent,standard,,70,RUN2_CS_FL,,Caught stealing for runner on second,https://chadwick.readthedocs.io/en/latest/cwevent.html,2025-10-21T16:24:19.638412+00:00
cwevent,standard,,71,RUN3_CS_FL,,Caught stealing for runner on third,https://chadwick.readthedocs.io/en/latest/cwevent.html,2025-10-21T16:24:19.638412+00:00
cwevent,standard,,72,RUN1_PK_FL,,Pickoff of runner on first,https://chadwick.readthedocs.io/en/latest/cwevent.html,2025-10-21T16:24:19.638412+00:00
cwevent,standard,,73,RUN2_PK_FL,,Pickoff of runner on second,https://chadwick.readthedocs.io/en/latest/cwevent.html,2025-10-21T16:24:19.638412+00:00
cwevent,standard,,74,RUN3_PK_FL,,Pickoff of runner on third,https://chadwick.readthedocs.io/en/latest/cwevent.html,2025-10-21T16:24:19.638412+00:00
cwevent,standard,,75,RUN1_RESP_PIT_ID,,Pitcher charged with runner on first,https://chadwick.readthedocs.io/en/latest/cwevent.html,2025-10-21T16:24:19.638412+00:00
cwevent,standard,,76,RUN2_RESP_PIT_ID,,Pitcher charged with runner on second,https://chadwick.readthedocs.io/en/latest/cwevent.html,2025-10-21T16:24:19.638412+00:00
cwevent,standard,,77,RUN3_RESP_PIT_ID,,Pitcher charged with runner on third,https://chadwick.readthedocs.io/en/latest/cwevent.html,2025-10-21T16:24:19.638412+00:00
cwevent,standard,,78,GAME_NEW_FL,,New game flag,https://chadwick.readthedocs.io/en/latest/cwevent.html,2025-10-21T16:24:19.638412+00:00
cwevent,standard,,79,GAME_END_FL,,End game flag,https://chadwick.readthedocs.io/en/latest/cwevent.html,2025-10-21T16:24:19.638412+00:00
cwevent,standard,,80,PR_RUN1_FL,,Pinch-runner on first,https://chadwick.readthedocs.io/en/latest/cwevent.html,2025-10-21T16:24:19.638412+00:00
cwevent,standard,,81,PR_RUN2_FL,,Pinch-runner on second,https://chadwick.readthedocs.io/en/latest/cwevent.html,2025-10-21T16:24:19.638412+00:00
cwevent,standard,,82,PR_RUN3_FL,,Pinch-runner on third,https://chadwick.readthedocs.io/en/latest/cwevent.html,2025-10-21T16:24:19.638412+00:00
cwevent,standard,,83,REMOVED_FOR_PR_RUN1_ID,,Runner removed for pinch-runner on first,https://chadwick.readthedocs.io/en/latest/cwevent.html,2025-10-21T16:24:19.638412+00:00
cwevent,standard,,84,REMOVED_FOR_PR_RUN2_ID,,Runner removed for pinch-runner on second,https://chadwick.readthedocs.io/en/latest/cwevent.html,2025-10-21T16:24:19.638412+00:00
cwevent,standard,,85,REMOVED_FOR_PR_RUN3_ID,,Runner removed for pinch-runner on third,https://chadwick.readthedocs.io/en/latest/cwevent.html,2025-10-21T16:24:19.638412+00:00
cwevent,standard,,86,REMOVED_FOR_PH_BAT_ID,,Batter removed for pinch-hitter,https://chadwick.readthedocs.io/en/latest/cwevent.html,2025-10-21T16:24:19.638412+00:00
cwevent,standard,,87,REMOVED_FOR_PH_BAT_FLD_CD,,Position of batter removed for pinch-hitter,https://chadwick.readthedocs.io/en/latest/cwevent.html,2025-10-21T16:24:19.638412+00:00
cwevent,standard,,88,PO1_FLD_CD,,Fielder with first putout,https://chadwick.readthedocs.io/en/latest/cwevent.html,2025-10-21T16:24:19.638412+00:00
cwevent,standard,,89,PO2_FLD_CD,,Fielder with second putout,https://chadwick.readthedocs.io/en/latest/cwevent.html,2025-10-21T16:24:19.638412+00:00
cwevent,standard,,90,PO3_FLD_CD,,Fielder with third putout,https://chadwick.readthedocs.io/en/latest/cwevent.html,2025-10-21T16:24:19.638412+00:00
cwevent,standard,,91,ASS1_FLD_CD,,Fielder with first assist,https://chadwick.readthedocs.io/en/latest/cwevent.html,2025-10-21T16:24:19.638412+00:00
cwevent,standard,,92,ASS2_FLD_CD,,Fielder with second assist,https://chadwick.readthedocs.io/en/latest/cwevent.html,2025-10-21T16:24:19.638412+00:00
cwevent,standard,,93,ASS3_FLD_CD,,Fielder with third assist,https://chadwick.readthedocs.io/en/latest/cwevent.html,2025-10-21T16:24:19.638412+00:00
cwevent,standard,,94,ASS4_FLD_CD,,Fielder with fourth assist,https://chadwick.readthedocs.io/en/latest/cwevent.html,2025-10-21T16:24:19.638412+00:00
cwevent,standard,,95,ASS5_FLD_CD,,Fielder with fifth assist,https://chadwick.readthedocs.io/en/latest/cwevent.html,2025-10-21T16:24:19.638412+00:00
cwevent,standard,,96,EVENT_ID,,Event number,https://chadwick.readthedocs.io/en/latest/cwevent.html,2025-10-21T16:24:19.638412+00:00
cwevent,standard,,0,HOME_TEAM_ID,,home team id,https://chadwick.readthedocs.io/en/latest/cwevent.html,2025-10-21T16:24:19.638412+00:00
cwevent,standard,,1,BAT_TEAM_ID,,batting team id,https://chadwick.readthedocs.io/en/latest/cwevent.html,2025-10-21T16:24:19.638412+00:00
cwevent,standard,,2,FLD_TEAM_ID,,fielding team id,https://chadwick.readthedocs.io/en/latest/cwevent.html,2025-10-21T16:24:19.638412+00:00
cwevent,standard,,3,BAT_LAST_ID,,half inning (differs from batting team if home team bats first),https://chadwick.readthedocs.io/en/latest/cwevent.html,2025-10-21T16:24:19.638412+00:00
cwevent,standard,,4,INN_NEW_FL,,start of half inning flag,https://chadwick.readthedocs.io/en/latest/cwevent.html,2025-10-21T16:24:19.638412+00:00
cwevent,standard,,5,INN_END_FL,,end of half inning flag,https://chadwick.readthedocs.io/en/latest/cwevent.html,2025-10-21T16:24:19.638412+00:00
cwevent,standard,,6,START_BAT_SCORE_CT,,score for team on offense,https://chadwick.readthedocs.io/en/latest/cwevent.html,2025-10-21T16:24:19.638412+00:00
cwevent,standard,,7,START_FLD_SCORE_CT,,score for team on defense,https://chadwick.readthedocs.io/en/latest/cwevent.html,2025-10-21T16:24:19.638412+00:00
cwevent,standard,,8,INN_RUNS_CT,,runs scored in this half inning,https://chadwick.readthedocs.io/en/latest/cwevent.html,2025-10-21T16:24:19.638412+00:00
cwevent,standard,,9,GAME_PA_CT,,number of plate appearances in game for team on offense,https://chadwick.readthedocs.io/en/latest/cwevent.html,2025-10-21T16:24:19.638412+00:00
cwevent,standard,,10,INN_PA_CT,,number of plate appearances in inning for team on offense,https://chadwick.readthedocs.io/en/latest/cwevent.html,2025-10-21T16:24:19.638412+00:00
cwevent,standard,,11,PA_NEW_FL,,start of plate appearance flag,https://chadwick.readthedocs.io/en/latest/cwevent.html,2025-10-21T16:24:19.638412+00:00
cwevent,standard,,12,PA_TRUNC_FL,,truncated plate appearance flag,https://chadwick.readthedocs.io/en/latest/cwevent.html,2025-10-21T16:24:19.638412+00:00
cwevent,standard,,13,START_BASES_CD,,base state at start of play,https://chadwick.readthedocs.io/en/latest/cwevent.html,2025-10-21T16:24:19.638412+00:00
cwevent,standard,,14,END_BASES_CD,,base state at end of play,https://chadwick.readthedocs.io/en/latest/cwevent.html,2025-10-21T16:24:19.638412+00:00
cwevent,standard,,15,BAT_START_FL,,batter is starter flag,https://chadwick.readthedocs.io/en/latest/cwevent.html,2025-10-21T16:24:19.638412+00:00
cwevent,standard,,16,RESP_BAT_START_FL,,result batter is starter flag,https://chadwick.readthedocs.io/en/latest/cwevent.html,2025-10-21T16:24:19.638412+00:00
cwevent,standard,,17,BAT_ON_DECK_ID,,ID of the batter on deck,https://chadwick.readthedocs.io/en/latest/cwevent.html,2025-10-21T16:24:19.638412+00:00
cwevent,standard,,18,BAT_IN_HOLD_ID,,ID of the batter in the hold,https://chadwick.readthedocs.io/en/latest/cwevent.html,2025-10-21T16:24:19.638412+00:00
cwevent,standard,,19,PIT_START_FL,,pitcher is starter flag,https://chadwick.readthedocs.io/en/latest/cwevent.html,2025-10-21T16:24:19.638412+00:00
cwevent,standard,,20,RESP_PIT_START_FL,,result pitcher is starter flag,https://chadwick.readthedocs.io/en/latest/cwevent.html,2025-10-21T16:24:19.638412+00:00
cwevent,standard,,21,RUN1_FLD_CD,,defensive position of runner on first,https://chadwick.readthedocs.io/en/latest/cwevent.html,2025-10-21T16:24:19.638412+00:00
cwevent,standard,,22,RUN1_LINEUP_CD,,lineup position of runner on first,https://chadwick.readthedocs.io/en/latest/cwevent.html,2025-10-21T16:24:19.638412+00:00
cwevent,standard,,23,RUN1_ORIGIN_EVENT_ID,,event number on which runner on first reached base,https://chadwick.readthedocs.io/en/latest/cwevent.html,2025-10-21T16:24:19.638412+00:00
cwevent,standard,,24,RUN2_FLD_CD,,defensive position of runner on second,https://chadwick.readthedocs.io/en/latest/cwevent.html,2025-10-21T16:24:19.638412+00:00
cwevent,standard,,25,RUN2_LINEUP_CD,,lineup position of runner on second,https://chadwick.readthedocs.io/en/latest/cwevent.html,2025-10-21T16:24:19.638412+00:00
cwevent,standard,,26,RUN2_ORIGIN_EVENT_ID,,event number on which runner on second reached base,https://chadwick.readthedocs.io/en/latest/cwevent.html,2025-10-21T16:24:19.638412+00:00
cwevent,standard,,27,RUN3_FLD_CD,,defensive position of runner on third,https://chadwick.readthedocs.io/en/latest/cwevent.html,2025-10-21T16:24:19.638412+00:00
cwevent,standard,,28,RUN3_LINEUP_CD,,lineup position of runner on third,https://chadwick.readthedocs.io/en/latest/cwevent.html,2025-10-21T16:24:19.638412+00:00
cwevent,standard,,29,RUN3_ORIGIN_EVENT_ID,,event number on which runner on third reached base,https://chadwick.readthedocs.io/en/latest/cwevent.html,2025-10-21T16:24:19.638412+00:00
cwevent,standard,,30,RUN1_RESP_CAT_ID,,responsible catcher for runner on first,https://chadwick.readthedocs.io/en/latest/cwevent.html,2025-10-21T16:24:19.638412+00:00
cwevent,standard,,31,RUN2_RESP_CAT_ID,,responsible catcher for runner on second,https://chadwick.readthedocs.io/en/latest/cwevent.html,2025-10-21T16:24:19.638412+00:00
cwevent,standard,,32,RUN3_RESP_CAT_ID,,responsible catcher for runner on third,https://chadwick.readthedocs.io/en/latest/cwevent.html,2025-10-21T16:24:19.638412+00:00
cwevent,standard,,33,PA_BALL_CT,,number of balls in plate appearance,https://chadwick.readthedocs.io/en/latest/cwevent.html,2025-10-21T16:24:19.638412+00:00
cwevent,standard,,34,PA_CALLED_BALL_CT,,number of called balls in plate appearance,https://chadwick.readthedocs.io/en/latest/cwevent.html,2025-10-21T16:24:19.638412+00:00
cwevent,standard,,35,PA_INTENT_BALL_CT,,number of intentional balls in plate appearance,https://chadwick.readthedocs.io/en/latest/cwevent.html,2025-10-21T16:24:19.638412+00:00
cwevent,standard,,36,PA_PITCHOUT_BALL_CT,,number of pitchouts in plate appearance,https://chadwick.readthedocs.io/en/latest/cwevent.html,2025-10-21T16:24:19.638412+00:00
cwevent,standard,,37,PA_HITBATTER_BALL_CT,,number of pitches hitting batter in plate appearance,https://chadwick.readthedocs.io/en/latest/cwevent.html,2025-10-21T16:24:19.638412+00:00
cwevent,standard,,38,PA_OTHER_BALL_CT,,number of other balls in plate appearance,https://chadwick.readthedocs.io/en/latest/cwevent.html,2025-10-21T16:24:19.638412+00:00
cwevent,standard,,39,PA_STRIKE_CT,,number of strikes in plate appearance,https://chadwick.readthedocs.io/en/latest/cwevent.html,2025-10-21T16:24:19.638412+00:00
cwevent,standard,,40,PA_CALLED_STRIKE_CT,,number of called strikes in plate appearance,https://chadwick.readthedocs.io/en/latest/cwevent.html,2025-10-21T16:24:19.638412+00:00
cwevent,standard,,41,PA_SWINGMISS_STRIKE_CT,,number of swinging strikes in plate appearance,https://chadwick.readthedocs.io/en/latest/cwevent.html,2025-10-21T16:24:19.638412+00:00
cwevent,standard,,42,PA_FOUL_STRIKE_CT,,number of foul balls in plate appearance,https://chadwick.readthedocs.io/en/latest/cwevent.html,2025-10-21T16:24:19.638412+00:00
cwevent,standard,,43,PA_INPLAY_STRIKE_CT,,number of balls in play in plate appearance,https://chadwick.readthedocs.io/en/latest/cwevent.html,2025-10-21T16:24:19.638412+00:00
cwevent,standard,,44,PA_OTHER_STRIKE_CT,,number of other strikes in plate appearance,https://chadwick.readthedocs.io/en/latest/cwevent.html,2025-10-21T16:24:19.638412+00:00
cwevent,standard,,45,EVENT_RUNS_CT,,number of runs on play,https://chadwick.readthedocs.io/en/latest/cwevent.html,2025-10-21T16:24:19.638412+00:00
cwevent,standard,,46,FLD_ID,,id of player fielding batted ball,https://chadwick.readthedocs.io/en/latest/cwevent.html,2025-10-21T16:24:19.638412+00:00
cwevent,standard,,47,BASE2_FORCE_FL,,force play at second flag,https://chadwick.readthedocs.io/en/latest/cwevent.html,2025-10-21T16:24:19.638412+00:00
cwevent,standard,,48,BASE3_FORCE_FL,,force play at third flag,https://chadwick.readthedocs.io/en/latest/cwevent.html,2025-10-21T16:24:19.638412+00:00
cwevent,standard,,49,BASE4_FORCE_FL,,force play at home flag,https://chadwick.readthedocs.io/en/latest/cwevent.html,2025-10-21T16:24:19.638412+00:00
cwevent,standard,,50,BAT_SAFE_ERR_FL,,batter safe on error flag,https://chadwick.readthedocs.io/en/latest/cwevent.html,2025-10-21T16:24:19.638412+00:00
cwevent,standard,,51,BAT_FATE_ID,,fate of batter (base ultimately advanced to),https://chadwick.readthedocs.io/en/latest/cwevent.html,2025-10-21T16:24:19.638412+00:00
cwevent,standard,,52,RUN1_FATE_ID,,fate of runner on first,https://chadwick.readthedocs.io/en/latest/cwevent.html,2025-10-21T16:24:19.638412+00:00
cwevent,standard,,53,RUN2_FATE_ID,,fate of runner on second,https://chadwick.readthedocs.io/en/latest/cwevent.html,2025-10-21T16:24:19.638412+00:00
cwevent,standard,,54,RUN3_FATE_ID,,fate of runner on third,https://chadwick.readthedocs.io/en/latest/cwevent.html,2025-10-21T16:24:19.638412+00:00
cwevent,standard,,55,FATE_RUNS_CT,,runs scored in half inning after this event,https://chadwick.readthedocs.io/en/latest/cwevent.html,2025-10-21T16:24:19.638412+00:00
cwevent,standard,,56,ASS6_FLD_CD,,fielder with sixth assist,https://chadwick.readthedocs.io/en/latest/cwevent.html,2025-10-21T16:24:19.638412+00:00
cwevent,standard,,57,ASS7_FLD_CD,,fielder with seventh assist,https://chadwick.readthedocs.io/en/latest/cwevent.html,2025-10-21T16:24:19.638412+00:00
cwevent,standard,,58,ASS8_FLD_CD,,fielder with eighth assist,https://chadwick.readthedocs.io/en/latest/cwevent.html,2025-10-21T16:24:19.638412+00:00
cwevent,standard,,59,ASS9_FLD_CD,,fielder with ninth assist,https://chadwick.readthedocs.io/en/latest/cwevent.html,2025-10-21T16:24:19.638412+00:00
cwevent,standard,,60,ASS10_FLD_CD,,fielder with tenth assist,https://chadwick.readthedocs.io/en/latest/cwevent.html,2025-10-21T16:24:19.638412+00:00
cwevent,standard,,61,UNKNOWN_OUT_EXC_FL,,unknown fielding credit flag,https://chadwick.readthedocs.io/en/latest/cwevent.html,2025-10-21T16:24:19.638412+00:00
cwevent,standard,,62,UNCERTAIN_PLAY_EXC_FL,,uncertain play flag,https://chadwick.readthedocs.io/en/latest/cwevent.html,2025-10-21T16:24:19.638412+00:00
cwevent,standard,,63,COUNT_TX,,text of count as appears in event file,https://chadwick.readthedocs.io/en/latest/cwevent.html,2025-10-21T16:24:19.638412+00:00
cwgame,standard,,0,GAME_ID,,Game ID,https://chadwick.sourceforge.net/doc/cwgame.html,2025-10-21T16:24:19.638412+00:00
cwgame,standard,,1,GAME_DT,,Date,https://chadwick.sourceforge.net/doc/cwgame.html,2025-10-21T16:24:19.638412+00:00
cwgame,standard,,2,GAME_CT,,Game number,https://chadwick.sourceforge.net/doc/cwgame.html,2025-10-21T16:24:19.638412+00:00
cwgame,standard,,3,GAME_DY,,Day of week,https://chadwick.sourceforge.net/doc/cwgame.html,2025-10-21T16:24:19.638412+00:00
cwgame,standard,,4,START_GAME_TM,,Start time,https://chadwick.sourceforge.net/doc/cwgame.html,2025-10-21T16:24:19.638412+00:00
cwgame,standard,,5,DH_FL,,DH used flag,https://chadwick.sourceforge.net/doc/cwgame.html,2025-10-21T16:24:19.638412+00:00
cwgame,standard,,6,DAYNIGHT_PARK_CD,,Day/night flag,https://chadwick.sourceforge.net/doc/cwgame.html,2025-10-21T16:24:19.638412+00:00
cwgame,standard,,7,AWAY_TEAM_ID,,Visiting team,https://chadwick.sourceforge.net/doc/cwgame.html,2025-10-21T16:24:19.638412+00:00
cwgame,standard,,8,HOME_TEAM_ID,,Home team,https://chadwick.sourceforge.net/doc/cwgame.html,2025-10-21T16:24:19.638412+00:00
cwgame,standard,,9,PARK_ID,,Game site,https://chadwick.sourceforge.net/doc/cwgame.html,2025-10-21T16:24:19.638412+00:00
cwgame,standard,,10,AWAY_START_PIT_ID,,Visitors starting pitcher,https://chadwick.sourceforge.net/doc/cwgame.html,2025-10-21T16:24:19.638412+00:00
cwgame,standard,,11,HOME_START_PIT_ID,,Home starting pitcher,https://chadwick.sourceforge.net/doc/cwgame.html,2025-10-21T16:24:19.638412+00:00
cwgame,standard,,12,BASE4_UMP_ID,,Home plate umpire,https://chadwick.sourceforge.net/doc/cwgame.html,2025-10-21T16:24:19.638412+00:00
cwgame,standard,,13,BASE1_UMP_ID,,First base umpire,https://chadwick.sourceforge.net/doc/cwgame.html,2025-10-21T16:24:19.638412+00:00
cwgame,standard,,14,BASE2_UMP_ID,,Second base umpire,https://chadwick.sourceforge.net/doc/cwgame.html,2025-10-21T16:24:19.638412+00:00
cwgame,standard,,15,BASE3_UMP_ID,,Third base umpire,https://chadwick.sourceforge.net/doc/cwgame.html,2025-10-21T16:24:19.638412+00:00
cwgame,standard,,16,LF_UMP_ID,,Left field umpire,https://chadwick.sourceforge.net/doc/cwgame.html,2025-10-21T16:24:19.638412+00:00
cwgame,standard,,17,RF_UMP_ID,,Right field umpire,https://chadwick.sourceforge.net/doc/cwgame.html,2025-10-21T16:24:19.638412+00:00
cwgame,standard,,18,ATTEND_PARK_CT,,Attendance,https://chadwick.sourceforge.net/doc/cwgame.html,2025-10-21T16:24:19.638412+00:00
cwgame,standard,,19,SCORER_RECORD_ID,,PS scorer,https://chadwick.sourceforge.net/doc/cwgame.html,2025-10-21T16:24:19.638412+00:00
cwgame,standard,,20,TRANSLATOR_RECORD_ID,,Translator,https://chadwick.sourceforge.net/doc/cwgame.html,2025-10-21T16:24:19.638412+00:00
cwgame,standard,,21,INPUTTER_RECORD_ID,,Inputter,https://chadwick.sourceforge.net/doc/cwgame.html,2025-10-21T16:24:19.638412+00:00
cwgame,standard,,22,INPUT_RECORD_TS,,Input time,https://chadwick.sourceforge.net/doc/cwgame.html,2025-10-21T16:24:19.638412+00:00
cwgame,standard,,23,EDIT_RECORD_TS,,Edit time,https://chadwick.sourceforge.net/doc/cwgame.html,2025-10-21T16:24:19.638412+00:00
cwgame,standard,,24,METHOD_RECORD_CD,,How scored,https://chadwick.sourceforge.net/doc/cwgame.html,2025-10-21T16:24:19.638412+00:00
cwgame,standard,,25,PITCHES_RECORD_CD,,Pitches entered,https://chadwick.sourceforge.net/doc/cwgame.html,2025-10-21T16:24:19.638412+00:00
cwgame,standard,,26,TEMP_PARK_CT,,Temperature,https://chadwick.sourceforge.net/doc/cwgame.html,2025-10-21T16:24:19.638412+00:00
cwgame,standard,,27,WIND_DIRECTION_PARK_CD,,Wind direction,https://chadwick.sourceforge.net/doc/cwgame.html,2025-10-21T16:24:19.638412+00:00
cwgame,standard,,28,WIND_SPEED_PARK_CT,,Wind speed,https://chadwick.sourceforge.net/doc/cwgame.html,2025-10-21T16:24:19.638412+00:00
cwgame,standard,,29,FIELD_PARK_CD,,Field condition,https://chadwick.sourceforge.net/doc/cwgame.html,2025-10-21T16:24:19.638412+00:00
cwgame,standard,,30,PRECIP_PARK_CD,,Precipitation,https://chadwick.sourceforge.net/doc/cwgame.html,2025-10-21T16:24:19.638412+00:00
cwgame,standard,,31,SKY_PARK_CD,,Sky,https://chadwick.sourceforge.net/doc/cwgame.html,2025-10-21T16:24:19.638412+00:00
cwgame,standard,,32,MINUTES_GAME_CT,,Time of game,https://chadwick.sourceforge.net/doc/cwgame.html,2025-10-21T16:24:19.638412+00:00
cwgame,standard,,33,INN_CT,,Number of innings,https://chadwick.sourceforge.net/doc/cwgame.html,2025-10-21T16:24:19.638412+00:00
cwgame,standard,,34,AWAY_SCORE_CT,,Visitor final score,https://chadwick.sourceforge.net/doc/cwgame.html,2025-10-21T16:24:19.638412+00:00
cwgame,standard,,35,HOME_SCORE_CT,,Home final score,https://chadwick.sourceforge.net/doc/cwgame.html,2025-10-21T16:24:19.638412+00:00
cwgame,standard,,36,AWAY_HITS_CT,,Visitor hits,https://chadwick.sourceforge.net/doc/cwgame.html,2025-10-21T16:24:19.638412+00:00
cwgame,standard,,37,HOME_HITS_CT,,Home hits,https://chadwick.sourceforge.net/doc/cwgame.html,2025-10-21T16:24:19.638412+00:00
cwgame,standard,,38,AWAY_ERR_CT,,Visitor errors,https://chadwick.sourceforge.net/doc/cwgame.html,2025-10-21T16:24:19.638412+00:00
cwgame,standard,,39,HOME_ERR_CT,,Home errors,https://chadwick.sourceforge.net/doc/cwgame.html,2025-10-21T16:24:19.638412+00:00
cwgame,standard,,40,AWAY_LOB_CT,,Visitor left on base,https://chadwick.sourceforge.net/doc/cwgame.html,2025-10-21T16:24:19.638412+00:00
cwgame,standard,,41,HOME_LOB_CT,,Home left on base,https://chadwick.sourceforge.net/doc/cwgame.html,2025-10-21T16:24:19.638412+00:00
cwgame,standard,,42,WIN_PIT_ID,,Winning pitcher,https://chadwick.sourceforge.net/doc/cwgame.html,2025-10-21T16:24:19.638412+00:00
cwgame,standard,,43,LOSE_PIT_ID,,Losing pitcher,https://chadwick.sourceforge.net/doc/cwgame.html,2025-10-21T16:24:19.638412+00:00
cwgame,standard,,44,SAVE_PIT_ID,,Save,https://chadwick.sourceforge.net/doc/cwgame.html,2025-10-21T16:24:19.638412+00:00
cwgame,standard,,45,GWRBI_BAT_ID,,Game-winning RBI,https://chadwick.sourceforge.net/doc/cwgame.html,2025-10-21T16:24:19.638412+00:00
cwgame,standard,,46,AWAY_LINEUP1_BAT_ID,,Visitor batter 1,https://chadwick.sourceforge.net/doc/cwgame.html,2025-10-21T16:24:19.638412+00:00
cwgame,standard,,47,AWAY_LINEUP1_FLD_CD,,Visitor batter 1 position,https://chadwick.sourceforge.net/doc/cwgame.html,2025-10-21T16:24:19.638412+00:00
cwgame,standard,,48,AWAY_LINEUP2_BAT_ID,,Visitor batter 2,https://chadwick.sourceforge.net/doc/cwgame.html,2025-10-21T16:24:19.638412+00:00
cwgame,standard,,49,AWAY_LINEUP2_FLD_CD,,Visitor batter 2 position,https://chadwick.sourceforge.net/doc/cwgame.html,2025-10-21T16:24:19.638412+00:00
cwgame,standard,,50,AWAY_LINEUP3_BAT_ID,,Visitor batter 3,https://chadwick.sourceforge.net/doc/cwgame.html,2025-10-21T16:24:19.638412+00:00
cwgame,standard,,51,AWAY_LINEUP3_FLD_CD,,Visitor batter 3 position,https://chadwick.sourceforge.net/doc/cwgame.html,2025-10-21T16:24:19.638412+00:00
cwgame,standard,,52,AWAY_LINEUP4_BAT_ID,,Visitor batter 4,https://chadwick.sourceforge.net/doc/cwgame.html,2025-10-21T16:24:19.638412+00:00
cwgame,standard,,53,AWAY_LINEUP4_FLD_CD,,Visitor batter 4 position,https://chadwick.sourceforge.net/doc/cwgame.html,2025-10-21T16:24:19.638412+00:00
cwgame,standard,,54,AWAY_LINEUP5_BAT_ID,,Visitor batter 5,https://chadwick.sourceforge.net/doc/cwgame.html,2025-10-21T16:24:19.638412+00:00
cwgame,standard,,55,AWAY_LINEUP5_FLD_CD,,Visitor batter 5 position,https://chadwick.sourceforge.net/doc/cwgame.html,2025-10-21T16:24:19.638412+00:00
cwgame,standard,,56,AWAY_LINEUP6_BAT_ID,,Visitor batter 6,https://chadwick.sourceforge.net/doc/cwgame.html,2025-10-21T16:24:19.638412+00:00
cwgame,standard,,57,AWAY_LINEUP6_FLD_CD,,Visitor batter 6 position,https://chadwick.sourceforge.net/doc/cwgame.html,2025-10-21T16:24:19.638412+00:00
cwgame,standard,,58,AWAY_LINEUP7_BAT_ID,,Visitor batter 7,https://chadwick.sourceforge.net/doc/cwgame.html,2025-10-21T16:24:19.638412+00:00
cwgame,standard,,59,AWAY_LINEUP7_FLD_CD,,Visitor batter 7 position,https://chadwick.sourceforge.net/doc/cwgame.html,2025-10-21T16:24:19.638412+00:00
cwgame,standard,,60,AWAY_LINEUP8_BAT_ID,,Visitor batter 8,https://chadwick.sourceforge.net/doc/cwgame.html,2025-10-21T16:24:19.638412+00:00
cwgame,standard,,61,AWAY_LINEUP8_FLD_CD,,Visitor batter 8 position,https://chadwick.sourceforge.net/doc/cwgame.html,2025-10-21T16:24:19.638412+00:00
cwgame,standard,,62,AWAY_LINEUP9_BAT_ID,,Visitor batter 9,https://chadwick.sourceforge.net/doc/cwgame.html,2025-10-21T16:24:19.638412+00:00
cwgame,standard,,63,AWAY_LINEUP9_FLD_CD,,Visitor batter 9 position,https://chadwick.sourceforge.net/doc/cwgame.html,2025-10-21T16:24:19.638412+00:00
cwgame,standard,,64,HOME_LINEUP1_BAT_ID,,Home batter 1,https://chadwick.sourceforge.net/doc/cwgame.html,2025-10-21T16:24:19.638412+00:00
cwgame,standard,,65,HOME_LINEUP1_FLD_CD,,Home batter 1 position,https://chadwick.sourceforge.net/doc/cwgame.html,2025-10-21T16:24:19.638412+00:00
cwgame,standard,,66,HOME_LINEUP2_BAT_ID,,Home batter 2,https://chadwick.sourceforge.net/doc/cwgame.html,2025-10-21T16:24:19.638412+00:00
cwgame,standard,,67,HOME_LINEUP2_FLD_CD,,Home batter 2 position,https://chadwick.sourceforge.net/doc/cwgame.html,2025-10-21T16:24:19.638412+00:00
cwgame,standard,,68,HOME_LINEUP3_BAT_ID,,Home batter 3,https://chadwick.sourceforge.net/doc/cwgame.html,2025-10-21T16:24:19.638412+00:00
cwgame,standard,,69,HOME_LINEUP3_FLD_CD,,Home batter 3 position,https://chadwick.sourceforge.net/doc/cwgame.html,2025-10-21T16:24:19.638412+00:00
cwgame,standard,,70,HOME_LINEUP4_BAT_ID,,Home batter 4,https://chadwick.sourceforge.net/doc/cwgame.html,2025-10-21T16:24:19.638412+00:00
cwgame,standard,,71,HOME_LINEUP4_FLD_CD,,Home batter 4 position,https://chadwick.sourceforge.net/doc/cwgame.html,2025-10-21T16:24:19.638412+00:00
cwgame,standard,,72,HOME_LINEUP5_BAT_ID,,Home batter 5,https://chadwick.sourceforge.net/doc/cwgame.html,2025-10-21T16:24:19.638412+00:00
cwgame,standard,,73,HOME_LINEUP5_FLD_CD,,Home batter 5 position,https://chadwick.sourceforge.net/doc/cwgame.html,2025-10-21T16:24:19.638412+00:00
cwgame,standard,,74,HOME_LINEUP6_BAT_ID,,Home batter 6,https://chadwick.sourceforge.net/doc/cwgame.html,2025-10-21T16:24:19.638412+00:00
cwgame,standard,,75,HOME_LINEUP6_FLD_CD,,Home batter 6 position,https://chadwick.sourceforge.net/doc/cwgame.html,2025-10-21T16:24:19.638412+00:00
cwgame,standard,,76,HOME_LINEUP7_BAT_ID,,Home batter 7,https://chadwick.sourceforge.net/doc/cwgame.html,2025-10-21T16:24:19.638412+00:00
cwgame,standard,,77,HOME_LINEUP7_FLD_CD,,Home batter 7 position,https://chadwick.sourceforge.net/doc/cwgame.html,2025-10-21T16:24:19.638412+00:00
cwgame,standard,,78,HOME_LINEUP8_BAT_ID,,Home batter 8,https://chadwick.sourceforge.net/doc/cwgame.html,2025-10-21T16:24:19.638412+00:00
cwgame,standard,,79,HOME_LINEUP8_FLD_CD,,Home batter 8 position,https://chadwick.sourceforge.net/doc/cwgame.html,2025-10-21T16:24:19.638412+00:00
cwgame,standard,,80,HOME_LINEUP9_BAT_ID,,Home batter 9,https://chadwick.sourceforge.net/doc/cwgame.html,2025-10-21T16:24:19.638412+00:00
cwgame,standard,,81,HOME_LINEUP9_FLD_CD,,Home batter 9 position,https://chadwick.sourceforge.net/doc/cwgame.html,2025-10-21T16:24:19.638412+00:00
cwgame,standard,,82,AWAY_FINISH_PIT_ID,,Visitor finishing pitcher,https://chadwick.sourceforge.net/doc/cwgame.html,2025-10-21T16:24:19.638412+00:00
cwgame,standard,,83,HOME_FINISH_PIT_ID,,Home finishing pitcher,https://chadwick.sourceforge.net/doc/cwgame.html,2025-10-21T16:24:19.638412+00:00
cwgame,standard,,0,AWAY_TEAM_LEAGUE_ID,,visiting team league,https://chadwick.sourceforge.net/doc/cwgame.html,2025-10-21T16:24:19.638412+00:00
cwgame,standard,,1,HOME_TEAM_LEAGUE_ID,,home team league,https://chadwick.sourceforge.net/doc/cwgame.html,2025-10-21T16:24:19.638412+00:00
cwgame,standard,,2,AWAY_TEAM_GAME_CT,,visiting team game number,https://chadwick.sourceforge.net/doc/cwgame.html,2025-10-21T16:24:19.638412+00:00
cwgame,standard,,3,HOME_TEAM_GAME_CT,,home team game number,https://chadwick.sourceforge.net/doc/cwgame.html,2025-10-21T16:24:19.638412+00:00
cwgame,standard,,4,OUTS_CT,,length of game in outs,https://chadwick.sourceforge.net/doc/cwgame.html,2025-10-21T16:24:19.638412+00:00
cwgame,standard,,5,COMPLETION_TX,,information on completion of game,https://chadwick.sourceforge.net/doc/cwgame.html,2025-10-21T16:24:19.638412+00:00
cwgame,standard,,6,FORFEIT_TX,,information on forfeit of game,https://chadwick.sourceforge.net/doc/cwgame.html,2025-10-21T16:24:19.638412+00:00
cwgame,standard,,7,PROTEST_TX,,information on protest of game,https://chadwick.sourceforge.net/doc/cwgame.html,2025-10-21T16:24:19.638412+00:00
cwgame,standard,,8,AWAY_LINE_TX,,visiting team linescore,https://chadwick.sourceforge.net/doc/cwgame.html,2025-10-21T16:24:19.638412+00:00
cwgame,standard,,9,HOME_LINE_TX,,home team linescore,https://chadwick.sourceforge.net/doc/cwgame.html,2025-10-21T16:24:19.638412+00:00
cwgame,standard,,10,AWAY_AB_CT,,visiting team AB,https://chadwick.sourceforge.net/doc/cwgame.html,2025-10-21T16:24:19.638412+00:00
cwgame,standard,,11,AWAY_2B_CT,,visiting team 2B,https://chadwick.sourceforge.net/doc/cwgame.html,2025-10-21T16:24:19.638412+00:00
cwgame,standard,,12,AWAY_3B_CT,,visiting team 3B,https://chadwick.sourceforge.net/doc/cwgame.html,2025-10-21T16:24:19.638412+00:00
cwgame,standard,,13,AWAY_HR_CT,,visiting team HR,https://chadwick.sourceforge.net/doc/cwgame.html,2025-10-21T16:24:19.638412+00:00
cwgame,standard,,14,AWAY_BI_CT,,visiting team RBI,https://chadwick.sourceforge.net/doc/cwgame.html,2025-10-21T16:24:19.638412+00:00
cwgame,standard,,15,AWAY_SH_CT,,visiting team SH,https://chadwick.sourceforge.net/doc/cwgame.html,2025-10-21T16:24:19.638412+00:00
cwgame,standard,,16,AWAY_SF_CT,,visiting team SF,https://chadwick.sourceforge.net/doc/cwgame.html,2025-10-21T16:24:19.638412+00:00
cwgame,standard,,17,AWAY_HP_CT,,visiting team HP,https://chadwick.sourceforge.net/doc/cwgame.html,2025-10-21T16:24:19.638412+00:00
cwgame,standard,,18,AWAY_BB_CT,,visiting team BB,https://chadwick.sourceforge.net/doc/cwgame.html,2025-10-21T16:24:19.638412+00:00
cwgame,standard,,19,AWAY_IBB_CT,,visiting team IBB,https://chadwick.sourceforge.net/doc/cwgame.html,2025-10-21T16:24:19.638412+00:00
cwgame,standard,,20,AWAY_SO_CT,,visiting team SO,https://chadwick.sourceforge.net/doc/cwgame.html,2025-10-21T16:24:19.638412+00:00
cwgame,standard,,21,AWAY_SB_CT,,visiting team SB,https://chadwick.sourceforge.net/doc/cwgame.html,2025-10-21T16:24:19.638412+00:00
cwgame,standard,,22,AWAY_CS_CT,,visiting team CS,https://chadwick.sourceforge.net/doc/cwgame.html,2025-10-21T16:24:19.638412+00:00
cwgame,standard,,23,AWAY_GDP_CT,,visiting team GDP,https://chadwick.sourceforge.net/doc/cwgame.html,2025-10-21T16:24:19.638412+00:00
cwgame,standard,,24,AWAY_XI_CT,,visiting team reach on interference,https://chadwick.sourceforge.net/doc/cwgame.html,2025-10-21T16:24:19.638412+00:00
cwgame,standard,,25,AWAY_PITCHER_CT,,number of pitchers used by visiting team,https://chadwick.sourceforge.net/doc/cwgame.html,2025-10-21T16:24:19.638412+00:00
cwgame,standard,,26,AWAY_ER_CT,,visiting team individual ER allowed,https://chadwick.sourceforge.net/doc/cwgame.html,2025-10-21T16:24:19.638412+00:00
cwgame,standard,,27,AWAY_TER_CT,,visiting team team ER allowed,https://chadwick.sourceforge.net/doc/cwgame.html,2025-10-21T16:24:19.638412+00:00
cwgame,standard,,28,AWAY_WP_CT,,visiting team WP,https://chadwick.sourceforge.net/doc/cwgame.html,2025-10-21T16:24:19.638412+00:00
cwgame,standard,,29,AWAY_BK_CT,,visiting team BK,https://chadwick.sourceforge.net/doc/cwgame.html,2025-10-21T16:24:19.638412+00:00
cwgame,standard,,30,AWAY_PO_CT,,visiting team PO,https://chadwick.sourceforge.net/doc/cwgame.html,2025-10-21T16:24:19.638412+00:00
cwgame,standard,,31,AWAY_A_CT,,visiting team A,https://chadwick.sourceforge.net/doc/cwgame.html,2025-10-21T16:24:19.638412+00:00
cwgame,standard,,32,AWAY_PB_CT,,visiting team PB,https://chadwick.sourceforge.net/doc/cwgame.html,2025-10-21T16:24:19.638412+00:00
cwgame,standard,,33,AWAY_DP_CT,,visiting team DP,https://chadwick.sourceforge.net/doc/cwgame.html,2025-10-21T16:24:19.638412+00:00
cwgame,standard,,34,AWAY_TP_CT,,visiting team TP,https://chadwick.sourceforge.net/doc/cwgame.html,2025-10-21T16:24:19.638412+00:00
cwgame,standard,,35,HOME_AB_CT,,home team AB,https://chadwick.sourceforge.net/doc/cwgame.html,2025-10-21T16:24:19.638412+00:00
cwgame,standard,,36,HOME_2B_CT,,home team 2B,https://chadwick.sourceforge.net/doc/cwgame.html,2025-10-21T16:24:19.638412+00:00
cwgame,standard,,37,HOME_3B_CT,,home team 3B,https://chadwick.sourceforge.net/doc/cwgame.html,2025-10-21T16:24:19.638412+00:00
cwgame,standard,,38,HOME_HR_CT,,home team HR,https://chadwick.sourceforge.net/doc/cwgame.html,2025-10-21T16:24:19.638412+00:00
cwgame,standard,,39,HOME_RBI_CT,,home team RBI,https://chadwick.sourceforge.net/doc/cwgame.html,2025-10-21T16:24:19.638412+00:00
cwgame,standard,,40,HOME_SH_CT,,home team SH,https://chadwick.sourceforge.net/doc/cwgame.html,2025-10-21T16:24:19.638412+00:00
cwgame,standard,,41,HOME_SF_CT,,home team SF,https://chadwick.sourceforge.net/doc/cwgame.html,2025-10-21T16:24:19.638412+00:00
cwgame,standard,,42,HOME_HP_CT,,home team HP,https://chadwick.sourceforge.net/doc/cwgame.html,2025-10-21T16:24:19.638412+00:00
cwgame,standard,,43,HOME_BB_CT,,home team BB,https://chadwick.sourceforge.net/doc/cwgame.html,2025-10-21T16:24:19.638412+00:00
cwgame,standard,,44,HOME_IBB_CT,,home team IBB,https://chadwick.sourceforge.net/doc/cwgame.html,2025-10-21T16:24:19.638412+00:00
cwgame,standard,,45,HOME_SO_CT,,home team SO,https://chadwick.sourceforge.net/doc/cwgame.html,2025-10-21T16:24:19.638412+00:00
cwgame,standard,,46,HOME_SB_CT,,home team SB,https://chadwick.sourceforge.net/doc/cwgame.html,2025-10-21T16:24:19.638412+00:00
cwgame,standard,,47,HOME_CS_CT,,home team CS,https://chadwick.sourceforge.net/doc/cwgame.html,2025-10-21T16:24:19.638412+00:00
cwgame,standard,,48,HOME_GDP_CT,,home team GDP,https://chadwick.sourceforge.net/doc/cwgame.html,2025-10-21T16:24:19.638412+00:00
cwgame,standard,,49,HOME_XI_CT,,home team reach on interference,https://chadwick.sourceforge.net/doc/cwgame.html,2025-10-21T16:24:19.638412+00:00
cwgame,standard,,50,HOME_PITCHER_CT,,number of pitchers used by home team,https://chadwick.sourceforge.net/doc/cwgame.html,2025-10-21T16:24:19.638412+00:00
cwgame,standard,,51,HOME_ER_CT,,home team individual ER allowed,https://chadwick.sourceforge.net/doc/cwgame.html,2025-10-21T16:24:19.638412+00:00
cwgame,standard,,52,HOME_TER_CT,,home team team ER allowed,https://chadwick.sourceforge.net/doc/cwgame.html,2025-10-21T16:24:19.638412+00:00
cwgame,standard,,53,HOME_WP_CT,,home team WP,https://chadwick.sourceforge.net/doc/cwgame.html,2025-10-21T16:24:19.638412+00:00
cwgame,standard,,54,HOME_BK_CT,,home team BK,https://chadwick.sourceforge.net/doc/cwgame.html,2025-10-21T16:24:19.638412+00:00
cwgame,standard,,55,HOME_PO_CT,,home team PO,https://chadwick.sourceforge.net/doc/cwgame.html,2025-10-21T16:24:19.638412+00:00
cwgame,standard,,56,HOME_A_CT,,home team A,https://chadwick.sourceforge.net/doc/cwgame.html,2025-10-21T16:24:19.638412+00:00
cwgame,standard,,57,HOME_PB_CT,,home team PB,https://chadwick.sourceforge.net/doc/cwgame.html,2025-10-21T16:24:19.638412+00:00
cwgame,standard,,58,HOME_DP_CT,,home team DP,https://chadwick.sourceforge.net/doc/cwgame.html,2025-10-21T16:24:19.638412+00:00
cwgame,standard,,59,HOME_TP_CT,,home team TP,https://chadwick.sourceforge.net/doc/cwgame.html,2025-10-21T16:24:19.638412+00:00
cwgame,standard,,60,UMP_HOME_NAME_TX,,home plate umpire name,https://chadwick.sourceforge.net/doc/cwgame.html,2025-10-21T16:24:19.638412+00:00
cwgame,standard,,61,UMP_1B_NAME_TX,,first base umpire name,https://chadwick.sourceforge.net/doc/cwgame.html,2025-10-21T16:24:19.638412+00:00
cwgame,standard,,62,UMP_2B_NAME_TX,,second base umpire name,https://chadwick.sourceforge.net/doc/cwgame.html,2025-10-21T16:24:19.638412+00:00
cwgame,standard,,63,UMP_3B_NAME_TX,,third base umpire name,https://chadwick.sourceforge.net/doc/cwgame.html,2025-10-21T16:24:19.638412+00:00
cwgame,standard,,64,UMP_LF_NAME_TX,,left field umpire name,https://chadwick.sourceforge.net/doc/cwgame.html,2025-10-21T16:24:19.638412+00:00
cwgame,standard,,65,UMP_RF_NAME_TX,,right field umpire name,https://chadwick.sourceforge.net/doc/cwgame.html,2025-10-21T16:24:19.638412+00:00
cwgame,standard,,66,AWAY_MANAGER_ID,,visitors manager ID,https://chadwick.sourceforge.net/doc/cwgame.html,2025-10-21T16:24:19.638412+00:00
cwgame,standard,,67,AWAY_MANAGER_NAME_TX,,visitors manager name,https://chadwick.sourceforge.net/doc/cwgame.html,2025-10-21T16:24:19.638412+00:00
cwgame,standard,,68,HOME_MANAGER_ID,,home manager ID,https://chadwick.sourceforge.net/doc/cwgame.html,2025-10-21T16:24:19.638412+00:00
cwgame,standard,,69,HOME_MANAGER_NAME_TX,,home manager name,https://chadwick.sourceforge.net/doc/cwgame.html,2025-10-21T16:24:19.638412+00:00
cwgame,standard,,70,WIN_PIT_NAME_TX,,winning pitcher name,https://chadwick.sourceforge.net/doc/cwgame.html,2025-10-21T16:24:19.638412+00:00
cwgame,standard,,71,LOSE_PIT_NAME_TX,,losing pitcher name,https://chadwick.sourceforge.net/doc/cwgame.html,2025-10-21T16:24:19.638412+00:00
cwgame,standard,,72,SAVE_PIT_NAME_TX,,save pitcher name,https://chadwick.sourceforge.net/doc/cwgame.html,2025-10-21T16:24:19.638412+00:00
cwgame,standard,,73,GOAHEAD_RBI_ID,,batter with goahead RBI ID,https://chadwick.sourceforge.net/doc/cwgame.html,2025-10-21T16:24:19.638412+00:00
cwgame,standard,,74,GOAHEAD_RBI_NAME_TX,,batter with goahead RBI,https://chadwick.sourceforge.net/doc/cwgame.html,2025-10-21T16:24:19.638412+00:00
cwgame,standard,,75,AWAY_LINEUP1_BAT_NAME_TX,,visitor batter 1 name,https://chadwick.sourceforge.net/doc/cwgame.html,2025-10-21T16:24:19.638412+00:00
cwgame,standard,,76,AWAY_LINEUP2_BAT_NAME_TX,,visitor batter 2 name,https://chadwick.sourceforge.net/doc/cwgame.html,2025-10-21T16:24:19.638412+00:00
cwgame,standard,,77,AWAY_LINEUP3_BAT_NAME_TX,,visitor batter 3 name,https://chadwick.sourceforge.net/doc/cwgame.html,2025-10-21T16:24:19.638412+00:00
cwgame,standard,,78,AWAY_LINEUP4_BAT_NAME_TX,,visitor batter 4 name,https://chadwick.sourceforge.net/doc/cwgame.html,2025-10-21T16:24:19.638412+00:00
cwgame,standard,,79,AWAY_LINEUP5_BAT_NAME_TX,,visitor batter 5 name,https://chadwick.sourceforge.net/doc/cwgame.html,2025-10-21T16:24:19.638412+00:00
cwgame,standard,,80,AWAY_LINEUP6_BAT_NAME_TX,,visitor batter 6 name,https://chadwick.sourceforge.net/doc/cwgame.html,2025-10-21T16:24:19.638412+00:00
cwgame,standard,,81,AWAY_LINEUP7_BAT_NAME_TX,,visitor batter 7 name,https://chadwick.sourceforge.net/doc/cwgame.html,2025-10-21T16:24:19.638412+00:00
cwgame,standard,,82,AWAY_LINEUP8_BAT_NAME_TX,,visitor batter 8 name,https://chadwick.sourceforge.net/doc/cwgame.html,2025-10-21T16:24:19.638412+00:00
cwgame,standard,,83,AWAY_LINEUP9_BAT_NAME_TX,,visitor batter 9 name,https://chadwick.sourceforge.net/doc/cwgame.html,2025-10-21T16:24:19.638412+00:00
cwgame,standard,,84,HOME_LINEUP1_BAT_NAME_TX,,home batter 1 name,https://chadwick.sourceforge.net/doc/cwgame.html,2025-10-21T16:24:19.638412+00:00
cwgame,standard,,85,HOME_LINEUP2_BAT_NAME_TX,,home batter 2 name,https://chadwick.sourceforge.net/doc/cwgame.html,2025-10-21T16:24:19.638412+00:00
cwgame,standard,,86,HOME_LINEUP3_BAT_NAME_TX,,home batter 3 name,https://chadwick.sourceforge.net/doc/cwgame.html,2025-10-21T16:24:19.638412+00:00
cwgame,standard,,87,HOME_LINEUP4_BAT_NAME_TX,,home batter 4 name,https://chadwick.sourceforge.net/doc/cwgame.html,2025-10-21T16:24:19.638412+00:00
cwgame,standard,,88,HOME_LINEUP5_BAT_NAME_TX,,home batter 5 name,https://chadwick.sourceforge.net/doc/cwgame.html,2025-10-21T16:24:19.638412+00:00
cwgame,standard,,89,HOME_LINEUP6_BAT_NAME_TX,,home batter 6 name,https://chadwick.sourceforge.net/doc/cwgame.html,2025-10-21T16:24:19.638412+00:00
cwgame,standard,,90,HOME_LINEUP7_BAT_NAME_TX,,home batter 7 name,https://chadwick.sourceforge.net/doc/cwgame.html,2025-10-21T16:24:19.638412+00:00
cwgame,standard,,91,HOME_LINEUP8_BAT_NAME_TX,,home batter 8 name,https://chadwick.sourceforge.net/doc/cwgame.html,2025-10-21T16:24:19.638412+00:00
cwgame,standard,,92,HOME_LINEUP9_BAT_NAME_TX,,home batter 9 name,https://chadwick.sourceforge.net/doc/cwgame.html,2025-10-21T16:24:19.638412+00:00
cwgame,standard,,93,ADD_INFO_TX,,additional information,https://chadwick.sourceforge.net/doc/cwgame.html,2025-10-21T16:24:19.638412+00:00
cwgame,standard,,94,ACQ_INFO_TX,,acquisition information,https://chadwick.sourceforge.net/doc/cwgame.html,2025-10-21T16:24:19.638412+00:00
